month,macro_stress_score,uncertainty_pressure,liquidity_disruption,unemployment_rate,fed_funds_rate,cpi_inflation,treasury_spread,recession_indicator,spy_monthly_return,spy_monthly_vol,vix_monthly_mean
1854-12-01,0.172,0.03,0.0,3.4,0.8,10.242085661080068,0.8013636363636363,1.0,-0.017788853964361362,0.10151223235490718,13.43799991607666
1855-01-01,0.172,0.03,0.0,3.4,0.8,10.242085661080068,0.8013636363636363,0.0,-0.017788853964361362,0.10151223235490718,13.43799991607666
1855-02-01,0.172,0.03,0.0,3.4,0.8,10.242085661080068,0.8013636363636363,0.0,-0.017788853964361362,0.10151223235490718,13.43799991607666
1855-03-01,0.172,0.03,0.0,3.4,0.8,10.242085661080068,0.8013636363636363,0.0,-0.017788853964361362,0.10151223235490718,13.43799991607666
1855-04-01,0.172,0.03,0.0,3.4,0.8,10.242085661080068,0.8013636363636363,0.0,-0.017788853964361362,0.10151223235490718,13.43799991607666
1855-05-01,0.172,0.03,0.0,3.4,0.8,10.242085661080068,0.8013636363636363,0.0,-0.017788853964361362,0.10151223235490718,13.43799991607666
1855-06-01,0.172,0.03,0.0,3.4,0.8,10.242085661080068,0.8013636363636363,0.0,-0.017788853964361362,0.10151223235490718,13.43799991607666
1855-07-01,0.172,0.03,0.0,3.4,0.8,10.242085661080068,0.8013636363636363,0.0,-0.017788853964361362,0.10151223235490718,13.43799991607666
1855-08-01,0.172,0.03,0.0,3.4,0.8,10.242085661080068,0.8013636363636363,0.0,-0.017788853964361362,0.10151223235490718,13.43799991607666
1855-09-01,0.172,0.03,0.0,3.4,0.8,10.242085661080068,0.8013636363636363,0.0,-0.017788853964361362,0.10151223235490718,13.43799991607666
1855-10-01,0.172,0.03,0.0,3.4,0.8,10.242085661080068,0.8013636363636363,0.0,-0.017788853964361362,0.10151223235490718,13.43799991607666
1855-11-01,0.172,0.03,0.0,3.4,0.8,10.242085661080068,0.8013636363636363,0.0,-0.017788853964361362,0.10151223235490718,13.43799991607666
1855-12-01,0.172,0.03,0.0,3.4,0.8,10.242085661080068,0.8013636363636363,0.0,-0.017788853964361362,0.10151223235490718,13.43799991607666
1856-01-01,0.172,0.03,0.0,3.4,0.8,10.242085661080068,0.8013636363636363,0.0,-0.017788853964361362,0.10151223235490718,13.43799991607666
1856-02-01,0.172,0.03,0.0,3.4,0.8,10.242085661080068,0.8013636363636363,0.0,-0.017788853964361362,0.10151223235490718,13.43799991607666
1856-03-01,0.172,0.03,0.0,3.4,0.8,10.242085661080068,0.8013636363636363,0.0,-0.017788853964361362,0.10151223235490718,13.43799991607666
1856-04-01,0.172,0.03,0.0,3.4,0.8,10.242085661080068,0.8013636363636363,0.0,-0.017788853964361362,0.10151223235490718,13.43799991607666
1856-05-01,0.172,0.03,0.0,3.4,0.8,10.242085661080068,0.8013636363636363,0.0,-0.017788853964361362,0.10151223235490718,13.43799991607666
1856-06-01,0.172,0.03,0.0,3.4,0.8,10.242085661080068,0.8013636363636363,0.0,-0.017788853964361362,0.10151223235490718,13.43799991607666
1856-07-01,0.172,0.03,0.0,3.4,0.8,10.242085661080068,0.8013636363636363,0.0,-0.017788853964361362,0.10151223235490718,13.43799991607666
1856-08-01,0.172,0.03,0.0,3.4,0.8,10.242085661080068,0.8013636363636363,0.0,-0.017788853964361362,0.10151223235490718,13.43799991607666
1856-09-01,0.172,0.03,0.0,3.4,0.8,10.242085661080068,0.8013636363636363,0.0,-0.017788853964361362,0.10151223235490718,13.43799991607666
1856-10-01,0.172,0.03,0.0,3.4,0.8,10.242085661080068,0.8013636363636363,0.0,-0.017788853964361362,0.10151223235490718,13.43799991607666
1856-11-01,0.172,0.03,0.0,3.4,0.8,10.242085661080068,0.8013636363636363,0.0,-0.017788853964361362,0.10151223235490718,13.43799991607666
1856-12-01,0.172,0.03,0.0,3.4,0.8,10.242085661080068,0.8013636363636363,0.0,-0.017788853964361362,0.10151223235490718,13.43799991607666
1857-01-01,0.172,0.03,0.0,3.4,0.8,10.242085661080068,0.8013636363636363,0.0,-0.017788853964361362,0.10151223235490718,13.43799991607666
1857-02-01,0.172,0.03,0.0,3.4,0.8,10.242085661080068,0.8013636363636363,0.0,-0.017788853964361362,0.10151223235490718,13.43799991607666
1857-03-01,0.172,0.03,0.0,3.4,0.8,10.242085661080068,0.8013636363636363,0.0,-0.017788853964361362,0.10151223235490718,13.43799991607666
1857-04-01,0.172,0.03,0.0,3.4,0.8,10.242085661080068,0.8013636363636363,0.0,-0.017788853964361362,0.10151223235490718,13.43799991607666
1857-05-01,0.172,0.03,0.0,3.4,0.8,10.242085661080068,0.8013636363636363,0.0,-0.017788853964361362,0.10151223235490718,13.43799991607666
1857-06-01,0.172,0.03,0.0,3.4,0.8,10.242085661080068,0.8013636363636363,0.0,-0.017788853964361362,0.10151223235490718,13.43799991607666
1857-07-01,0.172,0.03,0.0,3.4,0.8,10.242085661080068,0.8013636363636363,1.0,-0.017788853964361362,0.10151223235490718,13.43799991607666
1857-08-01,0.172,0.03,0.0,3.4,0.8,10.242085661080068,0.8013636363636363,1.0,-0.017788853964361362,0.10151223235490718,13.43799991607666
1857-09-01,0.172,0.03,0.0,3.4,0.8,10.242085661080068,0.8013636363636363,1.0,-0.017788853964361362,0.10151223235490718,13.43799991607666
1857-10-01,0.172,0.03,0.0,3.4,0.8,10.242085661080068,0.8013636363636363,1.0,-0.017788853964361362,0.10151223235490718,13.43799991607666
1857-11-01,0.172,0.03,0.0,3.4,0.8,10.242085661080068,0.8013636363636363,1.0,-0.017788853964361362,0.10151223235490718,13.43799991607666
1857-12-01,0.172,0.03,0.0,3.4,0.8,10.242085661080068,0.8013636363636363,1.0,-0.017788853964361362,0.10151223235490718,13.43799991607666
1858-01-01,0.172,0.03,0.0,3.4,0.8,10.242085661080068,0.8013636363636363,1.0,-0.017788853964361362,0.10151223235490718,13.43799991607666
1858-02-01,0.172,0.03,0.0,3.4,0.8,10.242085661080068,0.8013636363636363,1.0,-0.017788853964361362,0.10151223235490718,13.43799991607666
1858-03-01,0.172,0.03,0.0,3.4,0.8,10.242085661080068,0.8013636363636363,1.0,-0.017788853964361362,0.10151223235490718,13.43799991607666
1858-04-01,0.172,0.03,0.0,3.4,0.8,10.242085661080068,0.8013636363636363,1.0,-0.017788853964361362,0.10151223235490718,13.43799991607666
1858-05-01,0.172,0.03,0.0,3.4,0.8,10.242085661080068,0.8013636363636363,1.0,-0.017788853964361362,0.10151223235490718,13.43799991607666
1858-06-01,0.172,0.03,0.0,3.4,0.8,10.242085661080068,0.8013636363636363,1.0,-0.017788853964361362,0.10151223235490718,13.43799991607666
1858-07-01,0.172,0.03,0.0,3.4,0.8,10.242085661080068,0.8013636363636363,1.0,-0.017788853964361362,0.10151223235490718,13.43799991607666
1858-08-01,0.172,0.03,0.0,3.4,0.8,10.242085661080068,0.8013636363636363,1.0,-0.017788853964361362,0.10151223235490718,13.43799991607666
1858-09-01,0.172,0.03,0.0,3.4,0.8,10.242085661080068,0.8013636363636363,1.0,-0.017788853964361362,0.10151223235490718,13.43799991607666
1858-10-01,0.172,0.03,0.0,3.4,0.8,10.242085661080068,0.8013636363636363,1.0,-0.017788853964361362,0.10151223235490718,13.43799991607666
1858-11-01,0.172,0.03,0.0,3.4,0.8,10.242085661080068,0.8013636363636363,1.0,-0.017788853964361362,0.10151223235490718,13.43799991607666
1858-12-01,0.172,0.03,0.0,3.4,0.8,10.242085661080068,0.8013636363636363,1.0,-0.017788853964361362,0.10151223235490718,13.43799991607666
1859-01-01,0.172,0.03,0.0,3.4,0.8,10.242085661080068,0.8013636363636363,0.0,-0.017788853964361362,0.10151223235490718,13.43799991607666
1859-02-01,0.172,0.03,0.0,3.4,0.8,10.242085661080068,0.8013636363636363,0.0,-0.017788853964361362,0.10151223235490718,13.43799991607666
1859-03-01,0.172,0.03,0.0,3.4,0.8,10.242085661080068,0.8013636363636363,0.0,-0.017788853964361362,0.10151223235490718,13.43799991607666
1859-04-01,0.172,0.03,0.0,3.4,0.8,10.242085661080068,0.8013636363636363,0.0,-0.017788853964361362,0.10151223235490718,13.43799991607666
1859-05-01,0.172,0.03,0.0,3.4,0.8,10.242085661080068,0.8013636363636363,0.0,-0.017788853964361362,0.10151223235490718,13.43799991607666
1859-06-01,0.172,0.03,0.0,3.4,0.8,10.242085661080068,0.8013636363636363,0.0,-0.017788853964361362,0.10151223235490718,13.43799991607666
1859-07-01,0.172,0.03,0.0,3.4,0.8,10.242085661080068,0.8013636363636363,0.0,-0.017788853964361362,0.10151223235490718,13.43799991607666
1859-08-01,0.172,0.03,0.0,3.4,0.8,10.242085661080068,0.8013636363636363,0.0,-0.017788853964361362,0.10151223235490718,13.43799991607666
1859-09-01,0.172,0.03,0.0,3.4,0.8,10.242085661080068,0.8013636363636363,0.0,-0.017788853964361362,0.10151223235490718,13.43799991607666
1859-10-01,0.172,0.03,0.0,3.4,0.8,10.242085661080068,0.8013636363636363,0.0,-0.017788853964361362,0.10151223235490718,13.43799991607666
1859-11-01,0.172,0.03,0.0,3.4,0.8,10.242085661080068,0.8013636363636363,0.0,-0.017788853964361362,0.10151223235490718,13.43799991607666
1859-12-01,0.172,0.03,0.0,3.4,0.8,10.242085661080068,0.8013636363636363,0.0,-0.017788853964361362,0.10151223235490718,13.43799991607666
1860-01-01,0.172,0.03,0.0,3.4,0.8,10.242085661080068,0.8013636363636363,0.0,-0.017788853964361362,0.10151223235490718,13.43799991607666
1860-02-01,0.172,0.03,0.0,3.4,0.8,10.242085661080068,0.8013636363636363,0.0,-0.017788853964361362,0.10151223235490718,13.43799991607666
1860-03-01,0.172,0.03,0.0,3.4,0.8,10.242085661080068,0.8013636363636363,0.0,-0.017788853964361362,0.10151223235490718,13.43799991607666
1860-04-01,0.172,0.03,0.0,3.4,0.8,10.242085661080068,0.8013636363636363,0.0,-0.017788853964361362,0.10151223235490718,13.43799991607666
1860-05-01,0.172,0.03,0.0,3.4,0.8,10.242085661080068,0.8013636363636363,0.0,-0.017788853964361362,0.10151223235490718,13.43799991607666
1860-06-01,0.172,0.03,0.0,3.4,0.8,10.242085661080068,0.8013636363636363,0.0,-0.017788853964361362,0.10151223235490718,13.43799991607666
1860-07-01,0.172,0.03,0.0,3.4,0.8,10.242085661080068,0.8013636363636363,0.0,-0.017788853964361362,0.10151223235490718,13.43799991607666
1860-08-01,0.172,0.03,0.0,3.4,0.8,10.242085661080068,0.8013636363636363,0.0,-0.017788853964361362,0.10151223235490718,13.43799991607666
1860-09-01,0.172,0.03,0.0,3.4,0.8,10.242085661080068,0.8013636363636363,0.0,-0.017788853964361362,0.10151223235490718,13.43799991607666
1860-10-01,0.172,0.03,0.0,3.4,0.8,10.242085661080068,0.8013636363636363,0.0,-0.017788853964361362,0.10151223235490718,13.43799991607666
1860-11-01,0.172,0.03,0.0,3.4,0.8,10.242085661080068,0.8013636363636363,1.0,-0.017788853964361362,0.10151223235490718,13.43799991607666
1860-12-01,0.172,0.03,0.0,3.4,0.8,10.242085661080068,0.8013636363636363,1.0,-0.017788853964361362,0.10151223235490718,13.43799991607666
1861-01-01,0.172,0.03,0.0,3.4,0.8,10.242085661080068,0.8013636363636363,1.0,-0.017788853964361362,0.10151223235490718,13.43799991607666
1861-02-01,0.172,0.03,0.0,3.4,0.8,10.242085661080068,0.8013636363636363,1.0,-0.017788853964361362,0.10151223235490718,13.43799991607666
1861-03-01,0.172,0.03,0.0,3.4,0.8,10.242085661080068,0.8013636363636363,1.0,-0.017788853964361362,0.10151223235490718,13.43799991607666
1861-04-01,0.172,0.03,0.0,3.4,0.8,10.242085661080068,0.8013636363636363,1.0,-0.017788853964361362,0.10151223235490718,13.43799991607666
1861-05-01,0.172,0.03,0.0,3.4,0.8,10.242085661080068,0.8013636363636363,1.0,-0.017788853964361362,0.10151223235490718,13.43799991607666
1861-06-01,0.172,0.03,0.0,3.4,0.8,10.242085661080068,0.8013636363636363,1.0,-0.017788853964361362,0.10151223235490718,13.43799991607666
1861-07-01,0.172,0.03,0.0,3.4,0.8,10.242085661080068,0.8013636363636363,0.0,-0.017788853964361362,0.10151223235490718,13.43799991607666
1861-08-01,0.172,0.03,0.0,3.4,0.8,10.242085661080068,0.8013636363636363,0.0,-0.017788853964361362,0.10151223235490718,13.43799991607666
1861-09-01,0.172,0.03,0.0,3.4,0.8,10.242085661080068,0.8013636363636363,0.0,-0.017788853964361362,0.10151223235490718,13.43799991607666
1861-10-01,0.172,0.03,0.0,3.4,0.8,10.242085661080068,0.8013636363636363,0.0,-0.017788853964361362,0.10151223235490718,13.43799991607666
1861-11-01,0.172,0.03,0.0,3.4,0.8,10.242085661080068,0.8013636363636363,0.0,-0.017788853964361362,0.10151223235490718,13.43799991607666
1861-12-01,0.172,0.03,0.0,3.4,0.8,10.242085661080068,0.8013636363636363,0.0,-0.017788853964361362,0.10151223235490718,13.43799991607666
1862-01-01,0.172,0.03,0.0,3.4,0.8,10.242085661080068,0.8013636363636363,0.0,-0.017788853964361362,0.10151223235490718,13.43799991607666
1862-02-01,0.172,0.03,0.0,3.4,0.8,10.242085661080068,0.8013636363636363,0.0,-0.017788853964361362,0.10151223235490718,13.43799991607666
1862-03-01,0.172,0.03,0.0,3.4,0.8,10.242085661080068,0.8013636363636363,0.0,-0.017788853964361362,0.10151223235490718,13.43799991607666
1862-04-01,0.172,0.03,0.0,3.4,0.8,10.242085661080068,0.8013636363636363,0.0,-0.017788853964361362,0.10151223235490718,13.43799991607666
1862-05-01,0.172,0.03,0.0,3.4,0.8,10.242085661080068,0.8013636363636363,0.0,-0.017788853964361362,0.10151223235490718,13.43799991607666
1862-06-01,0.172,0.03,0.0,3.4,0.8,10.242085661080068,0.8013636363636363,0.0,-0.017788853964361362,0.10151223235490718,13.43799991607666
1862-07-01,0.172,0.03,0.0,3.4,0.8,10.242085661080068,0.8013636363636363,0.0,-0.017788853964361362,0.10151223235490718,13.43799991607666
1862-08-01,0.172,0.03,0.0,3.4,0.8,10.242085661080068,0.8013636363636363,0.0,-0.017788853964361362,0.10151223235490718,13.43799991607666
1862-09-01,0.172,0.03,0.0,3.4,0.8,10.242085661080068,0.8013636363636363,0.0,-0.017788853964361362,0.10151223235490718,13.43799991607666
1862-10-01,0.172,0.03,0.0,3.4,0.8,10.242085661080068,0.8013636363636363,0.0,-0.017788853964361362,0.10151223235490718,13.43799991607666
1862-11-01,0.172,0.03,0.0,3.4,0.8,10.242085661080068,0.8013636363636363,0.0,-0.017788853964361362,0.10151223235490718,13.43799991607666
1862-12-01,0.172,0.03,0.0,3.4,0.8,10.242085661080068,0.8013636363636363,0.0,-0.017788853964361362,0.10151223235490718,13.43799991607666
1863-01-01,0.172,0.03,0.0,3.4,0.8,10.242085661080068,0.8013636363636363,0.0,-0.017788853964361362,0.10151223235490718,13.43799991607666
1863-02-01,0.172,0.03,0.0,3.4,0.8,10.242085661080068,0.8013636363636363,0.0,-0.017788853964361362,0.10151223235490718,13.43799991607666
1863-03-01,0.172,0.03,0.0,3.4,0.8,10.242085661080068,0.8013636363636363,0.0,-0.017788853964361362,0.10151223235490718,13.43799991607666
1863-04-01,0.172,0.03,0.0,3.4,0.8,10.242085661080068,0.8013636363636363,0.0,-0.017788853964361362,0.10151223235490718,13.43799991607666
1863-05-01,0.172,0.03,0.0,3.4,0.8,10.242085661080068,0.8013636363636363,0.0,-0.017788853964361362,0.10151223235490718,13.43799991607666
1863-06-01,0.172,0.03,0.0,3.4,0.8,10.242085661080068,0.8013636363636363,0.0,-0.017788853964361362,0.10151223235490718,13.43799991607666
1863-07-01,0.172,0.03,0.0,3.4,0.8,10.242085661080068,0.8013636363636363,0.0,-0.017788853964361362,0.10151223235490718,13.43799991607666
1863-08-01,0.172,0.03,0.0,3.4,0.8,10.242085661080068,0.8013636363636363,0.0,-0.017788853964361362,0.10151223235490718,13.43799991607666
1863-09-01,0.172,0.03,0.0,3.4,0.8,10.242085661080068,0.8013636363636363,0.0,-0.017788853964361362,0.10151223235490718,13.43799991607666
1863-10-01,0.172,0.03,0.0,3.4,0.8,10.242085661080068,0.8013636363636363,0.0,-0.017788853964361362,0.10151223235490718,13.43799991607666
1863-11-01,0.172,0.03,0.0,3.4,0.8,10.242085661080068,0.8013636363636363,0.0,-0.017788853964361362,0.10151223235490718,13.43799991607666
1863-12-01,0.172,0.03,0.0,3.4,0.8,10.242085661080068,0.8013636363636363,0.0,-0.017788853964361362,0.10151223235490718,13.43799991607666
1864-01-01,0.172,0.03,0.0,3.4,0.8,10.242085661080068,0.8013636363636363,0.0,-0.017788853964361362,0.10151223235490718,13.43799991607666
1864-02-01,0.172,0.03,0.0,3.4,0.8,10.242085661080068,0.8013636363636363,0.0,-0.017788853964361362,0.10151223235490718,13.43799991607666
1864-03-01,0.172,0.03,0.0,3.4,0.8,10.242085661080068,0.8013636363636363,0.0,-0.017788853964361362,0.10151223235490718,13.43799991607666
1864-04-01,0.172,0.03,0.0,3.4,0.8,10.242085661080068,0.8013636363636363,0.0,-0.017788853964361362,0.10151223235490718,13.43799991607666
1864-05-01,0.172,0.03,0.0,3.4,0.8,10.242085661080068,0.8013636363636363,0.0,-0.017788853964361362,0.10151223235490718,13.43799991607666
1864-06-01,0.172,0.03,0.0,3.4,0.8,10.242085661080068,0.8013636363636363,0.0,-0.017788853964361362,0.10151223235490718,13.43799991607666
1864-07-01,0.172,0.03,0.0,3.4,0.8,10.242085661080068,0.8013636363636363,0.0,-0.017788853964361362,0.10151223235490718,13.43799991607666
1864-08-01,0.172,0.03,0.0,3.4,0.8,10.242085661080068,0.8013636363636363,0.0,-0.017788853964361362,0.10151223235490718,13.43799991607666
1864-09-01,0.172,0.03,0.0,3.4,0.8,10.242085661080068,0.8013636363636363,0.0,-0.017788853964361362,0.10151223235490718,13.43799991607666
1864-10-01,0.172,0.03,0.0,3.4,0.8,10.242085661080068,0.8013636363636363,0.0,-0.017788853964361362,0.10151223235490718,13.43799991607666
1864-11-01,0.172,0.03,0.0,3.4,0.8,10.242085661080068,0.8013636363636363,0.0,-0.017788853964361362,0.10151223235490718,13.43799991607666
1864-12-01,0.172,0.03,0.0,3.4,0.8,10.242085661080068,0.8013636363636363,0.0,-0.017788853964361362,0.10151223235490718,13.43799991607666
1865-01-01,0.172,0.03,0.0,3.4,0.8,10.242085661080068,0.8013636363636363,0.0,-0.017788853964361362,0.10151223235490718,13.43799991607666
1865-02-01,0.172,0.03,0.0,3.4,0.8,10.242085661080068,0.8013636363636363,0.0,-0.017788853964361362,0.10151223235490718,13.43799991607666
1865-03-01,0.172,0.03,0.0,3.4,0.8,10.242085661080068,0.8013636363636363,0.0,-0.017788853964361362,0.10151223235490718,13.43799991607666
1865-04-01,0.172,0.03,0.0,3.4,0.8,10.242085661080068,0.8013636363636363,0.0,-0.017788853964361362,0.10151223235490718,13.43799991607666
1865-05-01,0.172,0.03,0.0,3.4,0.8,10.242085661080068,0.8013636363636363,1.0,-0.017788853964361362,0.10151223235490718,13.43799991607666
1865-06-01,0.172,0.03,0.0,3.4,0.8,10.242085661080068,0.8013636363636363,1.0,-0.017788853964361362,0.10151223235490718,13.43799991607666
1865-07-01,0.172,0.03,0.0,3.4,0.8,10.242085661080068,0.8013636363636363,1.0,-0.017788853964361362,0.10151223235490718,13.43799991607666
1865-08-01,0.172,0.03,0.0,3.4,0.8,10.242085661080068,0.8013636363636363,1.0,-0.017788853964361362,0.10151223235490718,13.43799991607666
1865-09-01,0.172,0.03,0.0,3.4,0.8,10.242085661080068,0.8013636363636363,1.0,-0.017788853964361362,0.10151223235490718,13.43799991607666
1865-10-01,0.172,0.03,0.0,3.4,0.8,10.242085661080068,0.8013636363636363,1.0,-0.017788853964361362,0.10151223235490718,13.43799991607666
1865-11-01,0.172,0.03,0.0,3.4,0.8,10.242085661080068,0.8013636363636363,1.0,-0.017788853964361362,0.10151223235490718,13.43799991607666
1865-12-01,0.172,0.03,0.0,3.4,0.8,10.242085661080068,0.8013636363636363,1.0,-0.017788853964361362,0.10151223235490718,13.43799991607666
1866-01-01,0.172,0.03,0.0,3.4,0.8,10.242085661080068,0.8013636363636363,1.0,-0.017788853964361362,0.10151223235490718,13.43799991607666
1866-02-01,0.172,0.03,0.0,3.4,0.8,10.242085661080068,0.8013636363636363,1.0,-0.017788853964361362,0.10151223235490718,13.43799991607666
1866-03-01,0.172,0.03,0.0,3.4,0.8,10.242085661080068,0.8013636363636363,1.0,-0.017788853964361362,0.10151223235490718,13.43799991607666
1866-04-01,0.172,0.03,0.0,3.4,0.8,10.242085661080068,0.8013636363636363,1.0,-0.017788853964361362,0.10151223235490718,13.43799991607666
1866-05-01,0.172,0.03,0.0,3.4,0.8,10.242085661080068,0.8013636363636363,1.0,-0.017788853964361362,0.10151223235490718,13.43799991607666
1866-06-01,0.172,0.03,0.0,3.4,0.8,10.242085661080068,0.8013636363636363,1.0,-0.017788853964361362,0.10151223235490718,13.43799991607666
1866-07-01,0.172,0.03,0.0,3.4,0.8,10.242085661080068,0.8013636363636363,1.0,-0.017788853964361362,0.10151223235490718,13.43799991607666
1866-08-01,0.172,0.03,0.0,3.4,0.8,10.242085661080068,0.8013636363636363,1.0,-0.017788853964361362,0.10151223235490718,13.43799991607666
1866-09-01,0.172,0.03,0.0,3.4,0.8,10.242085661080068,0.8013636363636363,1.0,-0.017788853964361362,0.10151223235490718,13.43799991607666
1866-10-01,0.172,0.03,0.0,3.4,0.8,10.242085661080068,0.8013636363636363,1.0,-0.017788853964361362,0.10151223235490718,13.43799991607666
1866-11-01,0.172,0.03,0.0,3.4,0.8,10.242085661080068,0.8013636363636363,1.0,-0.017788853964361362,0.10151223235490718,13.43799991607666
1866-12-01,0.172,0.03,0.0,3.4,0.8,10.242085661080068,0.8013636363636363,1.0,-0.017788853964361362,0.10151223235490718,13.43799991607666
1867-01-01,0.172,0.03,0.0,3.4,0.8,10.242085661080068,0.8013636363636363,1.0,-0.017788853964361362,0.10151223235490718,13.43799991607666
1867-02-01,0.172,0.03,0.0,3.4,0.8,10.242085661080068,0.8013636363636363,1.0,-0.017788853964361362,0.10151223235490718,13.43799991607666
1867-03-01,0.172,0.03,0.0,3.4,0.8,10.242085661080068,0.8013636363636363,1.0,-0.017788853964361362,0.10151223235490718,13.43799991607666
1867-04-01,0.172,0.03,0.0,3.4,0.8,10.242085661080068,0.8013636363636363,1.0,-0.017788853964361362,0.10151223235490718,13.43799991607666
1867-05-01,0.172,0.03,0.0,3.4,0.8,10.242085661080068,0.8013636363636363,1.0,-0.017788853964361362,0.10151223235490718,13.43799991607666
1867-06-01,0.172,0.03,0.0,3.4,0.8,10.242085661080068,0.8013636363636363,1.0,-0.017788853964361362,0.10151223235490718,13.43799991607666
1867-07-01,0.172,0.03,0.0,3.4,0.8,10.242085661080068,0.8013636363636363,1.0,-0.017788853964361362,0.10151223235490718,13.43799991607666
1867-08-01,0.172,0.03,0.0,3.4,0.8,10.242085661080068,0.8013636363636363,1.0,-0.017788853964361362,0.10151223235490718,13.43799991607666
1867-09-01,0.172,0.03,0.0,3.4,0.8,10.242085661080068,0.8013636363636363,1.0,-0.017788853964361362,0.10151223235490718,13.43799991607666
1867-10-01,0.172,0.03,0.0,3.4,0.8,10.242085661080068,0.8013636363636363,1.0,-0.017788853964361362,0.10151223235490718,13.43799991607666
1867-11-01,0.172,0.03,0.0,3.4,0.8,10.242085661080068,0.8013636363636363,1.0,-0.017788853964361362,0.10151223235490718,13.43799991607666
1867-12-01,0.172,0.03,0.0,3.4,0.8,10.242085661080068,0.8013636363636363,1.0,-0.017788853964361362,0.10151223235490718,13.43799991607666
1868-01-01,0.172,0.03,0.0,3.4,0.8,10.242085661080068,0.8013636363636363,0.0,-0.017788853964361362,0.10151223235490718,13.43799991607666
1868-02-01,0.172,0.03,0.0,3.4,0.8,10.242085661080068,0.8013636363636363,0.0,-0.017788853964361362,0.10151223235490718,13.43799991607666
1868-03-01,0.172,0.03,0.0,3.4,0.8,10.242085661080068,0.8013636363636363,0.0,-0.017788853964361362,0.10151223235490718,13.43799991607666
1868-04-01,0.172,0.03,0.0,3.4,0.8,10.242085661080068,0.8013636363636363,0.0,-0.017788853964361362,0.10151223235490718,13.43799991607666
1868-05-01,0.172,0.03,0.0,3.4,0.8,10.242085661080068,0.8013636363636363,0.0,-0.017788853964361362,0.10151223235490718,13.43799991607666
1868-06-01,0.172,0.03,0.0,3.4,0.8,10.242085661080068,0.8013636363636363,0.0,-0.017788853964361362,0.10151223235490718,13.43799991607666
1868-07-01,0.172,0.03,0.0,3.4,0.8,10.242085661080068,0.8013636363636363,0.0,-0.017788853964361362,0.10151223235490718,13.43799991607666
1868-08-01,0.172,0.03,0.0,3.4,0.8,10.242085661080068,0.8013636363636363,0.0,-0.017788853964361362,0.10151223235490718,13.43799991607666
1868-09-01,0.172,0.03,0.0,3.4,0.8,10.242085661080068,0.8013636363636363,0.0,-0.017788853964361362,0.10151223235490718,13.43799991607666
1868-10-01,0.172,0.03,0.0,3.4,0.8,10.242085661080068,0.8013636363636363,0.0,-0.017788853964361362,0.10151223235490718,13.43799991607666
1868-11-01,0.172,0.03,0.0,3.4,0.8,10.242085661080068,0.8013636363636363,0.0,-0.017788853964361362,0.10151223235490718,13.43799991607666
1868-12-01,0.172,0.03,0.0,3.4,0.8,10.242085661080068,0.8013636363636363,0.0,-0.017788853964361362,0.10151223235490718,13.43799991607666
1869-01-01,0.172,0.03,0.0,3.4,0.8,10.242085661080068,0.8013636363636363,0.0,-0.017788853964361362,0.10151223235490718,13.43799991607666
1869-02-01,0.172,0.03,0.0,3.4,0.8,10.242085661080068,0.8013636363636363,0.0,-0.017788853964361362,0.10151223235490718,13.43799991607666
1869-03-01,0.172,0.03,0.0,3.4,0.8,10.242085661080068,0.8013636363636363,0.0,-0.017788853964361362,0.10151223235490718,13.43799991607666
1869-04-01,0.172,0.03,0.0,3.4,0.8,10.242085661080068,0.8013636363636363,0.0,-0.017788853964361362,0.10151223235490718,13.43799991607666
1869-05-01,0.172,0.03,0.0,3.4,0.8,10.242085661080068,0.8013636363636363,0.0,-0.017788853964361362,0.10151223235490718,13.43799991607666
1869-06-01,0.172,0.03,0.0,3.4,0.8,10.242085661080068,0.8013636363636363,0.0,-0.017788853964361362,0.10151223235490718,13.43799991607666
1869-07-01,0.172,0.03,0.0,3.4,0.8,10.242085661080068,0.8013636363636363,1.0,-0.017788853964361362,0.10151223235490718,13.43799991607666
1869-08-01,0.172,0.03,0.0,3.4,0.8,10.242085661080068,0.8013636363636363,1.0,-0.017788853964361362,0.10151223235490718,13.43799991607666
1869-09-01,0.172,0.03,0.0,3.4,0.8,10.242085661080068,0.8013636363636363,1.0,-0.017788853964361362,0.10151223235490718,13.43799991607666
1869-10-01,0.172,0.03,0.0,3.4,0.8,10.242085661080068,0.8013636363636363,1.0,-0.017788853964361362,0.10151223235490718,13.43799991607666
1869-11-01,0.172,0.03,0.0,3.4,0.8,10.242085661080068,0.8013636363636363,1.0,-0.017788853964361362,0.10151223235490718,13.43799991607666
1869-12-01,0.172,0.03,0.0,3.4,0.8,10.242085661080068,0.8013636363636363,1.0,-0.017788853964361362,0.10151223235490718,13.43799991607666
1870-01-01,0.172,0.03,0.0,3.4,0.8,10.242085661080068,0.8013636363636363,1.0,-0.017788853964361362,0.10151223235490718,13.43799991607666
1870-02-01,0.172,0.03,0.0,3.4,0.8,10.242085661080068,0.8013636363636363,1.0,-0.017788853964361362,0.10151223235490718,13.43799991607666
1870-03-01,0.172,0.03,0.0,3.4,0.8,10.242085661080068,0.8013636363636363,1.0,-0.017788853964361362,0.10151223235490718,13.43799991607666
1870-04-01,0.172,0.03,0.0,3.4,0.8,10.242085661080068,0.8013636363636363,1.0,-0.017788853964361362,0.10151223235490718,13.43799991607666
1870-05-01,0.172,0.03,0.0,3.4,0.8,10.242085661080068,0.8013636363636363,1.0,-0.017788853964361362,0.10151223235490718,13.43799991607666
1870-06-01,0.172,0.03,0.0,3.4,0.8,10.242085661080068,0.8013636363636363,1.0,-0.017788853964361362,0.10151223235490718,13.43799991607666
1870-07-01,0.172,0.03,0.0,3.4,0.8,10.242085661080068,0.8013636363636363,1.0,-0.017788853964361362,0.10151223235490718,13.43799991607666
1870-08-01,0.172,0.03,0.0,3.4,0.8,10.242085661080068,0.8013636363636363,1.0,-0.017788853964361362,0.10151223235490718,13.43799991607666
1870-09-01,0.172,0.03,0.0,3.4,0.8,10.242085661080068,0.8013636363636363,1.0,-0.017788853964361362,0.10151223235490718,13.43799991607666
1870-10-01,0.172,0.03,0.0,3.4,0.8,10.242085661080068,0.8013636363636363,1.0,-0.017788853964361362,0.10151223235490718,13.43799991607666
1870-11-01,0.172,0.03,0.0,3.4,0.8,10.242085661080068,0.8013636363636363,1.0,-0.017788853964361362,0.10151223235490718,13.43799991607666
1870-12-01,0.172,0.03,0.0,3.4,0.8,10.242085661080068,0.8013636363636363,1.0,-0.017788853964361362,0.10151223235490718,13.43799991607666
1871-01-01,0.172,0.03,0.0,3.4,0.8,10.242085661080068,0.8013636363636363,0.0,-0.017788853964361362,0.10151223235490718,13.43799991607666
1871-02-01,0.172,0.03,0.0,3.4,0.8,10.242085661080068,0.8013636363636363,0.0,-0.017788853964361362,0.10151223235490718,13.43799991607666
1871-03-01,0.172,0.03,0.0,3.4,0.8,10.242085661080068,0.8013636363636363,0.0,-0.017788853964361362,0.10151223235490718,13.43799991607666
1871-04-01,0.172,0.03,0.0,3.4,0.8,10.242085661080068,0.8013636363636363,0.0,-0.017788853964361362,0.10151223235490718,13.43799991607666
1871-05-01,0.172,0.03,0.0,3.4,0.8,10.242085661080068,0.8013636363636363,0.0,-0.017788853964361362,0.10151223235490718,13.43799991607666
1871-06-01,0.172,0.03,0.0,3.4,0.8,10.242085661080068,0.8013636363636363,0.0,-0.017788853964361362,0.10151223235490718,13.43799991607666
1871-07-01,0.172,0.03,0.0,3.4,0.8,10.242085661080068,0.8013636363636363,0.0,-0.017788853964361362,0.10151223235490718,13.43799991607666
1871-08-01,0.172,0.03,0.0,3.4,0.8,10.242085661080068,0.8013636363636363,0.0,-0.017788853964361362,0.10151223235490718,13.43799991607666
1871-09-01,0.172,0.03,0.0,3.4,0.8,10.242085661080068,0.8013636363636363,0.0,-0.017788853964361362,0.10151223235490718,13.43799991607666
1871-10-01,0.172,0.03,0.0,3.4,0.8,10.242085661080068,0.8013636363636363,0.0,-0.017788853964361362,0.10151223235490718,13.43799991607666
1871-11-01,0.172,0.03,0.0,3.4,0.8,10.242085661080068,0.8013636363636363,0.0,-0.017788853964361362,0.10151223235490718,13.43799991607666
1871-12-01,0.172,0.03,0.0,3.4,0.8,10.242085661080068,0.8013636363636363,0.0,-0.017788853964361362,0.10151223235490718,13.43799991607666
1872-01-01,0.172,0.03,0.0,3.4,0.8,10.242085661080068,0.8013636363636363,0.0,-0.017788853964361362,0.10151223235490718,13.43799991607666
1872-02-01,0.172,0.03,0.0,3.4,0.8,10.242085661080068,0.8013636363636363,0.0,-0.017788853964361362,0.10151223235490718,13.43799991607666
1872-03-01,0.172,0.03,0.0,3.4,0.8,10.242085661080068,0.8013636363636363,0.0,-0.017788853964361362,0.10151223235490718,13.43799991607666
1872-04-01,0.172,0.03,0.0,3.4,0.8,10.242085661080068,0.8013636363636363,0.0,-0.017788853964361362,0.10151223235490718,13.43799991607666
1872-05-01,0.172,0.03,0.0,3.4,0.8,10.242085661080068,0.8013636363636363,0.0,-0.017788853964361362,0.10151223235490718,13.43799991607666
1872-06-01,0.172,0.03,0.0,3.4,0.8,10.242085661080068,0.8013636363636363,0.0,-0.017788853964361362,0.10151223235490718,13.43799991607666
1872-07-01,0.172,0.03,0.0,3.4,0.8,10.242085661080068,0.8013636363636363,0.0,-0.017788853964361362,0.10151223235490718,13.43799991607666
1872-08-01,0.172,0.03,0.0,3.4,0.8,10.242085661080068,0.8013636363636363,0.0,-0.017788853964361362,0.10151223235490718,13.43799991607666
1872-09-01,0.172,0.03,0.0,3.4,0.8,10.242085661080068,0.8013636363636363,0.0,-0.017788853964361362,0.10151223235490718,13.43799991607666
1872-10-01,0.172,0.03,0.0,3.4,0.8,10.242085661080068,0.8013636363636363,0.0,-0.017788853964361362,0.10151223235490718,13.43799991607666
1872-11-01,0.172,0.03,0.0,3.4,0.8,10.242085661080068,0.8013636363636363,0.0,-0.017788853964361362,0.10151223235490718,13.43799991607666
1872-12-01,0.172,0.03,0.0,3.4,0.8,10.242085661080068,0.8013636363636363,0.0,-0.017788853964361362,0.10151223235490718,13.43799991607666
1873-01-01,0.172,0.03,0.0,3.4,0.8,10.242085661080068,0.8013636363636363,0.0,-0.017788853964361362,0.10151223235490718,13.43799991607666
1873-02-01,0.172,0.03,0.0,3.4,0.8,10.242085661080068,0.8013636363636363,0.0,-0.017788853964361362,0.10151223235490718,13.43799991607666
1873-03-01,0.172,0.03,0.0,3.4,0.8,10.242085661080068,0.8013636363636363,0.0,-0.017788853964361362,0.10151223235490718,13.43799991607666
1873-04-01,0.172,0.03,0.0,3.4,0.8,10.242085661080068,0.8013636363636363,0.0,-0.017788853964361362,0.10151223235490718,13.43799991607666
1873-05-01,0.172,0.03,0.0,3.4,0.8,10.242085661080068,0.8013636363636363,0.0,-0.017788853964361362,0.10151223235490718,13.43799991607666
1873-06-01,0.172,0.03,0.0,3.4,0.8,10.242085661080068,0.8013636363636363,0.0,-0.017788853964361362,0.10151223235490718,13.43799991607666
1873-07-01,0.172,0.03,0.0,3.4,0.8,10.242085661080068,0.8013636363636363,0.0,-0.017788853964361362,0.10151223235490718,13.43799991607666
1873-08-01,0.172,0.03,0.0,3.4,0.8,10.242085661080068,0.8013636363636363,0.0,-0.017788853964361362,0.10151223235490718,13.43799991607666
1873-09-01,0.172,0.03,0.0,3.4,0.8,10.242085661080068,0.8013636363636363,0.0,-0.017788853964361362,0.10151223235490718,13.43799991607666
1873-10-01,0.172,0.03,0.0,3.4,0.8,10.242085661080068,0.8013636363636363,0.0,-0.017788853964361362,0.10151223235490718,13.43799991607666
1873-11-01,0.172,0.03,0.0,3.4,0.8,10.242085661080068,0.8013636363636363,1.0,-0.017788853964361362,0.10151223235490718,13.43799991607666
1873-12-01,0.172,0.03,0.0,3.4,0.8,10.242085661080068,0.8013636363636363,1.0,-0.017788853964361362,0.10151223235490718,13.43799991607666
1874-01-01,0.172,0.03,0.0,3.4,0.8,10.242085661080068,0.8013636363636363,1.0,-0.017788853964361362,0.10151223235490718,13.43799991607666
1874-02-01,0.172,0.03,0.0,3.4,0.8,10.242085661080068,0.8013636363636363,1.0,-0.017788853964361362,0.10151223235490718,13.43799991607666
1874-03-01,0.172,0.03,0.0,3.4,0.8,10.242085661080068,0.8013636363636363,1.0,-0.017788853964361362,0.10151223235490718,13.43799991607666
1874-04-01,0.172,0.03,0.0,3.4,0.8,10.242085661080068,0.8013636363636363,1.0,-0.017788853964361362,0.10151223235490718,13.43799991607666
1874-05-01,0.172,0.03,0.0,3.4,0.8,10.242085661080068,0.8013636363636363,1.0,-0.017788853964361362,0.10151223235490718,13.43799991607666
1874-06-01,0.172,0.03,0.0,3.4,0.8,10.242085661080068,0.8013636363636363,1.0,-0.017788853964361362,0.10151223235490718,13.43799991607666
1874-07-01,0.172,0.03,0.0,3.4,0.8,10.242085661080068,0.8013636363636363,1.0,-0.017788853964361362,0.10151223235490718,13.43799991607666
1874-08-01,0.172,0.03,0.0,3.4,0.8,10.242085661080068,0.8013636363636363,1.0,-0.017788853964361362,0.10151223235490718,13.43799991607666
1874-09-01,0.172,0.03,0.0,3.4,0.8,10.242085661080068,0.8013636363636363,1.0,-0.017788853964361362,0.10151223235490718,13.43799991607666
1874-10-01,0.172,0.03,0.0,3.4,0.8,10.242085661080068,0.8013636363636363,1.0,-0.017788853964361362,0.10151223235490718,13.43799991607666
1874-11-01,0.172,0.03,0.0,3.4,0.8,10.242085661080068,0.8013636363636363,1.0,-0.017788853964361362,0.10151223235490718,13.43799991607666
1874-12-01,0.172,0.03,0.0,3.4,0.8,10.242085661080068,0.8013636363636363,1.0,-0.017788853964361362,0.10151223235490718,13.43799991607666
1875-01-01,0.172,0.03,0.0,3.4,0.8,10.242085661080068,0.8013636363636363,1.0,-0.017788853964361362,0.10151223235490718,13.43799991607666
1875-02-01,0.172,0.03,0.0,3.4,0.8,10.242085661080068,0.8013636363636363,1.0,-0.017788853964361362,0.10151223235490718,13.43799991607666
1875-03-01,0.172,0.03,0.0,3.4,0.8,10.242085661080068,0.8013636363636363,1.0,-0.017788853964361362,0.10151223235490718,13.43799991607666
1875-04-01,0.172,0.03,0.0,3.4,0.8,10.242085661080068,0.8013636363636363,1.0,-0.017788853964361362,0.10151223235490718,13.43799991607666
1875-05-01,0.172,0.03,0.0,3.4,0.8,10.242085661080068,0.8013636363636363,1.0,-0.017788853964361362,0.10151223235490718,13.43799991607666
1875-06-01,0.172,0.03,0.0,3.4,0.8,10.242085661080068,0.8013636363636363,1.0,-0.017788853964361362,0.10151223235490718,13.43799991607666
1875-07-01,0.172,0.03,0.0,3.4,0.8,10.242085661080068,0.8013636363636363,1.0,-0.017788853964361362,0.10151223235490718,13.43799991607666
1875-08-01,0.172,0.03,0.0,3.4,0.8,10.242085661080068,0.8013636363636363,1.0,-0.017788853964361362,0.10151223235490718,13.43799991607666
1875-09-01,0.172,0.03,0.0,3.4,0.8,10.242085661080068,0.8013636363636363,1.0,-0.017788853964361362,0.10151223235490718,13.43799991607666
1875-10-01,0.172,0.03,0.0,3.4,0.8,10.242085661080068,0.8013636363636363,1.0,-0.017788853964361362,0.10151223235490718,13.43799991607666
1875-11-01,0.172,0.03,0.0,3.4,0.8,10.242085661080068,0.8013636363636363,1.0,-0.017788853964361362,0.10151223235490718,13.43799991607666
1875-12-01,0.172,0.03,0.0,3.4,0.8,10.242085661080068,0.8013636363636363,1.0,-0.017788853964361362,0.10151223235490718,13.43799991607666
1876-01-01,0.172,0.03,0.0,3.4,0.8,10.242085661080068,0.8013636363636363,1.0,-0.017788853964361362,0.10151223235490718,13.43799991607666
1876-02-01,0.172,0.03,0.0,3.4,0.8,10.242085661080068,0.8013636363636363,1.0,-0.017788853964361362,0.10151223235490718,13.43799991607666
1876-03-01,0.172,0.03,0.0,3.4,0.8,10.242085661080068,0.8013636363636363,1.0,-0.017788853964361362,0.10151223235490718,13.43799991607666
1876-04-01,0.172,0.03,0.0,3.4,0.8,10.242085661080068,0.8013636363636363,1.0,-0.017788853964361362,0.10151223235490718,13.43799991607666
1876-05-01,0.172,0.03,0.0,3.4,0.8,10.242085661080068,0.8013636363636363,1.0,-0.017788853964361362,0.10151223235490718,13.43799991607666
1876-06-01,0.172,0.03,0.0,3.4,0.8,10.242085661080068,0.8013636363636363,1.0,-0.017788853964361362,0.10151223235490718,13.43799991607666
1876-07-01,0.172,0.03,0.0,3.4,0.8,10.242085661080068,0.8013636363636363,1.0,-0.017788853964361362,0.10151223235490718,13.43799991607666
1876-08-01,0.172,0.03,0.0,3.4,0.8,10.242085661080068,0.8013636363636363,1.0,-0.017788853964361362,0.10151223235490718,13.43799991607666
1876-09-01,0.172,0.03,0.0,3.4,0.8,10.242085661080068,0.8013636363636363,1.0,-0.017788853964361362,0.10151223235490718,13.43799991607666
1876-10-01,0.172,0.03,0.0,3.4,0.8,10.242085661080068,0.8013636363636363,1.0,-0.017788853964361362,0.10151223235490718,13.43799991607666
1876-11-01,0.172,0.03,0.0,3.4,0.8,10.242085661080068,0.8013636363636363,1.0,-0.017788853964361362,0.10151223235490718,13.43799991607666
1876-12-01,0.172,0.03,0.0,3.4,0.8,10.242085661080068,0.8013636363636363,1.0,-0.017788853964361362,0.10151223235490718,13.43799991607666
1877-01-01,0.172,0.03,0.0,3.4,0.8,10.242085661080068,0.8013636363636363,1.0,-0.017788853964361362,0.10151223235490718,13.43799991607666
1877-02-01,0.172,0.03,0.0,3.4,0.8,10.242085661080068,0.8013636363636363,1.0,-0.017788853964361362,0.10151223235490718,13.43799991607666
1877-03-01,0.172,0.03,0.0,3.4,0.8,10.242085661080068,0.8013636363636363,1.0,-0.017788853964361362,0.10151223235490718,13.43799991607666
1877-04-01,0.172,0.03,0.0,3.4,0.8,10.242085661080068,0.8013636363636363,1.0,-0.017788853964361362,0.10151223235490718,13.43799991607666
1877-05-01,0.172,0.03,0.0,3.4,0.8,10.242085661080068,0.8013636363636363,1.0,-0.017788853964361362,0.10151223235490718,13.43799991607666
1877-06-01,0.172,0.03,0.0,3.4,0.8,10.242085661080068,0.8013636363636363,1.0,-0.017788853964361362,0.10151223235490718,13.43799991607666
1877-07-01,0.172,0.03,0.0,3.4,0.8,10.242085661080068,0.8013636363636363,1.0,-0.017788853964361362,0.10151223235490718,13.43799991607666
1877-08-01,0.172,0.03,0.0,3.4,0.8,10.242085661080068,0.8013636363636363,1.0,-0.017788853964361362,0.10151223235490718,13.43799991607666
1877-09-01,0.172,0.03,0.0,3.4,0.8,10.242085661080068,0.8013636363636363,1.0,-0.017788853964361362,0.10151223235490718,13.43799991607666
1877-10-01,0.172,0.03,0.0,3.4,0.8,10.242085661080068,0.8013636363636363,1.0,-0.017788853964361362,0.10151223235490718,13.43799991607666
1877-11-01,0.172,0.03,0.0,3.4,0.8,10.242085661080068,0.8013636363636363,1.0,-0.017788853964361362,0.10151223235490718,13.43799991607666
1877-12-01,0.172,0.03,0.0,3.4,0.8,10.242085661080068,0.8013636363636363,1.0,-0.017788853964361362,0.10151223235490718,13.43799991607666
1878-01-01,0.172,0.03,0.0,3.4,0.8,10.242085661080068,0.8013636363636363,1.0,-0.017788853964361362,0.10151223235490718,13.43799991607666
1878-02-01,0.172,0.03,0.0,3.4,0.8,10.242085661080068,0.8013636363636363,1.0,-0.017788853964361362,0.10151223235490718,13.43799991607666
1878-03-01,0.172,0.03,0.0,3.4,0.8,10.242085661080068,0.8013636363636363,1.0,-0.017788853964361362,0.10151223235490718,13.43799991607666
1878-04-01,0.172,0.03,0.0,3.4,0.8,10.242085661080068,0.8013636363636363,1.0,-0.017788853964361362,0.10151223235490718,13.43799991607666
1878-05-01,0.172,0.03,0.0,3.4,0.8,10.242085661080068,0.8013636363636363,1.0,-0.017788853964361362,0.10151223235490718,13.43799991607666
1878-06-01,0.172,0.03,0.0,3.4,0.8,10.242085661080068,0.8013636363636363,1.0,-0.017788853964361362,0.10151223235490718,13.43799991607666
1878-07-01,0.172,0.03,0.0,3.4,0.8,10.242085661080068,0.8013636363636363,1.0,-0.017788853964361362,0.10151223235490718,13.43799991607666
1878-08-01,0.172,0.03,0.0,3.4,0.8,10.242085661080068,0.8013636363636363,1.0,-0.017788853964361362,0.10151223235490718,13.43799991607666
1878-09-01,0.172,0.03,0.0,3.4,0.8,10.242085661080068,0.8013636363636363,1.0,-0.017788853964361362,0.10151223235490718,13.43799991607666
1878-10-01,0.172,0.03,0.0,3.4,0.8,10.242085661080068,0.8013636363636363,1.0,-0.017788853964361362,0.10151223235490718,13.43799991607666
1878-11-01,0.172,0.03,0.0,3.4,0.8,10.242085661080068,0.8013636363636363,1.0,-0.017788853964361362,0.10151223235490718,13.43799991607666
1878-12-01,0.172,0.03,0.0,3.4,0.8,10.242085661080068,0.8013636363636363,1.0,-0.017788853964361362,0.10151223235490718,13.43799991607666
1879-01-01,0.172,0.03,0.0,3.4,0.8,10.242085661080068,0.8013636363636363,1.0,-0.017788853964361362,0.10151223235490718,13.43799991607666
1879-02-01,0.172,0.03,0.0,3.4,0.8,10.242085661080068,0.8013636363636363,1.0,-0.017788853964361362,0.10151223235490718,13.43799991607666
1879-03-01,0.172,0.03,0.0,3.4,0.8,10.242085661080068,0.8013636363636363,1.0,-0.017788853964361362,0.10151223235490718,13.43799991607666
1879-04-01,0.172,0.03,0.0,3.4,0.8,10.242085661080068,0.8013636363636363,0.0,-0.017788853964361362,0.10151223235490718,13.43799991607666
1879-05-01,0.172,0.03,0.0,3.4,0.8,10.242085661080068,0.8013636363636363,0.0,-0.017788853964361362,0.10151223235490718,13.43799991607666
1879-06-01,0.172,0.03,0.0,3.4,0.8,10.242085661080068,0.8013636363636363,0.0,-0.017788853964361362,0.10151223235490718,13.43799991607666
1879-07-01,0.172,0.03,0.0,3.4,0.8,10.242085661080068,0.8013636363636363,0.0,-0.017788853964361362,0.10151223235490718,13.43799991607666
1879-08-01,0.172,0.03,0.0,3.4,0.8,10.242085661080068,0.8013636363636363,0.0,-0.017788853964361362,0.10151223235490718,13.43799991607666
1879-09-01,0.172,0.03,0.0,3.4,0.8,10.242085661080068,0.8013636363636363,0.0,-0.017788853964361362,0.10151223235490718,13.43799991607666
1879-10-01,0.172,0.03,0.0,3.4,0.8,10.242085661080068,0.8013636363636363,0.0,-0.017788853964361362,0.10151223235490718,13.43799991607666
1879-11-01,0.172,0.03,0.0,3.4,0.8,10.242085661080068,0.8013636363636363,0.0,-0.017788853964361362,0.10151223235490718,13.43799991607666
1879-12-01,0.172,0.03,0.0,3.4,0.8,10.242085661080068,0.8013636363636363,0.0,-0.017788853964361362,0.10151223235490718,13.43799991607666
1880-01-01,0.172,0.03,0.0,3.4,0.8,10.242085661080068,0.8013636363636363,0.0,-0.017788853964361362,0.10151223235490718,13.43799991607666
1880-02-01,0.172,0.03,0.0,3.4,0.8,10.242085661080068,0.8013636363636363,0.0,-0.017788853964361362,0.10151223235490718,13.43799991607666
1880-03-01,0.172,0.03,0.0,3.4,0.8,10.242085661080068,0.8013636363636363,0.0,-0.017788853964361362,0.10151223235490718,13.43799991607666
1880-04-01,0.172,0.03,0.0,3.4,0.8,10.242085661080068,0.8013636363636363,0.0,-0.017788853964361362,0.10151223235490718,13.43799991607666
1880-05-01,0.172,0.03,0.0,3.4,0.8,10.242085661080068,0.8013636363636363,0.0,-0.017788853964361362,0.10151223235490718,13.43799991607666
1880-06-01,0.172,0.03,0.0,3.4,0.8,10.242085661080068,0.8013636363636363,0.0,-0.017788853964361362,0.10151223235490718,13.43799991607666
1880-07-01,0.172,0.03,0.0,3.4,0.8,10.242085661080068,0.8013636363636363,0.0,-0.017788853964361362,0.10151223235490718,13.43799991607666
1880-08-01,0.172,0.03,0.0,3.4,0.8,10.242085661080068,0.8013636363636363,0.0,-0.017788853964361362,0.10151223235490718,13.43799991607666
1880-09-01,0.172,0.03,0.0,3.4,0.8,10.242085661080068,0.8013636363636363,0.0,-0.017788853964361362,0.10151223235490718,13.43799991607666
1880-10-01,0.172,0.03,0.0,3.4,0.8,10.242085661080068,0.8013636363636363,0.0,-0.017788853964361362,0.10151223235490718,13.43799991607666
1880-11-01,0.172,0.03,0.0,3.4,0.8,10.242085661080068,0.8013636363636363,0.0,-0.017788853964361362,0.10151223235490718,13.43799991607666
1880-12-01,0.172,0.03,0.0,3.4,0.8,10.242085661080068,0.8013636363636363,0.0,-0.017788853964361362,0.10151223235490718,13.43799991607666
1881-01-01,0.172,0.03,0.0,3.4,0.8,10.242085661080068,0.8013636363636363,0.0,-0.017788853964361362,0.10151223235490718,13.43799991607666
1881-02-01,0.172,0.03,0.0,3.4,0.8,10.242085661080068,0.8013636363636363,0.0,-0.017788853964361362,0.10151223235490718,13.43799991607666
1881-03-01,0.172,0.03,0.0,3.4,0.8,10.242085661080068,0.8013636363636363,0.0,-0.017788853964361362,0.10151223235490718,13.43799991607666
1881-04-01,0.172,0.03,0.0,3.4,0.8,10.242085661080068,0.8013636363636363,0.0,-0.017788853964361362,0.10151223235490718,13.43799991607666
1881-05-01,0.172,0.03,0.0,3.4,0.8,10.242085661080068,0.8013636363636363,0.0,-0.017788853964361362,0.10151223235490718,13.43799991607666
1881-06-01,0.172,0.03,0.0,3.4,0.8,10.242085661080068,0.8013636363636363,0.0,-0.017788853964361362,0.10151223235490718,13.43799991607666
1881-07-01,0.172,0.03,0.0,3.4,0.8,10.242085661080068,0.8013636363636363,0.0,-0.017788853964361362,0.10151223235490718,13.43799991607666
1881-08-01,0.172,0.03,0.0,3.4,0.8,10.242085661080068,0.8013636363636363,0.0,-0.017788853964361362,0.10151223235490718,13.43799991607666
1881-09-01,0.172,0.03,0.0,3.4,0.8,10.242085661080068,0.8013636363636363,0.0,-0.017788853964361362,0.10151223235490718,13.43799991607666
1881-10-01,0.172,0.03,0.0,3.4,0.8,10.242085661080068,0.8013636363636363,0.0,-0.017788853964361362,0.10151223235490718,13.43799991607666
1881-11-01,0.172,0.03,0.0,3.4,0.8,10.242085661080068,0.8013636363636363,0.0,-0.017788853964361362,0.10151223235490718,13.43799991607666
1881-12-01,0.172,0.03,0.0,3.4,0.8,10.242085661080068,0.8013636363636363,0.0,-0.017788853964361362,0.10151223235490718,13.43799991607666
1882-01-01,0.172,0.03,0.0,3.4,0.8,10.242085661080068,0.8013636363636363,0.0,-0.017788853964361362,0.10151223235490718,13.43799991607666
1882-02-01,0.172,0.03,0.0,3.4,0.8,10.242085661080068,0.8013636363636363,0.0,-0.017788853964361362,0.10151223235490718,13.43799991607666
1882-03-01,0.172,0.03,0.0,3.4,0.8,10.242085661080068,0.8013636363636363,0.0,-0.017788853964361362,0.10151223235490718,13.43799991607666
1882-04-01,0.172,0.03,0.0,3.4,0.8,10.242085661080068,0.8013636363636363,1.0,-0.017788853964361362,0.10151223235490718,13.43799991607666
1882-05-01,0.172,0.03,0.0,3.4,0.8,10.242085661080068,0.8013636363636363,1.0,-0.017788853964361362,0.10151223235490718,13.43799991607666
1882-06-01,0.172,0.03,0.0,3.4,0.8,10.242085661080068,0.8013636363636363,1.0,-0.017788853964361362,0.10151223235490718,13.43799991607666
1882-07-01,0.172,0.03,0.0,3.4,0.8,10.242085661080068,0.8013636363636363,1.0,-0.017788853964361362,0.10151223235490718,13.43799991607666
1882-08-01,0.172,0.03,0.0,3.4,0.8,10.242085661080068,0.8013636363636363,1.0,-0.017788853964361362,0.10151223235490718,13.43799991607666
1882-09-01,0.172,0.03,0.0,3.4,0.8,10.242085661080068,0.8013636363636363,1.0,-0.017788853964361362,0.10151223235490718,13.43799991607666
1882-10-01,0.172,0.03,0.0,3.4,0.8,10.242085661080068,0.8013636363636363,1.0,-0.017788853964361362,0.10151223235490718,13.43799991607666
1882-11-01,0.172,0.03,0.0,3.4,0.8,10.242085661080068,0.8013636363636363,1.0,-0.017788853964361362,0.10151223235490718,13.43799991607666
1882-12-01,0.172,0.03,0.0,3.4,0.8,10.242085661080068,0.8013636363636363,1.0,-0.017788853964361362,0.10151223235490718,13.43799991607666
1883-01-01,0.172,0.03,0.0,3.4,0.8,10.242085661080068,0.8013636363636363,1.0,-0.017788853964361362,0.10151223235490718,13.43799991607666
1883-02-01,0.172,0.03,0.0,3.4,0.8,10.242085661080068,0.8013636363636363,1.0,-0.017788853964361362,0.10151223235490718,13.43799991607666
1883-03-01,0.172,0.03,0.0,3.4,0.8,10.242085661080068,0.8013636363636363,1.0,-0.017788853964361362,0.10151223235490718,13.43799991607666
1883-04-01,0.172,0.03,0.0,3.4,0.8,10.242085661080068,0.8013636363636363,1.0,-0.017788853964361362,0.10151223235490718,13.43799991607666
1883-05-01,0.172,0.03,0.0,3.4,0.8,10.242085661080068,0.8013636363636363,1.0,-0.017788853964361362,0.10151223235490718,13.43799991607666
1883-06-01,0.172,0.03,0.0,3.4,0.8,10.242085661080068,0.8013636363636363,1.0,-0.017788853964361362,0.10151223235490718,13.43799991607666
1883-07-01,0.172,0.03,0.0,3.4,0.8,10.242085661080068,0.8013636363636363,1.0,-0.017788853964361362,0.10151223235490718,13.43799991607666
1883-08-01,0.172,0.03,0.0,3.4,0.8,10.242085661080068,0.8013636363636363,1.0,-0.017788853964361362,0.10151223235490718,13.43799991607666
1883-09-01,0.172,0.03,0.0,3.4,0.8,10.242085661080068,0.8013636363636363,1.0,-0.017788853964361362,0.10151223235490718,13.43799991607666
1883-10-01,0.172,0.03,0.0,3.4,0.8,10.242085661080068,0.8013636363636363,1.0,-0.017788853964361362,0.10151223235490718,13.43799991607666
1883-11-01,0.172,0.03,0.0,3.4,0.8,10.242085661080068,0.8013636363636363,1.0,-0.017788853964361362,0.10151223235490718,13.43799991607666
1883-12-01,0.172,0.03,0.0,3.4,0.8,10.242085661080068,0.8013636363636363,1.0,-0.017788853964361362,0.10151223235490718,13.43799991607666
1884-01-01,0.172,0.03,0.0,3.4,0.8,10.242085661080068,0.8013636363636363,1.0,-0.017788853964361362,0.10151223235490718,13.43799991607666
1884-02-01,0.172,0.03,0.0,3.4,0.8,10.242085661080068,0.8013636363636363,1.0,-0.017788853964361362,0.10151223235490718,13.43799991607666
1884-03-01,0.172,0.03,0.0,3.4,0.8,10.242085661080068,0.8013636363636363,1.0,-0.017788853964361362,0.10151223235490718,13.43799991607666
1884-04-01,0.172,0.03,0.0,3.4,0.8,10.242085661080068,0.8013636363636363,1.0,-0.017788853964361362,0.10151223235490718,13.43799991607666
1884-05-01,0.172,0.03,0.0,3.4,0.8,10.242085661080068,0.8013636363636363,1.0,-0.017788853964361362,0.10151223235490718,13.43799991607666
1884-06-01,0.172,0.03,0.0,3.4,0.8,10.242085661080068,0.8013636363636363,1.0,-0.017788853964361362,0.10151223235490718,13.43799991607666
1884-07-01,0.172,0.03,0.0,3.4,0.8,10.242085661080068,0.8013636363636363,1.0,-0.017788853964361362,0.10151223235490718,13.43799991607666
1884-08-01,0.172,0.03,0.0,3.4,0.8,10.242085661080068,0.8013636363636363,1.0,-0.017788853964361362,0.10151223235490718,13.43799991607666
1884-09-01,0.172,0.03,0.0,3.4,0.8,10.242085661080068,0.8013636363636363,1.0,-0.017788853964361362,0.10151223235490718,13.43799991607666
1884-10-01,0.172,0.03,0.0,3.4,0.8,10.242085661080068,0.8013636363636363,1.0,-0.017788853964361362,0.10151223235490718,13.43799991607666
1884-11-01,0.172,0.03,0.0,3.4,0.8,10.242085661080068,0.8013636363636363,1.0,-0.017788853964361362,0.10151223235490718,13.43799991607666
1884-12-01,0.172,0.03,0.0,3.4,0.8,10.242085661080068,0.8013636363636363,1.0,-0.017788853964361362,0.10151223235490718,13.43799991607666
1885-01-01,0.172,0.03,0.0,3.4,0.8,10.242085661080068,0.8013636363636363,1.0,-0.017788853964361362,0.10151223235490718,13.43799991607666
1885-02-01,0.172,0.03,0.0,3.4,0.8,10.242085661080068,0.8013636363636363,1.0,-0.017788853964361362,0.10151223235490718,13.43799991607666
1885-03-01,0.172,0.03,0.0,3.4,0.8,10.242085661080068,0.8013636363636363,1.0,-0.017788853964361362,0.10151223235490718,13.43799991607666
1885-04-01,0.172,0.03,0.0,3.4,0.8,10.242085661080068,0.8013636363636363,1.0,-0.017788853964361362,0.10151223235490718,13.43799991607666
1885-05-01,0.172,0.03,0.0,3.4,0.8,10.242085661080068,0.8013636363636363,1.0,-0.017788853964361362,0.10151223235490718,13.43799991607666
1885-06-01,0.172,0.03,0.0,3.4,0.8,10.242085661080068,0.8013636363636363,0.0,-0.017788853964361362,0.10151223235490718,13.43799991607666
1885-07-01,0.172,0.03,0.0,3.4,0.8,10.242085661080068,0.8013636363636363,0.0,-0.017788853964361362,0.10151223235490718,13.43799991607666
1885-08-01,0.172,0.03,0.0,3.4,0.8,10.242085661080068,0.8013636363636363,0.0,-0.017788853964361362,0.10151223235490718,13.43799991607666
1885-09-01,0.172,0.03,0.0,3.4,0.8,10.242085661080068,0.8013636363636363,0.0,-0.017788853964361362,0.10151223235490718,13.43799991607666
1885-10-01,0.172,0.03,0.0,3.4,0.8,10.242085661080068,0.8013636363636363,0.0,-0.017788853964361362,0.10151223235490718,13.43799991607666
1885-11-01,0.172,0.03,0.0,3.4,0.8,10.242085661080068,0.8013636363636363,0.0,-0.017788853964361362,0.10151223235490718,13.43799991607666
1885-12-01,0.172,0.03,0.0,3.4,0.8,10.242085661080068,0.8013636363636363,0.0,-0.017788853964361362,0.10151223235490718,13.43799991607666
1886-01-01,0.172,0.03,0.0,3.4,0.8,10.242085661080068,0.8013636363636363,0.0,-0.017788853964361362,0.10151223235490718,13.43799991607666
1886-02-01,0.172,0.03,0.0,3.4,0.8,10.242085661080068,0.8013636363636363,0.0,-0.017788853964361362,0.10151223235490718,13.43799991607666
1886-03-01,0.172,0.03,0.0,3.4,0.8,10.242085661080068,0.8013636363636363,0.0,-0.017788853964361362,0.10151223235490718,13.43799991607666
1886-04-01,0.172,0.03,0.0,3.4,0.8,10.242085661080068,0.8013636363636363,0.0,-0.017788853964361362,0.10151223235490718,13.43799991607666
1886-05-01,0.172,0.03,0.0,3.4,0.8,10.242085661080068,0.8013636363636363,0.0,-0.017788853964361362,0.10151223235490718,13.43799991607666
1886-06-01,0.172,0.03,0.0,3.4,0.8,10.242085661080068,0.8013636363636363,0.0,-0.017788853964361362,0.10151223235490718,13.43799991607666
1886-07-01,0.172,0.03,0.0,3.4,0.8,10.242085661080068,0.8013636363636363,0.0,-0.017788853964361362,0.10151223235490718,13.43799991607666
1886-08-01,0.172,0.03,0.0,3.4,0.8,10.242085661080068,0.8013636363636363,0.0,-0.017788853964361362,0.10151223235490718,13.43799991607666
1886-09-01,0.172,0.03,0.0,3.4,0.8,10.242085661080068,0.8013636363636363,0.0,-0.017788853964361362,0.10151223235490718,13.43799991607666
1886-10-01,0.172,0.03,0.0,3.4,0.8,10.242085661080068,0.8013636363636363,0.0,-0.017788853964361362,0.10151223235490718,13.43799991607666
1886-11-01,0.172,0.03,0.0,3.4,0.8,10.242085661080068,0.8013636363636363,0.0,-0.017788853964361362,0.10151223235490718,13.43799991607666
1886-12-01,0.172,0.03,0.0,3.4,0.8,10.242085661080068,0.8013636363636363,0.0,-0.017788853964361362,0.10151223235490718,13.43799991607666
1887-01-01,0.172,0.03,0.0,3.4,0.8,10.242085661080068,0.8013636363636363,0.0,-0.017788853964361362,0.10151223235490718,13.43799991607666
1887-02-01,0.172,0.03,0.0,3.4,0.8,10.242085661080068,0.8013636363636363,0.0,-0.017788853964361362,0.10151223235490718,13.43799991607666
1887-03-01,0.172,0.03,0.0,3.4,0.8,10.242085661080068,0.8013636363636363,0.0,-0.017788853964361362,0.10151223235490718,13.43799991607666
1887-04-01,0.172,0.03,0.0,3.4,0.8,10.242085661080068,0.8013636363636363,1.0,-0.017788853964361362,0.10151223235490718,13.43799991607666
1887-05-01,0.172,0.03,0.0,3.4,0.8,10.242085661080068,0.8013636363636363,1.0,-0.017788853964361362,0.10151223235490718,13.43799991607666
1887-06-01,0.172,0.03,0.0,3.4,0.8,10.242085661080068,0.8013636363636363,1.0,-0.017788853964361362,0.10151223235490718,13.43799991607666
1887-07-01,0.172,0.03,0.0,3.4,0.8,10.242085661080068,0.8013636363636363,1.0,-0.017788853964361362,0.10151223235490718,13.43799991607666
1887-08-01,0.172,0.03,0.0,3.4,0.8,10.242085661080068,0.8013636363636363,1.0,-0.017788853964361362,0.10151223235490718,13.43799991607666
1887-09-01,0.172,0.03,0.0,3.4,0.8,10.242085661080068,0.8013636363636363,1.0,-0.017788853964361362,0.10151223235490718,13.43799991607666
1887-10-01,0.172,0.03,0.0,3.4,0.8,10.242085661080068,0.8013636363636363,1.0,-0.017788853964361362,0.10151223235490718,13.43799991607666
1887-11-01,0.172,0.03,0.0,3.4,0.8,10.242085661080068,0.8013636363636363,1.0,-0.017788853964361362,0.10151223235490718,13.43799991607666
1887-12-01,0.172,0.03,0.0,3.4,0.8,10.242085661080068,0.8013636363636363,1.0,-0.017788853964361362,0.10151223235490718,13.43799991607666
1888-01-01,0.172,0.03,0.0,3.4,0.8,10.242085661080068,0.8013636363636363,1.0,-0.017788853964361362,0.10151223235490718,13.43799991607666
1888-02-01,0.172,0.03,0.0,3.4,0.8,10.242085661080068,0.8013636363636363,1.0,-0.017788853964361362,0.10151223235490718,13.43799991607666
1888-03-01,0.172,0.03,0.0,3.4,0.8,10.242085661080068,0.8013636363636363,1.0,-0.017788853964361362,0.10151223235490718,13.43799991607666
1888-04-01,0.172,0.03,0.0,3.4,0.8,10.242085661080068,0.8013636363636363,1.0,-0.017788853964361362,0.10151223235490718,13.43799991607666
1888-05-01,0.172,0.03,0.0,3.4,0.8,10.242085661080068,0.8013636363636363,0.0,-0.017788853964361362,0.10151223235490718,13.43799991607666
1888-06-01,0.172,0.03,0.0,3.4,0.8,10.242085661080068,0.8013636363636363,0.0,-0.017788853964361362,0.10151223235490718,13.43799991607666
1888-07-01,0.172,0.03,0.0,3.4,0.8,10.242085661080068,0.8013636363636363,0.0,-0.017788853964361362,0.10151223235490718,13.43799991607666
1888-08-01,0.172,0.03,0.0,3.4,0.8,10.242085661080068,0.8013636363636363,0.0,-0.017788853964361362,0.10151223235490718,13.43799991607666
1888-09-01,0.172,0.03,0.0,3.4,0.8,10.242085661080068,0.8013636363636363,0.0,-0.017788853964361362,0.10151223235490718,13.43799991607666
1888-10-01,0.172,0.03,0.0,3.4,0.8,10.242085661080068,0.8013636363636363,0.0,-0.017788853964361362,0.10151223235490718,13.43799991607666
1888-11-01,0.172,0.03,0.0,3.4,0.8,10.242085661080068,0.8013636363636363,0.0,-0.017788853964361362,0.10151223235490718,13.43799991607666
1888-12-01,0.172,0.03,0.0,3.4,0.8,10.242085661080068,0.8013636363636363,0.0,-0.017788853964361362,0.10151223235490718,13.43799991607666
1889-01-01,0.172,0.03,0.0,3.4,0.8,10.242085661080068,0.8013636363636363,0.0,-0.017788853964361362,0.10151223235490718,13.43799991607666
1889-02-01,0.172,0.03,0.0,3.4,0.8,10.242085661080068,0.8013636363636363,0.0,-0.017788853964361362,0.10151223235490718,13.43799991607666
1889-03-01,0.172,0.03,0.0,3.4,0.8,10.242085661080068,0.8013636363636363,0.0,-0.017788853964361362,0.10151223235490718,13.43799991607666
1889-04-01,0.172,0.03,0.0,3.4,0.8,10.242085661080068,0.8013636363636363,0.0,-0.017788853964361362,0.10151223235490718,13.43799991607666
1889-05-01,0.172,0.03,0.0,3.4,0.8,10.242085661080068,0.8013636363636363,0.0,-0.017788853964361362,0.10151223235490718,13.43799991607666
1889-06-01,0.172,0.03,0.0,3.4,0.8,10.242085661080068,0.8013636363636363,0.0,-0.017788853964361362,0.10151223235490718,13.43799991607666
1889-07-01,0.172,0.03,0.0,3.4,0.8,10.242085661080068,0.8013636363636363,0.0,-0.017788853964361362,0.10151223235490718,13.43799991607666
1889-08-01,0.172,0.03,0.0,3.4,0.8,10.242085661080068,0.8013636363636363,0.0,-0.017788853964361362,0.10151223235490718,13.43799991607666
1889-09-01,0.172,0.03,0.0,3.4,0.8,10.242085661080068,0.8013636363636363,0.0,-0.017788853964361362,0.10151223235490718,13.43799991607666
1889-10-01,0.172,0.03,0.0,3.4,0.8,10.242085661080068,0.8013636363636363,0.0,-0.017788853964361362,0.10151223235490718,13.43799991607666
1889-11-01,0.172,0.03,0.0,3.4,0.8,10.242085661080068,0.8013636363636363,0.0,-0.017788853964361362,0.10151223235490718,13.43799991607666
1889-12-01,0.172,0.03,0.0,3.4,0.8,10.242085661080068,0.8013636363636363,0.0,-0.017788853964361362,0.10151223235490718,13.43799991607666
1890-01-01,0.172,0.03,0.0,3.4,0.8,10.242085661080068,0.8013636363636363,0.0,-0.017788853964361362,0.10151223235490718,13.43799991607666
1890-02-01,0.172,0.03,0.0,3.4,0.8,10.242085661080068,0.8013636363636363,0.0,-0.017788853964361362,0.10151223235490718,13.43799991607666
1890-03-01,0.172,0.03,0.0,3.4,0.8,10.242085661080068,0.8013636363636363,0.0,-0.017788853964361362,0.10151223235490718,13.43799991607666
1890-04-01,0.172,0.03,0.0,3.4,0.8,10.242085661080068,0.8013636363636363,0.0,-0.017788853964361362,0.10151223235490718,13.43799991607666
1890-05-01,0.172,0.03,0.0,3.4,0.8,10.242085661080068,0.8013636363636363,0.0,-0.017788853964361362,0.10151223235490718,13.43799991607666
1890-06-01,0.172,0.03,0.0,3.4,0.8,10.242085661080068,0.8013636363636363,0.0,-0.017788853964361362,0.10151223235490718,13.43799991607666
1890-07-01,0.172,0.03,0.0,3.4,0.8,10.242085661080068,0.8013636363636363,0.0,-0.017788853964361362,0.10151223235490718,13.43799991607666
1890-08-01,0.172,0.03,0.0,3.4,0.8,10.242085661080068,0.8013636363636363,1.0,-0.017788853964361362,0.10151223235490718,13.43799991607666
1890-09-01,0.172,0.03,0.0,3.4,0.8,10.242085661080068,0.8013636363636363,1.0,-0.017788853964361362,0.10151223235490718,13.43799991607666
1890-10-01,0.172,0.03,0.0,3.4,0.8,10.242085661080068,0.8013636363636363,1.0,-0.017788853964361362,0.10151223235490718,13.43799991607666
1890-11-01,0.172,0.03,0.0,3.4,0.8,10.242085661080068,0.8013636363636363,1.0,-0.017788853964361362,0.10151223235490718,13.43799991607666
1890-12-01,0.172,0.03,0.0,3.4,0.8,10.242085661080068,0.8013636363636363,1.0,-0.017788853964361362,0.10151223235490718,13.43799991607666
1891-01-01,0.172,0.03,0.0,3.4,0.8,10.242085661080068,0.8013636363636363,1.0,-0.017788853964361362,0.10151223235490718,13.43799991607666
1891-02-01,0.172,0.03,0.0,3.4,0.8,10.242085661080068,0.8013636363636363,1.0,-0.017788853964361362,0.10151223235490718,13.43799991607666
1891-03-01,0.172,0.03,0.0,3.4,0.8,10.242085661080068,0.8013636363636363,1.0,-0.017788853964361362,0.10151223235490718,13.43799991607666
1891-04-01,0.172,0.03,0.0,3.4,0.8,10.242085661080068,0.8013636363636363,1.0,-0.017788853964361362,0.10151223235490718,13.43799991607666
1891-05-01,0.172,0.03,0.0,3.4,0.8,10.242085661080068,0.8013636363636363,1.0,-0.017788853964361362,0.10151223235490718,13.43799991607666
1891-06-01,0.172,0.03,0.0,3.4,0.8,10.242085661080068,0.8013636363636363,0.0,-0.017788853964361362,0.10151223235490718,13.43799991607666
1891-07-01,0.172,0.03,0.0,3.4,0.8,10.242085661080068,0.8013636363636363,0.0,-0.017788853964361362,0.10151223235490718,13.43799991607666
1891-08-01,0.172,0.03,0.0,3.4,0.8,10.242085661080068,0.8013636363636363,0.0,-0.017788853964361362,0.10151223235490718,13.43799991607666
1891-09-01,0.172,0.03,0.0,3.4,0.8,10.242085661080068,0.8013636363636363,0.0,-0.017788853964361362,0.10151223235490718,13.43799991607666
1891-10-01,0.172,0.03,0.0,3.4,0.8,10.242085661080068,0.8013636363636363,0.0,-0.017788853964361362,0.10151223235490718,13.43799991607666
1891-11-01,0.172,0.03,0.0,3.4,0.8,10.242085661080068,0.8013636363636363,0.0,-0.017788853964361362,0.10151223235490718,13.43799991607666
1891-12-01,0.172,0.03,0.0,3.4,0.8,10.242085661080068,0.8013636363636363,0.0,-0.017788853964361362,0.10151223235490718,13.43799991607666
1892-01-01,0.172,0.03,0.0,3.4,0.8,10.242085661080068,0.8013636363636363,0.0,-0.017788853964361362,0.10151223235490718,13.43799991607666
1892-02-01,0.172,0.03,0.0,3.4,0.8,10.242085661080068,0.8013636363636363,0.0,-0.017788853964361362,0.10151223235490718,13.43799991607666
1892-03-01,0.172,0.03,0.0,3.4,0.8,10.242085661080068,0.8013636363636363,0.0,-0.017788853964361362,0.10151223235490718,13.43799991607666
1892-04-01,0.172,0.03,0.0,3.4,0.8,10.242085661080068,0.8013636363636363,0.0,-0.017788853964361362,0.10151223235490718,13.43799991607666
1892-05-01,0.172,0.03,0.0,3.4,0.8,10.242085661080068,0.8013636363636363,0.0,-0.017788853964361362,0.10151223235490718,13.43799991607666
1892-06-01,0.172,0.03,0.0,3.4,0.8,10.242085661080068,0.8013636363636363,0.0,-0.017788853964361362,0.10151223235490718,13.43799991607666
1892-07-01,0.172,0.03,0.0,3.4,0.8,10.242085661080068,0.8013636363636363,0.0,-0.017788853964361362,0.10151223235490718,13.43799991607666
1892-08-01,0.172,0.03,0.0,3.4,0.8,10.242085661080068,0.8013636363636363,0.0,-0.017788853964361362,0.10151223235490718,13.43799991607666
1892-09-01,0.172,0.03,0.0,3.4,0.8,10.242085661080068,0.8013636363636363,0.0,-0.017788853964361362,0.10151223235490718,13.43799991607666
1892-10-01,0.172,0.03,0.0,3.4,0.8,10.242085661080068,0.8013636363636363,0.0,-0.017788853964361362,0.10151223235490718,13.43799991607666
1892-11-01,0.172,0.03,0.0,3.4,0.8,10.242085661080068,0.8013636363636363,0.0,-0.017788853964361362,0.10151223235490718,13.43799991607666
1892-12-01,0.172,0.03,0.0,3.4,0.8,10.242085661080068,0.8013636363636363,0.0,-0.017788853964361362,0.10151223235490718,13.43799991607666
1893-01-01,0.172,0.03,0.0,3.4,0.8,10.242085661080068,0.8013636363636363,0.0,-0.017788853964361362,0.10151223235490718,13.43799991607666
1893-02-01,0.172,0.03,0.0,3.4,0.8,10.242085661080068,0.8013636363636363,1.0,-0.017788853964361362,0.10151223235490718,13.43799991607666
1893-03-01,0.172,0.03,0.0,3.4,0.8,10.242085661080068,0.8013636363636363,1.0,-0.017788853964361362,0.10151223235490718,13.43799991607666
1893-04-01,0.172,0.03,0.0,3.4,0.8,10.242085661080068,0.8013636363636363,1.0,-0.017788853964361362,0.10151223235490718,13.43799991607666
1893-05-01,0.172,0.03,0.0,3.4,0.8,10.242085661080068,0.8013636363636363,1.0,-0.017788853964361362,0.10151223235490718,13.43799991607666
1893-06-01,0.172,0.03,0.0,3.4,0.8,10.242085661080068,0.8013636363636363,1.0,-0.017788853964361362,0.10151223235490718,13.43799991607666
1893-07-01,0.172,0.03,0.0,3.4,0.8,10.242085661080068,0.8013636363636363,1.0,-0.017788853964361362,0.10151223235490718,13.43799991607666
1893-08-01,0.172,0.03,0.0,3.4,0.8,10.242085661080068,0.8013636363636363,1.0,-0.017788853964361362,0.10151223235490718,13.43799991607666
1893-09-01,0.172,0.03,0.0,3.4,0.8,10.242085661080068,0.8013636363636363,1.0,-0.017788853964361362,0.10151223235490718,13.43799991607666
1893-10-01,0.172,0.03,0.0,3.4,0.8,10.242085661080068,0.8013636363636363,1.0,-0.017788853964361362,0.10151223235490718,13.43799991607666
1893-11-01,0.172,0.03,0.0,3.4,0.8,10.242085661080068,0.8013636363636363,1.0,-0.017788853964361362,0.10151223235490718,13.43799991607666
1893-12-01,0.172,0.03,0.0,3.4,0.8,10.242085661080068,0.8013636363636363,1.0,-0.017788853964361362,0.10151223235490718,13.43799991607666
1894-01-01,0.172,0.03,0.0,3.4,0.8,10.242085661080068,0.8013636363636363,1.0,-0.017788853964361362,0.10151223235490718,13.43799991607666
1894-02-01,0.172,0.03,0.0,3.4,0.8,10.242085661080068,0.8013636363636363,1.0,-0.017788853964361362,0.10151223235490718,13.43799991607666
1894-03-01,0.172,0.03,0.0,3.4,0.8,10.242085661080068,0.8013636363636363,1.0,-0.017788853964361362,0.10151223235490718,13.43799991607666
1894-04-01,0.172,0.03,0.0,3.4,0.8,10.242085661080068,0.8013636363636363,1.0,-0.017788853964361362,0.10151223235490718,13.43799991607666
1894-05-01,0.172,0.03,0.0,3.4,0.8,10.242085661080068,0.8013636363636363,1.0,-0.017788853964361362,0.10151223235490718,13.43799991607666
1894-06-01,0.172,0.03,0.0,3.4,0.8,10.242085661080068,0.8013636363636363,1.0,-0.017788853964361362,0.10151223235490718,13.43799991607666
1894-07-01,0.172,0.03,0.0,3.4,0.8,10.242085661080068,0.8013636363636363,0.0,-0.017788853964361362,0.10151223235490718,13.43799991607666
1894-08-01,0.172,0.03,0.0,3.4,0.8,10.242085661080068,0.8013636363636363,0.0,-0.017788853964361362,0.10151223235490718,13.43799991607666
1894-09-01,0.172,0.03,0.0,3.4,0.8,10.242085661080068,0.8013636363636363,0.0,-0.017788853964361362,0.10151223235490718,13.43799991607666
1894-10-01,0.172,0.03,0.0,3.4,0.8,10.242085661080068,0.8013636363636363,0.0,-0.017788853964361362,0.10151223235490718,13.43799991607666
1894-11-01,0.172,0.03,0.0,3.4,0.8,10.242085661080068,0.8013636363636363,0.0,-0.017788853964361362,0.10151223235490718,13.43799991607666
1894-12-01,0.172,0.03,0.0,3.4,0.8,10.242085661080068,0.8013636363636363,0.0,-0.017788853964361362,0.10151223235490718,13.43799991607666
1895-01-01,0.172,0.03,0.0,3.4,0.8,10.242085661080068,0.8013636363636363,0.0,-0.017788853964361362,0.10151223235490718,13.43799991607666
1895-02-01,0.172,0.03,0.0,3.4,0.8,10.242085661080068,0.8013636363636363,0.0,-0.017788853964361362,0.10151223235490718,13.43799991607666
1895-03-01,0.172,0.03,0.0,3.4,0.8,10.242085661080068,0.8013636363636363,0.0,-0.017788853964361362,0.10151223235490718,13.43799991607666
1895-04-01,0.172,0.03,0.0,3.4,0.8,10.242085661080068,0.8013636363636363,0.0,-0.017788853964361362,0.10151223235490718,13.43799991607666
1895-05-01,0.172,0.03,0.0,3.4,0.8,10.242085661080068,0.8013636363636363,0.0,-0.017788853964361362,0.10151223235490718,13.43799991607666
1895-06-01,0.172,0.03,0.0,3.4,0.8,10.242085661080068,0.8013636363636363,0.0,-0.017788853964361362,0.10151223235490718,13.43799991607666
1895-07-01,0.172,0.03,0.0,3.4,0.8,10.242085661080068,0.8013636363636363,0.0,-0.017788853964361362,0.10151223235490718,13.43799991607666
1895-08-01,0.172,0.03,0.0,3.4,0.8,10.242085661080068,0.8013636363636363,0.0,-0.017788853964361362,0.10151223235490718,13.43799991607666
1895-09-01,0.172,0.03,0.0,3.4,0.8,10.242085661080068,0.8013636363636363,0.0,-0.017788853964361362,0.10151223235490718,13.43799991607666
1895-10-01,0.172,0.03,0.0,3.4,0.8,10.242085661080068,0.8013636363636363,0.0,-0.017788853964361362,0.10151223235490718,13.43799991607666
1895-11-01,0.172,0.03,0.0,3.4,0.8,10.242085661080068,0.8013636363636363,0.0,-0.017788853964361362,0.10151223235490718,13.43799991607666
1895-12-01,0.172,0.03,0.0,3.4,0.8,10.242085661080068,0.8013636363636363,0.0,-0.017788853964361362,0.10151223235490718,13.43799991607666
1896-01-01,0.172,0.03,0.0,3.4,0.8,10.242085661080068,0.8013636363636363,1.0,-0.017788853964361362,0.10151223235490718,13.43799991607666
1896-02-01,0.172,0.03,0.0,3.4,0.8,10.242085661080068,0.8013636363636363,1.0,-0.017788853964361362,0.10151223235490718,13.43799991607666
1896-03-01,0.172,0.03,0.0,3.4,0.8,10.242085661080068,0.8013636363636363,1.0,-0.017788853964361362,0.10151223235490718,13.43799991607666
1896-04-01,0.172,0.03,0.0,3.4,0.8,10.242085661080068,0.8013636363636363,1.0,-0.017788853964361362,0.10151223235490718,13.43799991607666
1896-05-01,0.172,0.03,0.0,3.4,0.8,10.242085661080068,0.8013636363636363,1.0,-0.017788853964361362,0.10151223235490718,13.43799991607666
1896-06-01,0.172,0.03,0.0,3.4,0.8,10.242085661080068,0.8013636363636363,1.0,-0.017788853964361362,0.10151223235490718,13.43799991607666
1896-07-01,0.172,0.03,0.0,3.4,0.8,10.242085661080068,0.8013636363636363,1.0,-0.017788853964361362,0.10151223235490718,13.43799991607666
1896-08-01,0.172,0.03,0.0,3.4,0.8,10.242085661080068,0.8013636363636363,1.0,-0.017788853964361362,0.10151223235490718,13.43799991607666
1896-09-01,0.172,0.03,0.0,3.4,0.8,10.242085661080068,0.8013636363636363,1.0,-0.017788853964361362,0.10151223235490718,13.43799991607666
1896-10-01,0.172,0.03,0.0,3.4,0.8,10.242085661080068,0.8013636363636363,1.0,-0.017788853964361362,0.10151223235490718,13.43799991607666
1896-11-01,0.172,0.03,0.0,3.4,0.8,10.242085661080068,0.8013636363636363,1.0,-0.017788853964361362,0.10151223235490718,13.43799991607666
1896-12-01,0.172,0.03,0.0,3.4,0.8,10.242085661080068,0.8013636363636363,1.0,-0.017788853964361362,0.10151223235490718,13.43799991607666
1897-01-01,0.172,0.03,0.0,3.4,0.8,10.242085661080068,0.8013636363636363,1.0,-0.017788853964361362,0.10151223235490718,13.43799991607666
1897-02-01,0.172,0.03,0.0,3.4,0.8,10.242085661080068,0.8013636363636363,1.0,-0.017788853964361362,0.10151223235490718,13.43799991607666
1897-03-01,0.172,0.03,0.0,3.4,0.8,10.242085661080068,0.8013636363636363,1.0,-0.017788853964361362,0.10151223235490718,13.43799991607666
1897-04-01,0.172,0.03,0.0,3.4,0.8,10.242085661080068,0.8013636363636363,1.0,-0.017788853964361362,0.10151223235490718,13.43799991607666
1897-05-01,0.172,0.03,0.0,3.4,0.8,10.242085661080068,0.8013636363636363,1.0,-0.017788853964361362,0.10151223235490718,13.43799991607666
1897-06-01,0.172,0.03,0.0,3.4,0.8,10.242085661080068,0.8013636363636363,1.0,-0.017788853964361362,0.10151223235490718,13.43799991607666
1897-07-01,0.172,0.03,0.0,3.4,0.8,10.242085661080068,0.8013636363636363,0.0,-0.017788853964361362,0.10151223235490718,13.43799991607666
1897-08-01,0.172,0.03,0.0,3.4,0.8,10.242085661080068,0.8013636363636363,0.0,-0.017788853964361362,0.10151223235490718,13.43799991607666
1897-09-01,0.172,0.03,0.0,3.4,0.8,10.242085661080068,0.8013636363636363,0.0,-0.017788853964361362,0.10151223235490718,13.43799991607666
1897-10-01,0.172,0.03,0.0,3.4,0.8,10.242085661080068,0.8013636363636363,0.0,-0.017788853964361362,0.10151223235490718,13.43799991607666
1897-11-01,0.172,0.03,0.0,3.4,0.8,10.242085661080068,0.8013636363636363,0.0,-0.017788853964361362,0.10151223235490718,13.43799991607666
1897-12-01,0.172,0.03,0.0,3.4,0.8,10.242085661080068,0.8013636363636363,0.0,-0.017788853964361362,0.10151223235490718,13.43799991607666
1898-01-01,0.172,0.03,0.0,3.4,0.8,10.242085661080068,0.8013636363636363,0.0,-0.017788853964361362,0.10151223235490718,13.43799991607666
1898-02-01,0.172,0.03,0.0,3.4,0.8,10.242085661080068,0.8013636363636363,0.0,-0.017788853964361362,0.10151223235490718,13.43799991607666
1898-03-01,0.172,0.03,0.0,3.4,0.8,10.242085661080068,0.8013636363636363,0.0,-0.017788853964361362,0.10151223235490718,13.43799991607666
1898-04-01,0.172,0.03,0.0,3.4,0.8,10.242085661080068,0.8013636363636363,0.0,-0.017788853964361362,0.10151223235490718,13.43799991607666
1898-05-01,0.172,0.03,0.0,3.4,0.8,10.242085661080068,0.8013636363636363,0.0,-0.017788853964361362,0.10151223235490718,13.43799991607666
1898-06-01,0.172,0.03,0.0,3.4,0.8,10.242085661080068,0.8013636363636363,0.0,-0.017788853964361362,0.10151223235490718,13.43799991607666
1898-07-01,0.172,0.03,0.0,3.4,0.8,10.242085661080068,0.8013636363636363,0.0,-0.017788853964361362,0.10151223235490718,13.43799991607666
1898-08-01,0.172,0.03,0.0,3.4,0.8,10.242085661080068,0.8013636363636363,0.0,-0.017788853964361362,0.10151223235490718,13.43799991607666
1898-09-01,0.172,0.03,0.0,3.4,0.8,10.242085661080068,0.8013636363636363,0.0,-0.017788853964361362,0.10151223235490718,13.43799991607666
1898-10-01,0.172,0.03,0.0,3.4,0.8,10.242085661080068,0.8013636363636363,0.0,-0.017788853964361362,0.10151223235490718,13.43799991607666
1898-11-01,0.172,0.03,0.0,3.4,0.8,10.242085661080068,0.8013636363636363,0.0,-0.017788853964361362,0.10151223235490718,13.43799991607666
1898-12-01,0.172,0.03,0.0,3.4,0.8,10.242085661080068,0.8013636363636363,0.0,-0.017788853964361362,0.10151223235490718,13.43799991607666
1899-01-01,0.172,0.03,0.0,3.4,0.8,10.242085661080068,0.8013636363636363,0.0,-0.017788853964361362,0.10151223235490718,13.43799991607666
1899-02-01,0.172,0.03,0.0,3.4,0.8,10.242085661080068,0.8013636363636363,0.0,-0.017788853964361362,0.10151223235490718,13.43799991607666
1899-03-01,0.172,0.03,0.0,3.4,0.8,10.242085661080068,0.8013636363636363,0.0,-0.017788853964361362,0.10151223235490718,13.43799991607666
1899-04-01,0.172,0.03,0.0,3.4,0.8,10.242085661080068,0.8013636363636363,0.0,-0.017788853964361362,0.10151223235490718,13.43799991607666
1899-05-01,0.172,0.03,0.0,3.4,0.8,10.242085661080068,0.8013636363636363,0.0,-0.017788853964361362,0.10151223235490718,13.43799991607666
1899-06-01,0.172,0.03,0.0,3.4,0.8,10.242085661080068,0.8013636363636363,0.0,-0.017788853964361362,0.10151223235490718,13.43799991607666
1899-07-01,0.172,0.03,0.0,3.4,0.8,10.242085661080068,0.8013636363636363,1.0,-0.017788853964361362,0.10151223235490718,13.43799991607666
1899-08-01,0.172,0.03,0.0,3.4,0.8,10.242085661080068,0.8013636363636363,1.0,-0.017788853964361362,0.10151223235490718,13.43799991607666
1899-09-01,0.172,0.03,0.0,3.4,0.8,10.242085661080068,0.8013636363636363,1.0,-0.017788853964361362,0.10151223235490718,13.43799991607666
1899-10-01,0.172,0.03,0.0,3.4,0.8,10.242085661080068,0.8013636363636363,1.0,-0.017788853964361362,0.10151223235490718,13.43799991607666
1899-11-01,0.172,0.03,0.0,3.4,0.8,10.242085661080068,0.8013636363636363,1.0,-0.017788853964361362,0.10151223235490718,13.43799991607666
1899-12-01,0.172,0.03,0.0,3.4,0.8,10.242085661080068,0.8013636363636363,1.0,-0.017788853964361362,0.10151223235490718,13.43799991607666
1900-01-01,0.172,0.03,0.0,3.4,0.8,10.242085661080068,0.8013636363636363,1.0,-0.017788853964361362,0.10151223235490718,13.43799991607666
1900-02-01,0.172,0.03,0.0,3.4,0.8,10.242085661080068,0.8013636363636363,1.0,-0.017788853964361362,0.10151223235490718,13.43799991607666
1900-03-01,0.172,0.03,0.0,3.4,0.8,10.242085661080068,0.8013636363636363,1.0,-0.017788853964361362,0.10151223235490718,13.43799991607666
1900-04-01,0.172,0.03,0.0,3.4,0.8,10.242085661080068,0.8013636363636363,1.0,-0.017788853964361362,0.10151223235490718,13.43799991607666
1900-05-01,0.172,0.03,0.0,3.4,0.8,10.242085661080068,0.8013636363636363,1.0,-0.017788853964361362,0.10151223235490718,13.43799991607666
1900-06-01,0.172,0.03,0.0,3.4,0.8,10.242085661080068,0.8013636363636363,1.0,-0.017788853964361362,0.10151223235490718,13.43799991607666
1900-07-01,0.172,0.03,0.0,3.4,0.8,10.242085661080068,0.8013636363636363,1.0,-0.017788853964361362,0.10151223235490718,13.43799991607666
1900-08-01,0.172,0.03,0.0,3.4,0.8,10.242085661080068,0.8013636363636363,1.0,-0.017788853964361362,0.10151223235490718,13.43799991607666
1900-09-01,0.172,0.03,0.0,3.4,0.8,10.242085661080068,0.8013636363636363,1.0,-0.017788853964361362,0.10151223235490718,13.43799991607666
1900-10-01,0.172,0.03,0.0,3.4,0.8,10.242085661080068,0.8013636363636363,1.0,-0.017788853964361362,0.10151223235490718,13.43799991607666
1900-11-01,0.172,0.03,0.0,3.4,0.8,10.242085661080068,0.8013636363636363,1.0,-0.017788853964361362,0.10151223235490718,13.43799991607666
1900-12-01,0.172,0.03,0.0,3.4,0.8,10.242085661080068,0.8013636363636363,1.0,-0.017788853964361362,0.10151223235490718,13.43799991607666
1901-01-01,0.172,0.03,0.0,3.4,0.8,10.242085661080068,0.8013636363636363,0.0,-0.017788853964361362,0.10151223235490718,13.43799991607666
1901-02-01,0.172,0.03,0.0,3.4,0.8,10.242085661080068,0.8013636363636363,0.0,-0.017788853964361362,0.10151223235490718,13.43799991607666
1901-03-01,0.172,0.03,0.0,3.4,0.8,10.242085661080068,0.8013636363636363,0.0,-0.017788853964361362,0.10151223235490718,13.43799991607666
1901-04-01,0.172,0.03,0.0,3.4,0.8,10.242085661080068,0.8013636363636363,0.0,-0.017788853964361362,0.10151223235490718,13.43799991607666
1901-05-01,0.172,0.03,0.0,3.4,0.8,10.242085661080068,0.8013636363636363,0.0,-0.017788853964361362,0.10151223235490718,13.43799991607666
1901-06-01,0.172,0.03,0.0,3.4,0.8,10.242085661080068,0.8013636363636363,0.0,-0.017788853964361362,0.10151223235490718,13.43799991607666
1901-07-01,0.172,0.03,0.0,3.4,0.8,10.242085661080068,0.8013636363636363,0.0,-0.017788853964361362,0.10151223235490718,13.43799991607666
1901-08-01,0.172,0.03,0.0,3.4,0.8,10.242085661080068,0.8013636363636363,0.0,-0.017788853964361362,0.10151223235490718,13.43799991607666
1901-09-01,0.172,0.03,0.0,3.4,0.8,10.242085661080068,0.8013636363636363,0.0,-0.017788853964361362,0.10151223235490718,13.43799991607666
1901-10-01,0.172,0.03,0.0,3.4,0.8,10.242085661080068,0.8013636363636363,0.0,-0.017788853964361362,0.10151223235490718,13.43799991607666
1901-11-01,0.172,0.03,0.0,3.4,0.8,10.242085661080068,0.8013636363636363,0.0,-0.017788853964361362,0.10151223235490718,13.43799991607666
1901-12-01,0.172,0.03,0.0,3.4,0.8,10.242085661080068,0.8013636363636363,0.0,-0.017788853964361362,0.10151223235490718,13.43799991607666
1902-01-01,0.172,0.03,0.0,3.4,0.8,10.242085661080068,0.8013636363636363,0.0,-0.017788853964361362,0.10151223235490718,13.43799991607666
1902-02-01,0.172,0.03,0.0,3.4,0.8,10.242085661080068,0.8013636363636363,0.0,-0.017788853964361362,0.10151223235490718,13.43799991607666
1902-03-01,0.172,0.03,0.0,3.4,0.8,10.242085661080068,0.8013636363636363,0.0,-0.017788853964361362,0.10151223235490718,13.43799991607666
1902-04-01,0.172,0.03,0.0,3.4,0.8,10.242085661080068,0.8013636363636363,0.0,-0.017788853964361362,0.10151223235490718,13.43799991607666
1902-05-01,0.172,0.03,0.0,3.4,0.8,10.242085661080068,0.8013636363636363,0.0,-0.017788853964361362,0.10151223235490718,13.43799991607666
1902-06-01,0.172,0.03,0.0,3.4,0.8,10.242085661080068,0.8013636363636363,0.0,-0.017788853964361362,0.10151223235490718,13.43799991607666
1902-07-01,0.172,0.03,0.0,3.4,0.8,10.242085661080068,0.8013636363636363,0.0,-0.017788853964361362,0.10151223235490718,13.43799991607666
1902-08-01,0.172,0.03,0.0,3.4,0.8,10.242085661080068,0.8013636363636363,0.0,-0.017788853964361362,0.10151223235490718,13.43799991607666
1902-09-01,0.172,0.03,0.0,3.4,0.8,10.242085661080068,0.8013636363636363,0.0,-0.017788853964361362,0.10151223235490718,13.43799991607666
1902-10-01,0.172,0.03,0.0,3.4,0.8,10.242085661080068,0.8013636363636363,1.0,-0.017788853964361362,0.10151223235490718,13.43799991607666
1902-11-01,0.172,0.03,0.0,3.4,0.8,10.242085661080068,0.8013636363636363,1.0,-0.017788853964361362,0.10151223235490718,13.43799991607666
1902-12-01,0.172,0.03,0.0,3.4,0.8,10.242085661080068,0.8013636363636363,1.0,-0.017788853964361362,0.10151223235490718,13.43799991607666
1903-01-01,0.172,0.03,0.0,3.4,0.8,10.242085661080068,0.8013636363636363,1.0,-0.017788853964361362,0.10151223235490718,13.43799991607666
1903-02-01,0.172,0.03,0.0,3.4,0.8,10.242085661080068,0.8013636363636363,1.0,-0.017788853964361362,0.10151223235490718,13.43799991607666
1903-03-01,0.172,0.03,0.0,3.4,0.8,10.242085661080068,0.8013636363636363,1.0,-0.017788853964361362,0.10151223235490718,13.43799991607666
1903-04-01,0.172,0.03,0.0,3.4,0.8,10.242085661080068,0.8013636363636363,1.0,-0.017788853964361362,0.10151223235490718,13.43799991607666
1903-05-01,0.172,0.03,0.0,3.4,0.8,10.242085661080068,0.8013636363636363,1.0,-0.017788853964361362,0.10151223235490718,13.43799991607666
1903-06-01,0.172,0.03,0.0,3.4,0.8,10.242085661080068,0.8013636363636363,1.0,-0.017788853964361362,0.10151223235490718,13.43799991607666
1903-07-01,0.172,0.03,0.0,3.4,0.8,10.242085661080068,0.8013636363636363,1.0,-0.017788853964361362,0.10151223235490718,13.43799991607666
1903-08-01,0.172,0.03,0.0,3.4,0.8,10.242085661080068,0.8013636363636363,1.0,-0.017788853964361362,0.10151223235490718,13.43799991607666
1903-09-01,0.172,0.03,0.0,3.4,0.8,10.242085661080068,0.8013636363636363,1.0,-0.017788853964361362,0.10151223235490718,13.43799991607666
1903-10-01,0.172,0.03,0.0,3.4,0.8,10.242085661080068,0.8013636363636363,1.0,-0.017788853964361362,0.10151223235490718,13.43799991607666
1903-11-01,0.172,0.03,0.0,3.4,0.8,10.242085661080068,0.8013636363636363,1.0,-0.017788853964361362,0.10151223235490718,13.43799991607666
1903-12-01,0.172,0.03,0.0,3.4,0.8,10.242085661080068,0.8013636363636363,1.0,-0.017788853964361362,0.10151223235490718,13.43799991607666
1904-01-01,0.172,0.03,0.0,3.4,0.8,10.242085661080068,0.8013636363636363,1.0,-0.017788853964361362,0.10151223235490718,13.43799991607666
1904-02-01,0.172,0.03,0.0,3.4,0.8,10.242085661080068,0.8013636363636363,1.0,-0.017788853964361362,0.10151223235490718,13.43799991607666
1904-03-01,0.172,0.03,0.0,3.4,0.8,10.242085661080068,0.8013636363636363,1.0,-0.017788853964361362,0.10151223235490718,13.43799991607666
1904-04-01,0.172,0.03,0.0,3.4,0.8,10.242085661080068,0.8013636363636363,1.0,-0.017788853964361362,0.10151223235490718,13.43799991607666
1904-05-01,0.172,0.03,0.0,3.4,0.8,10.242085661080068,0.8013636363636363,1.0,-0.017788853964361362,0.10151223235490718,13.43799991607666
1904-06-01,0.172,0.03,0.0,3.4,0.8,10.242085661080068,0.8013636363636363,1.0,-0.017788853964361362,0.10151223235490718,13.43799991607666
1904-07-01,0.172,0.03,0.0,3.4,0.8,10.242085661080068,0.8013636363636363,1.0,-0.017788853964361362,0.10151223235490718,13.43799991607666
1904-08-01,0.172,0.03,0.0,3.4,0.8,10.242085661080068,0.8013636363636363,1.0,-0.017788853964361362,0.10151223235490718,13.43799991607666
1904-09-01,0.172,0.03,0.0,3.4,0.8,10.242085661080068,0.8013636363636363,0.0,-0.017788853964361362,0.10151223235490718,13.43799991607666
1904-10-01,0.172,0.03,0.0,3.4,0.8,10.242085661080068,0.8013636363636363,0.0,-0.017788853964361362,0.10151223235490718,13.43799991607666
1904-11-01,0.172,0.03,0.0,3.4,0.8,10.242085661080068,0.8013636363636363,0.0,-0.017788853964361362,0.10151223235490718,13.43799991607666
1904-12-01,0.172,0.03,0.0,3.4,0.8,10.242085661080068,0.8013636363636363,0.0,-0.017788853964361362,0.10151223235490718,13.43799991607666
1905-01-01,0.172,0.03,0.0,3.4,0.8,10.242085661080068,0.8013636363636363,0.0,-0.017788853964361362,0.10151223235490718,13.43799991607666
1905-02-01,0.172,0.03,0.0,3.4,0.8,10.242085661080068,0.8013636363636363,0.0,-0.017788853964361362,0.10151223235490718,13.43799991607666
1905-03-01,0.172,0.03,0.0,3.4,0.8,10.242085661080068,0.8013636363636363,0.0,-0.017788853964361362,0.10151223235490718,13.43799991607666
1905-04-01,0.172,0.03,0.0,3.4,0.8,10.242085661080068,0.8013636363636363,0.0,-0.017788853964361362,0.10151223235490718,13.43799991607666
1905-05-01,0.172,0.03,0.0,3.4,0.8,10.242085661080068,0.8013636363636363,0.0,-0.017788853964361362,0.10151223235490718,13.43799991607666
1905-06-01,0.172,0.03,0.0,3.4,0.8,10.242085661080068,0.8013636363636363,0.0,-0.017788853964361362,0.10151223235490718,13.43799991607666
1905-07-01,0.172,0.03,0.0,3.4,0.8,10.242085661080068,0.8013636363636363,0.0,-0.017788853964361362,0.10151223235490718,13.43799991607666
1905-08-01,0.172,0.03,0.0,3.4,0.8,10.242085661080068,0.8013636363636363,0.0,-0.017788853964361362,0.10151223235490718,13.43799991607666
1905-09-01,0.172,0.03,0.0,3.4,0.8,10.242085661080068,0.8013636363636363,0.0,-0.017788853964361362,0.10151223235490718,13.43799991607666
1905-10-01,0.172,0.03,0.0,3.4,0.8,10.242085661080068,0.8013636363636363,0.0,-0.017788853964361362,0.10151223235490718,13.43799991607666
1905-11-01,0.172,0.03,0.0,3.4,0.8,10.242085661080068,0.8013636363636363,0.0,-0.017788853964361362,0.10151223235490718,13.43799991607666
1905-12-01,0.172,0.03,0.0,3.4,0.8,10.242085661080068,0.8013636363636363,0.0,-0.017788853964361362,0.10151223235490718,13.43799991607666
1906-01-01,0.172,0.03,0.0,3.4,0.8,10.242085661080068,0.8013636363636363,0.0,-0.017788853964361362,0.10151223235490718,13.43799991607666
1906-02-01,0.172,0.03,0.0,3.4,0.8,10.242085661080068,0.8013636363636363,0.0,-0.017788853964361362,0.10151223235490718,13.43799991607666
1906-03-01,0.172,0.03,0.0,3.4,0.8,10.242085661080068,0.8013636363636363,0.0,-0.017788853964361362,0.10151223235490718,13.43799991607666
1906-04-01,0.172,0.03,0.0,3.4,0.8,10.242085661080068,0.8013636363636363,0.0,-0.017788853964361362,0.10151223235490718,13.43799991607666
1906-05-01,0.172,0.03,0.0,3.4,0.8,10.242085661080068,0.8013636363636363,0.0,-0.017788853964361362,0.10151223235490718,13.43799991607666
1906-06-01,0.172,0.03,0.0,3.4,0.8,10.242085661080068,0.8013636363636363,0.0,-0.017788853964361362,0.10151223235490718,13.43799991607666
1906-07-01,0.172,0.03,0.0,3.4,0.8,10.242085661080068,0.8013636363636363,0.0,-0.017788853964361362,0.10151223235490718,13.43799991607666
1906-08-01,0.172,0.03,0.0,3.4,0.8,10.242085661080068,0.8013636363636363,0.0,-0.017788853964361362,0.10151223235490718,13.43799991607666
1906-09-01,0.172,0.03,0.0,3.4,0.8,10.242085661080068,0.8013636363636363,0.0,-0.017788853964361362,0.10151223235490718,13.43799991607666
1906-10-01,0.172,0.03,0.0,3.4,0.8,10.242085661080068,0.8013636363636363,0.0,-0.017788853964361362,0.10151223235490718,13.43799991607666
1906-11-01,0.172,0.03,0.0,3.4,0.8,10.242085661080068,0.8013636363636363,0.0,-0.017788853964361362,0.10151223235490718,13.43799991607666
1906-12-01,0.172,0.03,0.0,3.4,0.8,10.242085661080068,0.8013636363636363,0.0,-0.017788853964361362,0.10151223235490718,13.43799991607666
1907-01-01,0.172,0.03,0.0,3.4,0.8,10.242085661080068,0.8013636363636363,0.0,-0.017788853964361362,0.10151223235490718,13.43799991607666
1907-02-01,0.172,0.03,0.0,3.4,0.8,10.242085661080068,0.8013636363636363,0.0,-0.017788853964361362,0.10151223235490718,13.43799991607666
1907-03-01,0.172,0.03,0.0,3.4,0.8,10.242085661080068,0.8013636363636363,0.0,-0.017788853964361362,0.10151223235490718,13.43799991607666
1907-04-01,0.172,0.03,0.0,3.4,0.8,10.242085661080068,0.8013636363636363,0.0,-0.017788853964361362,0.10151223235490718,13.43799991607666
1907-05-01,0.172,0.03,0.0,3.4,0.8,10.242085661080068,0.8013636363636363,0.0,-0.017788853964361362,0.10151223235490718,13.43799991607666
1907-06-01,0.172,0.03,0.0,3.4,0.8,10.242085661080068,0.8013636363636363,1.0,-0.017788853964361362,0.10151223235490718,13.43799991607666
1907-07-01,0.172,0.03,0.0,3.4,0.8,10.242085661080068,0.8013636363636363,1.0,-0.017788853964361362,0.10151223235490718,13.43799991607666
1907-08-01,0.172,0.03,0.0,3.4,0.8,10.242085661080068,0.8013636363636363,1.0,-0.017788853964361362,0.10151223235490718,13.43799991607666
1907-09-01,0.172,0.03,0.0,3.4,0.8,10.242085661080068,0.8013636363636363,1.0,-0.017788853964361362,0.10151223235490718,13.43799991607666
1907-10-01,0.172,0.03,0.0,3.4,0.8,10.242085661080068,0.8013636363636363,1.0,-0.017788853964361362,0.10151223235490718,13.43799991607666
1907-11-01,0.172,0.03,0.0,3.4,0.8,10.242085661080068,0.8013636363636363,1.0,-0.017788853964361362,0.10151223235490718,13.43799991607666
1907-12-01,0.172,0.03,0.0,3.4,0.8,10.242085661080068,0.8013636363636363,1.0,-0.017788853964361362,0.10151223235490718,13.43799991607666
1908-01-01,0.172,0.03,0.0,3.4,0.8,10.242085661080068,0.8013636363636363,1.0,-0.017788853964361362,0.10151223235490718,13.43799991607666
1908-02-01,0.172,0.03,0.0,3.4,0.8,10.242085661080068,0.8013636363636363,1.0,-0.017788853964361362,0.10151223235490718,13.43799991607666
1908-03-01,0.172,0.03,0.0,3.4,0.8,10.242085661080068,0.8013636363636363,1.0,-0.017788853964361362,0.10151223235490718,13.43799991607666
1908-04-01,0.172,0.03,0.0,3.4,0.8,10.242085661080068,0.8013636363636363,1.0,-0.017788853964361362,0.10151223235490718,13.43799991607666
1908-05-01,0.172,0.03,0.0,3.4,0.8,10.242085661080068,0.8013636363636363,1.0,-0.017788853964361362,0.10151223235490718,13.43799991607666
1908-06-01,0.172,0.03,0.0,3.4,0.8,10.242085661080068,0.8013636363636363,1.0,-0.017788853964361362,0.10151223235490718,13.43799991607666
1908-07-01,0.172,0.03,0.0,3.4,0.8,10.242085661080068,0.8013636363636363,0.0,-0.017788853964361362,0.10151223235490718,13.43799991607666
1908-08-01,0.172,0.03,0.0,3.4,0.8,10.242085661080068,0.8013636363636363,0.0,-0.017788853964361362,0.10151223235490718,13.43799991607666
1908-09-01,0.172,0.03,0.0,3.4,0.8,10.242085661080068,0.8013636363636363,0.0,-0.017788853964361362,0.10151223235490718,13.43799991607666
1908-10-01,0.172,0.03,0.0,3.4,0.8,10.242085661080068,0.8013636363636363,0.0,-0.017788853964361362,0.10151223235490718,13.43799991607666
1908-11-01,0.172,0.03,0.0,3.4,0.8,10.242085661080068,0.8013636363636363,0.0,-0.017788853964361362,0.10151223235490718,13.43799991607666
1908-12-01,0.172,0.03,0.0,3.4,0.8,10.242085661080068,0.8013636363636363,0.0,-0.017788853964361362,0.10151223235490718,13.43799991607666
1909-01-01,0.172,0.03,0.0,3.4,0.8,10.242085661080068,0.8013636363636363,0.0,-0.017788853964361362,0.10151223235490718,13.43799991607666
1909-02-01,0.172,0.03,0.0,3.4,0.8,10.242085661080068,0.8013636363636363,0.0,-0.017788853964361362,0.10151223235490718,13.43799991607666
1909-03-01,0.172,0.03,0.0,3.4,0.8,10.242085661080068,0.8013636363636363,0.0,-0.017788853964361362,0.10151223235490718,13.43799991607666
1909-04-01,0.172,0.03,0.0,3.4,0.8,10.242085661080068,0.8013636363636363,0.0,-0.017788853964361362,0.10151223235490718,13.43799991607666
1909-05-01,0.172,0.03,0.0,3.4,0.8,10.242085661080068,0.8013636363636363,0.0,-0.017788853964361362,0.10151223235490718,13.43799991607666
1909-06-01,0.172,0.03,0.0,3.4,0.8,10.242085661080068,0.8013636363636363,0.0,-0.017788853964361362,0.10151223235490718,13.43799991607666
1909-07-01,0.172,0.03,0.0,3.4,0.8,10.242085661080068,0.8013636363636363,0.0,-0.017788853964361362,0.10151223235490718,13.43799991607666
1909-08-01,0.172,0.03,0.0,3.4,0.8,10.242085661080068,0.8013636363636363,0.0,-0.017788853964361362,0.10151223235490718,13.43799991607666
1909-09-01,0.172,0.03,0.0,3.4,0.8,10.242085661080068,0.8013636363636363,0.0,-0.017788853964361362,0.10151223235490718,13.43799991607666
1909-10-01,0.172,0.03,0.0,3.4,0.8,10.242085661080068,0.8013636363636363,0.0,-0.017788853964361362,0.10151223235490718,13.43799991607666
1909-11-01,0.172,0.03,0.0,3.4,0.8,10.242085661080068,0.8013636363636363,0.0,-0.017788853964361362,0.10151223235490718,13.43799991607666
1909-12-01,0.172,0.03,0.0,3.4,0.8,10.242085661080068,0.8013636363636363,0.0,-0.017788853964361362,0.10151223235490718,13.43799991607666
1910-01-01,0.172,0.03,0.0,3.4,0.8,10.242085661080068,0.8013636363636363,0.0,-0.017788853964361362,0.10151223235490718,13.43799991607666
1910-02-01,0.172,0.03,0.0,3.4,0.8,10.242085661080068,0.8013636363636363,1.0,-0.017788853964361362,0.10151223235490718,13.43799991607666
1910-03-01,0.172,0.03,0.0,3.4,0.8,10.242085661080068,0.8013636363636363,1.0,-0.017788853964361362,0.10151223235490718,13.43799991607666
1910-04-01,0.172,0.03,0.0,3.4,0.8,10.242085661080068,0.8013636363636363,1.0,-0.017788853964361362,0.10151223235490718,13.43799991607666
1910-05-01,0.172,0.03,0.0,3.4,0.8,10.242085661080068,0.8013636363636363,1.0,-0.017788853964361362,0.10151223235490718,13.43799991607666
1910-06-01,0.172,0.03,0.0,3.4,0.8,10.242085661080068,0.8013636363636363,1.0,-0.017788853964361362,0.10151223235490718,13.43799991607666
1910-07-01,0.172,0.03,0.0,3.4,0.8,10.242085661080068,0.8013636363636363,1.0,-0.017788853964361362,0.10151223235490718,13.43799991607666
1910-08-01,0.172,0.03,0.0,3.4,0.8,10.242085661080068,0.8013636363636363,1.0,-0.017788853964361362,0.10151223235490718,13.43799991607666
1910-09-01,0.172,0.03,0.0,3.4,0.8,10.242085661080068,0.8013636363636363,1.0,-0.017788853964361362,0.10151223235490718,13.43799991607666
1910-10-01,0.172,0.03,0.0,3.4,0.8,10.242085661080068,0.8013636363636363,1.0,-0.017788853964361362,0.10151223235490718,13.43799991607666
1910-11-01,0.172,0.03,0.0,3.4,0.8,10.242085661080068,0.8013636363636363,1.0,-0.017788853964361362,0.10151223235490718,13.43799991607666
1910-12-01,0.172,0.03,0.0,3.4,0.8,10.242085661080068,0.8013636363636363,1.0,-0.017788853964361362,0.10151223235490718,13.43799991607666
1911-01-01,0.172,0.03,0.0,3.4,0.8,10.242085661080068,0.8013636363636363,1.0,-0.017788853964361362,0.10151223235490718,13.43799991607666
1911-02-01,0.172,0.03,0.0,3.4,0.8,10.242085661080068,0.8013636363636363,1.0,-0.017788853964361362,0.10151223235490718,13.43799991607666
1911-03-01,0.172,0.03,0.0,3.4,0.8,10.242085661080068,0.8013636363636363,1.0,-0.017788853964361362,0.10151223235490718,13.43799991607666
1911-04-01,0.172,0.03,0.0,3.4,0.8,10.242085661080068,0.8013636363636363,1.0,-0.017788853964361362,0.10151223235490718,13.43799991607666
1911-05-01,0.172,0.03,0.0,3.4,0.8,10.242085661080068,0.8013636363636363,1.0,-0.017788853964361362,0.10151223235490718,13.43799991607666
1911-06-01,0.172,0.03,0.0,3.4,0.8,10.242085661080068,0.8013636363636363,1.0,-0.017788853964361362,0.10151223235490718,13.43799991607666
1911-07-01,0.172,0.03,0.0,3.4,0.8,10.242085661080068,0.8013636363636363,1.0,-0.017788853964361362,0.10151223235490718,13.43799991607666
1911-08-01,0.172,0.03,0.0,3.4,0.8,10.242085661080068,0.8013636363636363,1.0,-0.017788853964361362,0.10151223235490718,13.43799991607666
1911-09-01,0.172,0.03,0.0,3.4,0.8,10.242085661080068,0.8013636363636363,1.0,-0.017788853964361362,0.10151223235490718,13.43799991607666
1911-10-01,0.172,0.03,0.0,3.4,0.8,10.242085661080068,0.8013636363636363,1.0,-0.017788853964361362,0.10151223235490718,13.43799991607666
1911-11-01,0.172,0.03,0.0,3.4,0.8,10.242085661080068,0.8013636363636363,1.0,-0.017788853964361362,0.10151223235490718,13.43799991607666
1911-12-01,0.172,0.03,0.0,3.4,0.8,10.242085661080068,0.8013636363636363,1.0,-0.017788853964361362,0.10151223235490718,13.43799991607666
1912-01-01,0.172,0.03,0.0,3.4,0.8,10.242085661080068,0.8013636363636363,1.0,-0.017788853964361362,0.10151223235490718,13.43799991607666
1912-02-01,0.172,0.03,0.0,3.4,0.8,10.242085661080068,0.8013636363636363,0.0,-0.017788853964361362,0.10151223235490718,13.43799991607666
1912-03-01,0.172,0.03,0.0,3.4,0.8,10.242085661080068,0.8013636363636363,0.0,-0.017788853964361362,0.10151223235490718,13.43799991607666
1912-04-01,0.172,0.03,0.0,3.4,0.8,10.242085661080068,0.8013636363636363,0.0,-0.017788853964361362,0.10151223235490718,13.43799991607666
1912-05-01,0.172,0.03,0.0,3.4,0.8,10.242085661080068,0.8013636363636363,0.0,-0.017788853964361362,0.10151223235490718,13.43799991607666
1912-06-01,0.172,0.03,0.0,3.4,0.8,10.242085661080068,0.8013636363636363,0.0,-0.017788853964361362,0.10151223235490718,13.43799991607666
1912-07-01,0.172,0.03,0.0,3.4,0.8,10.242085661080068,0.8013636363636363,0.0,-0.017788853964361362,0.10151223235490718,13.43799991607666
1912-08-01,0.172,0.03,0.0,3.4,0.8,10.242085661080068,0.8013636363636363,0.0,-0.017788853964361362,0.10151223235490718,13.43799991607666
1912-09-01,0.172,0.03,0.0,3.4,0.8,10.242085661080068,0.8013636363636363,0.0,-0.017788853964361362,0.10151223235490718,13.43799991607666
1912-10-01,0.172,0.03,0.0,3.4,0.8,10.242085661080068,0.8013636363636363,0.0,-0.017788853964361362,0.10151223235490718,13.43799991607666
1912-11-01,0.172,0.03,0.0,3.4,0.8,10.242085661080068,0.8013636363636363,0.0,-0.017788853964361362,0.10151223235490718,13.43799991607666
1912-12-01,0.172,0.03,0.0,3.4,0.8,10.242085661080068,0.8013636363636363,0.0,-0.017788853964361362,0.10151223235490718,13.43799991607666
1913-01-01,0.172,0.03,0.0,3.4,0.8,10.242085661080068,0.8013636363636363,0.0,-0.017788853964361362,0.10151223235490718,13.43799991607666
1913-02-01,0.172,0.03,0.0,3.4,0.8,10.242085661080068,0.8013636363636363,1.0,-0.017788853964361362,0.10151223235490718,13.43799991607666
1913-03-01,0.172,0.03,0.0,3.4,0.8,10.242085661080068,0.8013636363636363,1.0,-0.017788853964361362,0.10151223235490718,13.43799991607666
1913-04-01,0.172,0.03,0.0,3.4,0.8,10.242085661080068,0.8013636363636363,1.0,-0.017788853964361362,0.10151223235490718,13.43799991607666
1913-05-01,0.172,0.03,0.0,3.4,0.8,10.242085661080068,0.8013636363636363,1.0,-0.017788853964361362,0.10151223235490718,13.43799991607666
1913-06-01,0.172,0.03,0.0,3.4,0.8,10.242085661080068,0.8013636363636363,1.0,-0.017788853964361362,0.10151223235490718,13.43799991607666
1913-07-01,0.172,0.03,0.0,3.4,0.8,10.242085661080068,0.8013636363636363,1.0,-0.017788853964361362,0.10151223235490718,13.43799991607666
1913-08-01,0.172,0.03,0.0,3.4,0.8,10.242085661080068,0.8013636363636363,1.0,-0.017788853964361362,0.10151223235490718,13.43799991607666
1913-09-01,0.172,0.03,0.0,3.4,0.8,10.242085661080068,0.8013636363636363,1.0,-0.017788853964361362,0.10151223235490718,13.43799991607666
1913-10-01,0.172,0.03,0.0,3.4,0.8,10.242085661080068,0.8013636363636363,1.0,-0.017788853964361362,0.10151223235490718,13.43799991607666
1913-11-01,0.172,0.03,0.0,3.4,0.8,10.242085661080068,0.8013636363636363,1.0,-0.017788853964361362,0.10151223235490718,13.43799991607666
1913-12-01,0.172,0.03,0.0,3.4,0.8,10.242085661080068,0.8013636363636363,1.0,-0.017788853964361362,0.10151223235490718,13.43799991607666
1914-01-01,0.172,0.03,0.0,3.4,0.8,10.242085661080068,0.8013636363636363,1.0,-0.017788853964361362,0.10151223235490718,13.43799991607666
1914-02-01,0.172,0.03,0.0,3.4,0.8,10.242085661080068,0.8013636363636363,1.0,-0.017788853964361362,0.10151223235490718,13.43799991607666
1914-03-01,0.172,0.03,0.0,3.4,0.8,10.242085661080068,0.8013636363636363,1.0,-0.017788853964361362,0.10151223235490718,13.43799991607666
1914-04-01,0.172,0.03,0.0,3.4,0.8,10.242085661080068,0.8013636363636363,1.0,-0.017788853964361362,0.10151223235490718,13.43799991607666
1914-05-01,0.172,0.03,0.0,3.4,0.8,10.242085661080068,0.8013636363636363,1.0,-0.017788853964361362,0.10151223235490718,13.43799991607666
1914-06-01,0.172,0.03,0.0,3.4,0.8,10.242085661080068,0.8013636363636363,1.0,-0.017788853964361362,0.10151223235490718,13.43799991607666
1914-07-01,0.172,0.03,0.0,3.4,0.8,10.242085661080068,0.8013636363636363,1.0,-0.017788853964361362,0.10151223235490718,13.43799991607666
1914-08-01,0.172,0.03,0.0,3.4,0.8,10.242085661080068,0.8013636363636363,1.0,-0.017788853964361362,0.10151223235490718,13.43799991607666
1914-09-01,0.172,0.03,0.0,3.4,0.8,10.242085661080068,0.8013636363636363,1.0,-0.017788853964361362,0.10151223235490718,13.43799991607666
1914-10-01,0.172,0.03,0.0,3.4,0.8,10.242085661080068,0.8013636363636363,1.0,-0.017788853964361362,0.10151223235490718,13.43799991607666
1914-11-01,0.172,0.03,0.0,3.4,0.8,10.242085661080068,0.8013636363636363,1.0,-0.017788853964361362,0.10151223235490718,13.43799991607666
1914-12-01,0.172,0.03,0.0,3.4,0.8,10.242085661080068,0.8013636363636363,1.0,-0.017788853964361362,0.10151223235490718,13.43799991607666
1915-01-01,0.172,0.03,0.0,3.4,0.8,10.242085661080068,0.8013636363636363,0.0,-0.017788853964361362,0.10151223235490718,13.43799991607666
1915-02-01,0.172,0.03,0.0,3.4,0.8,10.242085661080068,0.8013636363636363,0.0,-0.017788853964361362,0.10151223235490718,13.43799991607666
1915-03-01,0.172,0.03,0.0,3.4,0.8,10.242085661080068,0.8013636363636363,0.0,-0.017788853964361362,0.10151223235490718,13.43799991607666
1915-04-01,0.172,0.03,0.0,3.4,0.8,10.242085661080068,0.8013636363636363,0.0,-0.017788853964361362,0.10151223235490718,13.43799991607666
1915-05-01,0.172,0.03,0.0,3.4,0.8,10.242085661080068,0.8013636363636363,0.0,-0.017788853964361362,0.10151223235490718,13.43799991607666
1915-06-01,0.172,0.03,0.0,3.4,0.8,10.242085661080068,0.8013636363636363,0.0,-0.017788853964361362,0.10151223235490718,13.43799991607666
1915-07-01,0.172,0.03,0.0,3.4,0.8,10.242085661080068,0.8013636363636363,0.0,-0.017788853964361362,0.10151223235490718,13.43799991607666
1915-08-01,0.172,0.03,0.0,3.4,0.8,10.242085661080068,0.8013636363636363,0.0,-0.017788853964361362,0.10151223235490718,13.43799991607666
1915-09-01,0.172,0.03,0.0,3.4,0.8,10.242085661080068,0.8013636363636363,0.0,-0.017788853964361362,0.10151223235490718,13.43799991607666
1915-10-01,0.172,0.03,0.0,3.4,0.8,10.242085661080068,0.8013636363636363,0.0,-0.017788853964361362,0.10151223235490718,13.43799991607666
1915-11-01,0.172,0.03,0.0,3.4,0.8,10.242085661080068,0.8013636363636363,0.0,-0.017788853964361362,0.10151223235490718,13.43799991607666
1915-12-01,0.172,0.03,0.0,3.4,0.8,10.242085661080068,0.8013636363636363,0.0,-0.017788853964361362,0.10151223235490718,13.43799991607666
1916-01-01,0.172,0.03,0.0,3.4,0.8,10.242085661080068,0.8013636363636363,0.0,-0.017788853964361362,0.10151223235490718,13.43799991607666
1916-02-01,0.172,0.03,0.0,3.4,0.8,10.242085661080068,0.8013636363636363,0.0,-0.017788853964361362,0.10151223235490718,13.43799991607666
1916-03-01,0.172,0.03,0.0,3.4,0.8,10.242085661080068,0.8013636363636363,0.0,-0.017788853964361362,0.10151223235490718,13.43799991607666
1916-04-01,0.172,0.03,0.0,3.4,0.8,10.242085661080068,0.8013636363636363,0.0,-0.017788853964361362,0.10151223235490718,13.43799991607666
1916-05-01,0.172,0.03,0.0,3.4,0.8,10.242085661080068,0.8013636363636363,0.0,-0.017788853964361362,0.10151223235490718,13.43799991607666
1916-06-01,0.172,0.03,0.0,3.4,0.8,10.242085661080068,0.8013636363636363,0.0,-0.017788853964361362,0.10151223235490718,13.43799991607666
1916-07-01,0.172,0.03,0.0,3.4,0.8,10.242085661080068,0.8013636363636363,0.0,-0.017788853964361362,0.10151223235490718,13.43799991607666
1916-08-01,0.172,0.03,0.0,3.4,0.8,10.242085661080068,0.8013636363636363,0.0,-0.017788853964361362,0.10151223235490718,13.43799991607666
1916-09-01,0.172,0.03,0.0,3.4,0.8,10.242085661080068,0.8013636363636363,0.0,-0.017788853964361362,0.10151223235490718,13.43799991607666
1916-10-01,0.172,0.03,0.0,3.4,0.8,10.242085661080068,0.8013636363636363,0.0,-0.017788853964361362,0.10151223235490718,13.43799991607666
1916-11-01,0.172,0.03,0.0,3.4,0.8,10.242085661080068,0.8013636363636363,0.0,-0.017788853964361362,0.10151223235490718,13.43799991607666
1916-12-01,0.172,0.03,0.0,3.4,0.8,10.242085661080068,0.8013636363636363,0.0,-0.017788853964361362,0.10151223235490718,13.43799991607666
1917-01-01,0.172,0.03,0.0,3.4,0.8,10.242085661080068,0.8013636363636363,0.0,-0.017788853964361362,0.10151223235490718,13.43799991607666
1917-02-01,0.172,0.03,0.0,3.4,0.8,10.242085661080068,0.8013636363636363,0.0,-0.017788853964361362,0.10151223235490718,13.43799991607666
1917-03-01,0.172,0.03,0.0,3.4,0.8,10.242085661080068,0.8013636363636363,0.0,-0.017788853964361362,0.10151223235490718,13.43799991607666
1917-04-01,0.172,0.03,0.0,3.4,0.8,10.242085661080068,0.8013636363636363,0.0,-0.017788853964361362,0.10151223235490718,13.43799991607666
1917-05-01,0.172,0.03,0.0,3.4,0.8,10.242085661080068,0.8013636363636363,0.0,-0.017788853964361362,0.10151223235490718,13.43799991607666
1917-06-01,0.172,0.03,0.0,3.4,0.8,10.242085661080068,0.8013636363636363,0.0,-0.017788853964361362,0.10151223235490718,13.43799991607666
1917-07-01,0.172,0.03,0.0,3.4,0.8,10.242085661080068,0.8013636363636363,0.0,-0.017788853964361362,0.10151223235490718,13.43799991607666
1917-08-01,0.172,0.03,0.0,3.4,0.8,10.242085661080068,0.8013636363636363,0.0,-0.017788853964361362,0.10151223235490718,13.43799991607666
1917-09-01,0.172,0.03,0.0,3.4,0.8,10.242085661080068,0.8013636363636363,0.0,-0.017788853964361362,0.10151223235490718,13.43799991607666
1917-10-01,0.172,0.03,0.0,3.4,0.8,10.242085661080068,0.8013636363636363,0.0,-0.017788853964361362,0.10151223235490718,13.43799991607666
1917-11-01,0.172,0.03,0.0,3.4,0.8,10.242085661080068,0.8013636363636363,0.0,-0.017788853964361362,0.10151223235490718,13.43799991607666
1917-12-01,0.172,0.03,0.0,3.4,0.8,10.242085661080068,0.8013636363636363,0.0,-0.017788853964361362,0.10151223235490718,13.43799991607666
1918-01-01,0.172,0.03,0.0,3.4,0.8,10.242085661080068,0.8013636363636363,0.0,-0.017788853964361362,0.10151223235490718,13.43799991607666
1918-02-01,0.172,0.03,0.0,3.4,0.8,10.242085661080068,0.8013636363636363,0.0,-0.017788853964361362,0.10151223235490718,13.43799991607666
1918-03-01,0.172,0.03,0.0,3.4,0.8,10.242085661080068,0.8013636363636363,0.0,-0.017788853964361362,0.10151223235490718,13.43799991607666
1918-04-01,0.172,0.03,0.0,3.4,0.8,10.242085661080068,0.8013636363636363,0.0,-0.017788853964361362,0.10151223235490718,13.43799991607666
1918-05-01,0.172,0.03,0.0,3.4,0.8,10.242085661080068,0.8013636363636363,0.0,-0.017788853964361362,0.10151223235490718,13.43799991607666
1918-06-01,0.172,0.03,0.0,3.4,0.8,10.242085661080068,0.8013636363636363,0.0,-0.017788853964361362,0.10151223235490718,13.43799991607666
1918-07-01,0.172,0.03,0.0,3.4,0.8,10.242085661080068,0.8013636363636363,0.0,-0.017788853964361362,0.10151223235490718,13.43799991607666
1918-08-01,0.172,0.03,0.0,3.4,0.8,10.242085661080068,0.8013636363636363,0.0,-0.017788853964361362,0.10151223235490718,13.43799991607666
1918-09-01,0.172,0.03,0.0,3.4,0.8,10.242085661080068,0.8013636363636363,1.0,-0.017788853964361362,0.10151223235490718,13.43799991607666
1918-10-01,0.172,0.03,0.0,3.4,0.8,10.242085661080068,0.8013636363636363,1.0,-0.017788853964361362,0.10151223235490718,13.43799991607666
1918-11-01,0.172,0.03,0.0,3.4,0.8,10.242085661080068,0.8013636363636363,1.0,-0.017788853964361362,0.10151223235490718,13.43799991607666
1918-12-01,0.172,0.03,0.0,3.4,0.8,10.242085661080068,0.8013636363636363,1.0,-0.017788853964361362,0.10151223235490718,13.43799991607666
1919-01-01,0.172,0.03,0.0,3.4,0.8,10.242085661080068,0.8013636363636363,1.0,-0.017788853964361362,0.10151223235490718,13.43799991607666
1919-02-01,0.172,0.03,0.0,3.4,0.8,10.242085661080068,0.8013636363636363,1.0,-0.017788853964361362,0.10151223235490718,13.43799991607666
1919-03-01,0.172,0.03,0.0,3.4,0.8,10.242085661080068,0.8013636363636363,1.0,-0.017788853964361362,0.10151223235490718,13.43799991607666
1919-04-01,0.172,0.03,0.0,3.4,0.8,10.242085661080068,0.8013636363636363,0.0,-0.017788853964361362,0.10151223235490718,13.43799991607666
1919-05-01,0.172,0.03,0.0,3.4,0.8,10.242085661080068,0.8013636363636363,0.0,-0.017788853964361362,0.10151223235490718,13.43799991607666
1919-06-01,0.172,0.03,0.0,3.4,0.8,10.242085661080068,0.8013636363636363,0.0,-0.017788853964361362,0.10151223235490718,13.43799991607666
1919-07-01,0.172,0.03,0.0,3.4,0.8,10.242085661080068,0.8013636363636363,0.0,-0.017788853964361362,0.10151223235490718,13.43799991607666
1919-08-01,0.172,0.03,0.0,3.4,0.8,10.242085661080068,0.8013636363636363,0.0,-0.017788853964361362,0.10151223235490718,13.43799991607666
1919-09-01,0.172,0.03,0.0,3.4,0.8,10.242085661080068,0.8013636363636363,0.0,-0.017788853964361362,0.10151223235490718,13.43799991607666
1919-10-01,0.172,0.03,0.0,3.4,0.8,10.242085661080068,0.8013636363636363,0.0,-0.017788853964361362,0.10151223235490718,13.43799991607666
1919-11-01,0.172,0.03,0.0,3.4,0.8,10.242085661080068,0.8013636363636363,0.0,-0.017788853964361362,0.10151223235490718,13.43799991607666
1919-12-01,0.172,0.03,0.0,3.4,0.8,10.242085661080068,0.8013636363636363,0.0,-0.017788853964361362,0.10151223235490718,13.43799991607666
1920-01-01,0.172,0.03,0.0,3.4,0.8,10.242085661080068,0.8013636363636363,0.0,-0.017788853964361362,0.10151223235490718,13.43799991607666
1920-02-01,0.172,0.03,0.0,3.4,0.8,10.242085661080068,0.8013636363636363,1.0,-0.017788853964361362,0.10151223235490718,13.43799991607666
1920-03-01,0.172,0.03,0.0,3.4,0.8,10.242085661080068,0.8013636363636363,1.0,-0.017788853964361362,0.10151223235490718,13.43799991607666
1920-04-01,0.172,0.03,0.0,3.4,0.8,10.242085661080068,0.8013636363636363,1.0,-0.017788853964361362,0.10151223235490718,13.43799991607666
1920-05-01,0.172,0.03,0.0,3.4,0.8,10.242085661080068,0.8013636363636363,1.0,-0.017788853964361362,0.10151223235490718,13.43799991607666
1920-06-01,0.172,0.03,0.0,3.4,0.8,10.242085661080068,0.8013636363636363,1.0,-0.017788853964361362,0.10151223235490718,13.43799991607666
1920-07-01,0.172,0.03,0.0,3.4,0.8,10.242085661080068,0.8013636363636363,1.0,-0.017788853964361362,0.10151223235490718,13.43799991607666
1920-08-01,0.172,0.03,0.0,3.4,0.8,10.242085661080068,0.8013636363636363,1.0,-0.017788853964361362,0.10151223235490718,13.43799991607666
1920-09-01,0.172,0.03,0.0,3.4,0.8,10.242085661080068,0.8013636363636363,1.0,-0.017788853964361362,0.10151223235490718,13.43799991607666
1920-10-01,0.172,0.03,0.0,3.4,0.8,10.242085661080068,0.8013636363636363,1.0,-0.017788853964361362,0.10151223235490718,13.43799991607666
1920-11-01,0.172,0.03,0.0,3.4,0.8,10.242085661080068,0.8013636363636363,1.0,-0.017788853964361362,0.10151223235490718,13.43799991607666
1920-12-01,0.172,0.03,0.0,3.4,0.8,10.242085661080068,0.8013636363636363,1.0,-0.017788853964361362,0.10151223235490718,13.43799991607666
1921-01-01,0.172,0.03,0.0,3.4,0.8,10.242085661080068,0.8013636363636363,1.0,-0.017788853964361362,0.10151223235490718,13.43799991607666
1921-02-01,0.172,0.03,0.0,3.4,0.8,10.242085661080068,0.8013636363636363,1.0,-0.017788853964361362,0.10151223235490718,13.43799991607666
1921-03-01,0.172,0.03,0.0,3.4,0.8,10.242085661080068,0.8013636363636363,1.0,-0.017788853964361362,0.10151223235490718,13.43799991607666
1921-04-01,0.172,0.03,0.0,3.4,0.8,10.242085661080068,0.8013636363636363,1.0,-0.017788853964361362,0.10151223235490718,13.43799991607666
1921-05-01,0.172,0.03,0.0,3.4,0.8,10.242085661080068,0.8013636363636363,1.0,-0.017788853964361362,0.10151223235490718,13.43799991607666
1921-06-01,0.172,0.03,0.0,3.4,0.8,10.242085661080068,0.8013636363636363,1.0,-0.017788853964361362,0.10151223235490718,13.43799991607666
1921-07-01,0.172,0.03,0.0,3.4,0.8,10.242085661080068,0.8013636363636363,1.0,-0.017788853964361362,0.10151223235490718,13.43799991607666
1921-08-01,0.172,0.03,0.0,3.4,0.8,10.242085661080068,0.8013636363636363,0.0,-0.017788853964361362,0.10151223235490718,13.43799991607666
1921-09-01,0.172,0.03,0.0,3.4,0.8,10.242085661080068,0.8013636363636363,0.0,-0.017788853964361362,0.10151223235490718,13.43799991607666
1921-10-01,0.172,0.03,0.0,3.4,0.8,10.242085661080068,0.8013636363636363,0.0,-0.017788853964361362,0.10151223235490718,13.43799991607666
1921-11-01,0.172,0.03,0.0,3.4,0.8,10.242085661080068,0.8013636363636363,0.0,-0.017788853964361362,0.10151223235490718,13.43799991607666
1921-12-01,0.172,0.03,0.0,3.4,0.8,10.242085661080068,0.8013636363636363,0.0,-0.017788853964361362,0.10151223235490718,13.43799991607666
1922-01-01,0.172,0.03,0.0,3.4,0.8,10.242085661080068,0.8013636363636363,0.0,-0.017788853964361362,0.10151223235490718,13.43799991607666
1922-02-01,0.172,0.03,0.0,3.4,0.8,10.242085661080068,0.8013636363636363,0.0,-0.017788853964361362,0.10151223235490718,13.43799991607666
1922-03-01,0.172,0.03,0.0,3.4,0.8,10.242085661080068,0.8013636363636363,0.0,-0.017788853964361362,0.10151223235490718,13.43799991607666
1922-04-01,0.172,0.03,0.0,3.4,0.8,10.242085661080068,0.8013636363636363,0.0,-0.017788853964361362,0.10151223235490718,13.43799991607666
1922-05-01,0.172,0.03,0.0,3.4,0.8,10.242085661080068,0.8013636363636363,0.0,-0.017788853964361362,0.10151223235490718,13.43799991607666
1922-06-01,0.172,0.03,0.0,3.4,0.8,10.242085661080068,0.8013636363636363,0.0,-0.017788853964361362,0.10151223235490718,13.43799991607666
1922-07-01,0.172,0.03,0.0,3.4,0.8,10.242085661080068,0.8013636363636363,0.0,-0.017788853964361362,0.10151223235490718,13.43799991607666
1922-08-01,0.172,0.03,0.0,3.4,0.8,10.242085661080068,0.8013636363636363,0.0,-0.017788853964361362,0.10151223235490718,13.43799991607666
1922-09-01,0.172,0.03,0.0,3.4,0.8,10.242085661080068,0.8013636363636363,0.0,-0.017788853964361362,0.10151223235490718,13.43799991607666
1922-10-01,0.172,0.03,0.0,3.4,0.8,10.242085661080068,0.8013636363636363,0.0,-0.017788853964361362,0.10151223235490718,13.43799991607666
1922-11-01,0.172,0.03,0.0,3.4,0.8,10.242085661080068,0.8013636363636363,0.0,-0.017788853964361362,0.10151223235490718,13.43799991607666
1922-12-01,0.172,0.03,0.0,3.4,0.8,10.242085661080068,0.8013636363636363,0.0,-0.017788853964361362,0.10151223235490718,13.43799991607666
1923-01-01,0.172,0.03,0.0,3.4,0.8,10.242085661080068,0.8013636363636363,0.0,-0.017788853964361362,0.10151223235490718,13.43799991607666
1923-02-01,0.172,0.03,0.0,3.4,0.8,10.242085661080068,0.8013636363636363,0.0,-0.017788853964361362,0.10151223235490718,13.43799991607666
1923-03-01,0.172,0.03,0.0,3.4,0.8,10.242085661080068,0.8013636363636363,0.0,-0.017788853964361362,0.10151223235490718,13.43799991607666
1923-04-01,0.172,0.03,0.0,3.4,0.8,10.242085661080068,0.8013636363636363,0.0,-0.017788853964361362,0.10151223235490718,13.43799991607666
1923-05-01,0.172,0.03,0.0,3.4,0.8,10.242085661080068,0.8013636363636363,0.0,-0.017788853964361362,0.10151223235490718,13.43799991607666
1923-06-01,0.172,0.03,0.0,3.4,0.8,10.242085661080068,0.8013636363636363,1.0,-0.017788853964361362,0.10151223235490718,13.43799991607666
1923-07-01,0.172,0.03,0.0,3.4,0.8,10.242085661080068,0.8013636363636363,1.0,-0.017788853964361362,0.10151223235490718,13.43799991607666
1923-08-01,0.172,0.03,0.0,3.4,0.8,10.242085661080068,0.8013636363636363,1.0,-0.017788853964361362,0.10151223235490718,13.43799991607666
1923-09-01,0.172,0.03,0.0,3.4,0.8,10.242085661080068,0.8013636363636363,1.0,-0.017788853964361362,0.10151223235490718,13.43799991607666
1923-10-01,0.172,0.03,0.0,3.4,0.8,10.242085661080068,0.8013636363636363,1.0,-0.017788853964361362,0.10151223235490718,13.43799991607666
1923-11-01,0.172,0.03,0.0,3.4,0.8,10.242085661080068,0.8013636363636363,1.0,-0.017788853964361362,0.10151223235490718,13.43799991607666
1923-12-01,0.172,0.03,0.0,3.4,0.8,10.242085661080068,0.8013636363636363,1.0,-0.017788853964361362,0.10151223235490718,13.43799991607666
1924-01-01,0.172,0.03,0.0,3.4,0.8,10.242085661080068,0.8013636363636363,1.0,-0.017788853964361362,0.10151223235490718,13.43799991607666
1924-02-01,0.172,0.03,0.0,3.4,0.8,10.242085661080068,0.8013636363636363,1.0,-0.017788853964361362,0.10151223235490718,13.43799991607666
1924-03-01,0.172,0.03,0.0,3.4,0.8,10.242085661080068,0.8013636363636363,1.0,-0.017788853964361362,0.10151223235490718,13.43799991607666
1924-04-01,0.172,0.03,0.0,3.4,0.8,10.242085661080068,0.8013636363636363,1.0,-0.017788853964361362,0.10151223235490718,13.43799991607666
1924-05-01,0.172,0.03,0.0,3.4,0.8,10.242085661080068,0.8013636363636363,1.0,-0.017788853964361362,0.10151223235490718,13.43799991607666
1924-06-01,0.172,0.03,0.0,3.4,0.8,10.242085661080068,0.8013636363636363,1.0,-0.017788853964361362,0.10151223235490718,13.43799991607666
1924-07-01,0.172,0.03,0.0,3.4,0.8,10.242085661080068,0.8013636363636363,1.0,-0.017788853964361362,0.10151223235490718,13.43799991607666
1924-08-01,0.172,0.03,0.0,3.4,0.8,10.242085661080068,0.8013636363636363,0.0,-0.017788853964361362,0.10151223235490718,13.43799991607666
1924-09-01,0.172,0.03,0.0,3.4,0.8,10.242085661080068,0.8013636363636363,0.0,-0.017788853964361362,0.10151223235490718,13.43799991607666
1924-10-01,0.172,0.03,0.0,3.4,0.8,10.242085661080068,0.8013636363636363,0.0,-0.017788853964361362,0.10151223235490718,13.43799991607666
1924-11-01,0.172,0.03,0.0,3.4,0.8,10.242085661080068,0.8013636363636363,0.0,-0.017788853964361362,0.10151223235490718,13.43799991607666
1924-12-01,0.172,0.03,0.0,3.4,0.8,10.242085661080068,0.8013636363636363,0.0,-0.017788853964361362,0.10151223235490718,13.43799991607666
1925-01-01,0.172,0.03,0.0,3.4,0.8,10.242085661080068,0.8013636363636363,0.0,-0.017788853964361362,0.10151223235490718,13.43799991607666
1925-02-01,0.172,0.03,0.0,3.4,0.8,10.242085661080068,0.8013636363636363,0.0,-0.017788853964361362,0.10151223235490718,13.43799991607666
1925-03-01,0.172,0.03,0.0,3.4,0.8,10.242085661080068,0.8013636363636363,0.0,-0.017788853964361362,0.10151223235490718,13.43799991607666
1925-04-01,0.172,0.03,0.0,3.4,0.8,10.242085661080068,0.8013636363636363,0.0,-0.017788853964361362,0.10151223235490718,13.43799991607666
1925-05-01,0.172,0.03,0.0,3.4,0.8,10.242085661080068,0.8013636363636363,0.0,-0.017788853964361362,0.10151223235490718,13.43799991607666
1925-06-01,0.172,0.03,0.0,3.4,0.8,10.242085661080068,0.8013636363636363,0.0,-0.017788853964361362,0.10151223235490718,13.43799991607666
1925-07-01,0.172,0.03,0.0,3.4,0.8,10.242085661080068,0.8013636363636363,0.0,-0.017788853964361362,0.10151223235490718,13.43799991607666
1925-08-01,0.172,0.03,0.0,3.4,0.8,10.242085661080068,0.8013636363636363,0.0,-0.017788853964361362,0.10151223235490718,13.43799991607666
1925-09-01,0.172,0.03,0.0,3.4,0.8,10.242085661080068,0.8013636363636363,0.0,-0.017788853964361362,0.10151223235490718,13.43799991607666
1925-10-01,0.172,0.03,0.0,3.4,0.8,10.242085661080068,0.8013636363636363,0.0,-0.017788853964361362,0.10151223235490718,13.43799991607666
1925-11-01,0.172,0.03,0.0,3.4,0.8,10.242085661080068,0.8013636363636363,0.0,-0.017788853964361362,0.10151223235490718,13.43799991607666
1925-12-01,0.172,0.03,0.0,3.4,0.8,10.242085661080068,0.8013636363636363,0.0,-0.017788853964361362,0.10151223235490718,13.43799991607666
1926-01-01,0.172,0.03,0.0,3.4,0.8,10.242085661080068,0.8013636363636363,0.0,-0.017788853964361362,0.10151223235490718,13.43799991607666
1926-02-01,0.172,0.03,0.0,3.4,0.8,10.242085661080068,0.8013636363636363,0.0,-0.017788853964361362,0.10151223235490718,13.43799991607666
1926-03-01,0.172,0.03,0.0,3.4,0.8,10.242085661080068,0.8013636363636363,0.0,-0.017788853964361362,0.10151223235490718,13.43799991607666
1926-04-01,0.172,0.03,0.0,3.4,0.8,10.242085661080068,0.8013636363636363,0.0,-0.017788853964361362,0.10151223235490718,13.43799991607666
1926-05-01,0.172,0.03,0.0,3.4,0.8,10.242085661080068,0.8013636363636363,0.0,-0.017788853964361362,0.10151223235490718,13.43799991607666
1926-06-01,0.172,0.03,0.0,3.4,0.8,10.242085661080068,0.8013636363636363,0.0,-0.017788853964361362,0.10151223235490718,13.43799991607666
1926-07-01,0.172,0.03,0.0,3.4,0.8,10.242085661080068,0.8013636363636363,0.0,-0.017788853964361362,0.10151223235490718,13.43799991607666
1926-08-01,0.172,0.03,0.0,3.4,0.8,10.242085661080068,0.8013636363636363,0.0,-0.017788853964361362,0.10151223235490718,13.43799991607666
1926-09-01,0.172,0.03,0.0,3.4,0.8,10.242085661080068,0.8013636363636363,0.0,-0.017788853964361362,0.10151223235490718,13.43799991607666
1926-10-01,0.172,0.03,0.0,3.4,0.8,10.242085661080068,0.8013636363636363,0.0,-0.017788853964361362,0.10151223235490718,13.43799991607666
1926-11-01,0.172,0.03,0.0,3.4,0.8,10.242085661080068,0.8013636363636363,1.0,-0.017788853964361362,0.10151223235490718,13.43799991607666
1926-12-01,0.172,0.03,0.0,3.4,0.8,10.242085661080068,0.8013636363636363,1.0,-0.017788853964361362,0.10151223235490718,13.43799991607666
1927-01-01,0.172,0.03,0.0,3.4,0.8,10.242085661080068,0.8013636363636363,1.0,-0.017788853964361362,0.10151223235490718,13.43799991607666
1927-02-01,0.172,0.03,0.0,3.4,0.8,10.242085661080068,0.8013636363636363,1.0,-0.017788853964361362,0.10151223235490718,13.43799991607666
1927-03-01,0.172,0.03,0.0,3.4,0.8,10.242085661080068,0.8013636363636363,1.0,-0.017788853964361362,0.10151223235490718,13.43799991607666
1927-04-01,0.172,0.03,0.0,3.4,0.8,10.242085661080068,0.8013636363636363,1.0,-0.017788853964361362,0.10151223235490718,13.43799991607666
1927-05-01,0.172,0.03,0.0,3.4,0.8,10.242085661080068,0.8013636363636363,1.0,-0.017788853964361362,0.10151223235490718,13.43799991607666
1927-06-01,0.172,0.03,0.0,3.4,0.8,10.242085661080068,0.8013636363636363,1.0,-0.017788853964361362,0.10151223235490718,13.43799991607666
1927-07-01,0.172,0.03,0.0,3.4,0.8,10.242085661080068,0.8013636363636363,1.0,-0.017788853964361362,0.10151223235490718,13.43799991607666
1927-08-01,0.172,0.03,0.0,3.4,0.8,10.242085661080068,0.8013636363636363,1.0,-0.017788853964361362,0.10151223235490718,13.43799991607666
1927-09-01,0.172,0.03,0.0,3.4,0.8,10.242085661080068,0.8013636363636363,1.0,-0.017788853964361362,0.10151223235490718,13.43799991607666
1927-10-01,0.172,0.03,0.0,3.4,0.8,10.242085661080068,0.8013636363636363,1.0,-0.017788853964361362,0.10151223235490718,13.43799991607666
1927-11-01,0.172,0.03,0.0,3.4,0.8,10.242085661080068,0.8013636363636363,1.0,-0.017788853964361362,0.10151223235490718,13.43799991607666
1927-12-01,0.172,0.03,0.0,3.4,0.8,10.242085661080068,0.8013636363636363,0.0,-0.017788853964361362,0.10151223235490718,13.43799991607666
1928-01-01,0.172,0.03,0.0,3.4,0.8,10.242085661080068,0.8013636363636363,0.0,-0.017788853964361362,0.10151223235490718,13.43799991607666
1928-02-01,0.172,0.03,0.0,3.4,0.8,10.242085661080068,0.8013636363636363,0.0,-0.017788853964361362,0.10151223235490718,13.43799991607666
1928-03-01,0.172,0.03,0.0,3.4,0.8,10.242085661080068,0.8013636363636363,0.0,-0.017788853964361362,0.10151223235490718,13.43799991607666
1928-04-01,0.172,0.03,0.0,3.4,0.8,10.242085661080068,0.8013636363636363,0.0,-0.017788853964361362,0.10151223235490718,13.43799991607666
1928-05-01,0.172,0.03,0.0,3.4,0.8,10.242085661080068,0.8013636363636363,0.0,-0.017788853964361362,0.10151223235490718,13.43799991607666
1928-06-01,0.172,0.03,0.0,3.4,0.8,10.242085661080068,0.8013636363636363,0.0,-0.017788853964361362,0.10151223235490718,13.43799991607666
1928-07-01,0.172,0.03,0.0,3.4,0.8,10.242085661080068,0.8013636363636363,0.0,-0.017788853964361362,0.10151223235490718,13.43799991607666
1928-08-01,0.172,0.03,0.0,3.4,0.8,10.242085661080068,0.8013636363636363,0.0,-0.017788853964361362,0.10151223235490718,13.43799991607666
1928-09-01,0.172,0.03,0.0,3.4,0.8,10.242085661080068,0.8013636363636363,0.0,-0.017788853964361362,0.10151223235490718,13.43799991607666
1928-10-01,0.172,0.03,0.0,3.4,0.8,10.242085661080068,0.8013636363636363,0.0,-0.017788853964361362,0.10151223235490718,13.43799991607666
1928-11-01,0.172,0.03,0.0,3.4,0.8,10.242085661080068,0.8013636363636363,0.0,-0.017788853964361362,0.10151223235490718,13.43799991607666
1928-12-01,0.172,0.03,0.0,3.4,0.8,10.242085661080068,0.8013636363636363,0.0,-0.017788853964361362,0.10151223235490718,13.43799991607666
1929-01-01,0.172,0.03,0.0,3.4,0.8,10.242085661080068,0.8013636363636363,0.0,-0.017788853964361362,0.10151223235490718,13.43799991607666
1929-02-01,0.172,0.03,0.0,3.4,0.8,10.242085661080068,0.8013636363636363,0.0,-0.017788853964361362,0.10151223235490718,13.43799991607666
1929-03-01,0.172,0.03,0.0,3.4,0.8,10.242085661080068,0.8013636363636363,0.0,-0.017788853964361362,0.10151223235490718,13.43799991607666
1929-04-01,0.172,0.03,0.0,3.4,0.8,10.242085661080068,0.8013636363636363,0.0,-0.017788853964361362,0.10151223235490718,13.43799991607666
1929-05-01,0.172,0.03,0.0,3.4,0.8,10.242085661080068,0.8013636363636363,0.0,-0.017788853964361362,0.10151223235490718,13.43799991607666
1929-06-01,0.172,0.03,0.0,3.4,0.8,10.242085661080068,0.8013636363636363,0.0,-0.017788853964361362,0.10151223235490718,13.43799991607666
1929-07-01,0.172,0.03,0.0,3.4,0.8,10.242085661080068,0.8013636363636363,0.0,-0.017788853964361362,0.10151223235490718,13.43799991607666
1929-08-01,0.172,0.03,0.0,3.4,0.8,10.242085661080068,0.8013636363636363,0.0,-0.017788853964361362,0.10151223235490718,13.43799991607666
1929-09-01,0.172,0.03,0.0,3.4,0.8,10.242085661080068,0.8013636363636363,1.0,-0.017788853964361362,0.10151223235490718,13.43799991607666
1929-10-01,0.172,0.03,0.0,3.4,0.8,10.242085661080068,0.8013636363636363,1.0,-0.017788853964361362,0.10151223235490718,13.43799991607666
1929-11-01,0.172,0.03,0.0,3.4,0.8,10.242085661080068,0.8013636363636363,1.0,-0.017788853964361362,0.10151223235490718,13.43799991607666
1929-12-01,0.172,0.03,0.0,3.4,0.8,10.242085661080068,0.8013636363636363,1.0,-0.017788853964361362,0.10151223235490718,13.43799991607666
1930-01-01,0.172,0.03,0.0,3.4,0.8,10.242085661080068,0.8013636363636363,1.0,-0.017788853964361362,0.10151223235490718,13.43799991607666
1930-02-01,0.172,0.03,0.0,3.4,0.8,10.242085661080068,0.8013636363636363,1.0,-0.017788853964361362,0.10151223235490718,13.43799991607666
1930-03-01,0.172,0.03,0.0,3.4,0.8,10.242085661080068,0.8013636363636363,1.0,-0.017788853964361362,0.10151223235490718,13.43799991607666
1930-04-01,0.172,0.03,0.0,3.4,0.8,10.242085661080068,0.8013636363636363,1.0,-0.017788853964361362,0.10151223235490718,13.43799991607666
1930-05-01,0.172,0.03,0.0,3.4,0.8,10.242085661080068,0.8013636363636363,1.0,-0.017788853964361362,0.10151223235490718,13.43799991607666
1930-06-01,0.172,0.03,0.0,3.4,0.8,10.242085661080068,0.8013636363636363,1.0,-0.017788853964361362,0.10151223235490718,13.43799991607666
1930-07-01,0.172,0.03,0.0,3.4,0.8,10.242085661080068,0.8013636363636363,1.0,-0.017788853964361362,0.10151223235490718,13.43799991607666
1930-08-01,0.172,0.03,0.0,3.4,0.8,10.242085661080068,0.8013636363636363,1.0,-0.017788853964361362,0.10151223235490718,13.43799991607666
1930-09-01,0.172,0.03,0.0,3.4,0.8,10.242085661080068,0.8013636363636363,1.0,-0.017788853964361362,0.10151223235490718,13.43799991607666
1930-10-01,0.172,0.03,0.0,3.4,0.8,10.242085661080068,0.8013636363636363,1.0,-0.017788853964361362,0.10151223235490718,13.43799991607666
1930-11-01,0.172,0.03,0.0,3.4,0.8,10.242085661080068,0.8013636363636363,1.0,-0.017788853964361362,0.10151223235490718,13.43799991607666
1930-12-01,0.172,0.03,0.0,3.4,0.8,10.242085661080068,0.8013636363636363,1.0,-0.017788853964361362,0.10151223235490718,13.43799991607666
1931-01-01,0.172,0.03,0.0,3.4,0.8,10.242085661080068,0.8013636363636363,1.0,-0.017788853964361362,0.10151223235490718,13.43799991607666
1931-02-01,0.172,0.03,0.0,3.4,0.8,10.242085661080068,0.8013636363636363,1.0,-0.017788853964361362,0.10151223235490718,13.43799991607666
1931-03-01,0.172,0.03,0.0,3.4,0.8,10.242085661080068,0.8013636363636363,1.0,-0.017788853964361362,0.10151223235490718,13.43799991607666
1931-04-01,0.172,0.03,0.0,3.4,0.8,10.242085661080068,0.8013636363636363,1.0,-0.017788853964361362,0.10151223235490718,13.43799991607666
1931-05-01,0.172,0.03,0.0,3.4,0.8,10.242085661080068,0.8013636363636363,1.0,-0.017788853964361362,0.10151223235490718,13.43799991607666
1931-06-01,0.172,0.03,0.0,3.4,0.8,10.242085661080068,0.8013636363636363,1.0,-0.017788853964361362,0.10151223235490718,13.43799991607666
1931-07-01,0.172,0.03,0.0,3.4,0.8,10.242085661080068,0.8013636363636363,1.0,-0.017788853964361362,0.10151223235490718,13.43799991607666
1931-08-01,0.172,0.03,0.0,3.4,0.8,10.242085661080068,0.8013636363636363,1.0,-0.017788853964361362,0.10151223235490718,13.43799991607666
1931-09-01,0.172,0.03,0.0,3.4,0.8,10.242085661080068,0.8013636363636363,1.0,-0.017788853964361362,0.10151223235490718,13.43799991607666
1931-10-01,0.172,0.03,0.0,3.4,0.8,10.242085661080068,0.8013636363636363,1.0,-0.017788853964361362,0.10151223235490718,13.43799991607666
1931-11-01,0.172,0.03,0.0,3.4,0.8,10.242085661080068,0.8013636363636363,1.0,-0.017788853964361362,0.10151223235490718,13.43799991607666
1931-12-01,0.172,0.03,0.0,3.4,0.8,10.242085661080068,0.8013636363636363,1.0,-0.017788853964361362,0.10151223235490718,13.43799991607666
1932-01-01,0.172,0.03,0.0,3.4,0.8,10.242085661080068,0.8013636363636363,1.0,-0.017788853964361362,0.10151223235490718,13.43799991607666
1932-02-01,0.172,0.03,0.0,3.4,0.8,10.242085661080068,0.8013636363636363,1.0,-0.017788853964361362,0.10151223235490718,13.43799991607666
1932-03-01,0.172,0.03,0.0,3.4,0.8,10.242085661080068,0.8013636363636363,1.0,-0.017788853964361362,0.10151223235490718,13.43799991607666
1932-04-01,0.172,0.03,0.0,3.4,0.8,10.242085661080068,0.8013636363636363,1.0,-0.017788853964361362,0.10151223235490718,13.43799991607666
1932-05-01,0.172,0.03,0.0,3.4,0.8,10.242085661080068,0.8013636363636363,1.0,-0.017788853964361362,0.10151223235490718,13.43799991607666
1932-06-01,0.172,0.03,0.0,3.4,0.8,10.242085661080068,0.8013636363636363,1.0,-0.017788853964361362,0.10151223235490718,13.43799991607666
1932-07-01,0.172,0.03,0.0,3.4,0.8,10.242085661080068,0.8013636363636363,1.0,-0.017788853964361362,0.10151223235490718,13.43799991607666
1932-08-01,0.172,0.03,0.0,3.4,0.8,10.242085661080068,0.8013636363636363,1.0,-0.017788853964361362,0.10151223235490718,13.43799991607666
1932-09-01,0.172,0.03,0.0,3.4,0.8,10.242085661080068,0.8013636363636363,1.0,-0.017788853964361362,0.10151223235490718,13.43799991607666
1932-10-01,0.172,0.03,0.0,3.4,0.8,10.242085661080068,0.8013636363636363,1.0,-0.017788853964361362,0.10151223235490718,13.43799991607666
1932-11-01,0.172,0.03,0.0,3.4,0.8,10.242085661080068,0.8013636363636363,1.0,-0.017788853964361362,0.10151223235490718,13.43799991607666
1932-12-01,0.172,0.03,0.0,3.4,0.8,10.242085661080068,0.8013636363636363,1.0,-0.017788853964361362,0.10151223235490718,13.43799991607666
1933-01-01,0.172,0.03,0.0,3.4,0.8,10.242085661080068,0.8013636363636363,1.0,-0.017788853964361362,0.10151223235490718,13.43799991607666
1933-02-01,0.172,0.03,0.0,3.4,0.8,10.242085661080068,0.8013636363636363,1.0,-0.017788853964361362,0.10151223235490718,13.43799991607666
1933-03-01,0.172,0.03,0.0,3.4,0.8,10.242085661080068,0.8013636363636363,1.0,-0.017788853964361362,0.10151223235490718,13.43799991607666
1933-04-01,0.172,0.03,0.0,3.4,0.8,10.242085661080068,0.8013636363636363,0.0,-0.017788853964361362,0.10151223235490718,13.43799991607666
1933-05-01,0.172,0.03,0.0,3.4,0.8,10.242085661080068,0.8013636363636363,0.0,-0.017788853964361362,0.10151223235490718,13.43799991607666
1933-06-01,0.172,0.03,0.0,3.4,0.8,10.242085661080068,0.8013636363636363,0.0,-0.017788853964361362,0.10151223235490718,13.43799991607666
1933-07-01,0.172,0.03,0.0,3.4,0.8,10.242085661080068,0.8013636363636363,0.0,-0.017788853964361362,0.10151223235490718,13.43799991607666
1933-08-01,0.172,0.03,0.0,3.4,0.8,10.242085661080068,0.8013636363636363,0.0,-0.017788853964361362,0.10151223235490718,13.43799991607666
1933-09-01,0.172,0.03,0.0,3.4,0.8,10.242085661080068,0.8013636363636363,0.0,-0.017788853964361362,0.10151223235490718,13.43799991607666
1933-10-01,0.172,0.03,0.0,3.4,0.8,10.242085661080068,0.8013636363636363,0.0,-0.017788853964361362,0.10151223235490718,13.43799991607666
1933-11-01,0.172,0.03,0.0,3.4,0.8,10.242085661080068,0.8013636363636363,0.0,-0.017788853964361362,0.10151223235490718,13.43799991607666
1933-12-01,0.172,0.03,0.0,3.4,0.8,10.242085661080068,0.8013636363636363,0.0,-0.017788853964361362,0.10151223235490718,13.43799991607666
1934-01-01,0.172,0.03,0.0,3.4,0.8,10.242085661080068,0.8013636363636363,0.0,-0.017788853964361362,0.10151223235490718,13.43799991607666
1934-02-01,0.172,0.03,0.0,3.4,0.8,10.242085661080068,0.8013636363636363,0.0,-0.017788853964361362,0.10151223235490718,13.43799991607666
1934-03-01,0.172,0.03,0.0,3.4,0.8,10.242085661080068,0.8013636363636363,0.0,-0.017788853964361362,0.10151223235490718,13.43799991607666
1934-04-01,0.172,0.03,0.0,3.4,0.8,10.242085661080068,0.8013636363636363,0.0,-0.017788853964361362,0.10151223235490718,13.43799991607666
1934-05-01,0.172,0.03,0.0,3.4,0.8,10.242085661080068,0.8013636363636363,0.0,-0.017788853964361362,0.10151223235490718,13.43799991607666
1934-06-01,0.172,0.03,0.0,3.4,0.8,10.242085661080068,0.8013636363636363,0.0,-0.017788853964361362,0.10151223235490718,13.43799991607666
1934-07-01,0.172,0.03,0.0,3.4,0.8,10.242085661080068,0.8013636363636363,0.0,-0.017788853964361362,0.10151223235490718,13.43799991607666
1934-08-01,0.172,0.03,0.0,3.4,0.8,10.242085661080068,0.8013636363636363,0.0,-0.017788853964361362,0.10151223235490718,13.43799991607666
1934-09-01,0.172,0.03,0.0,3.4,0.8,10.242085661080068,0.8013636363636363,0.0,-0.017788853964361362,0.10151223235490718,13.43799991607666
1934-10-01,0.172,0.03,0.0,3.4,0.8,10.242085661080068,0.8013636363636363,0.0,-0.017788853964361362,0.10151223235490718,13.43799991607666
1934-11-01,0.172,0.03,0.0,3.4,0.8,10.242085661080068,0.8013636363636363,0.0,-0.017788853964361362,0.10151223235490718,13.43799991607666
1934-12-01,0.172,0.03,0.0,3.4,0.8,10.242085661080068,0.8013636363636363,0.0,-0.017788853964361362,0.10151223235490718,13.43799991607666
1935-01-01,0.172,0.03,0.0,3.4,0.8,10.242085661080068,0.8013636363636363,0.0,-0.017788853964361362,0.10151223235490718,13.43799991607666
1935-02-01,0.172,0.03,0.0,3.4,0.8,10.242085661080068,0.8013636363636363,0.0,-0.017788853964361362,0.10151223235490718,13.43799991607666
1935-03-01,0.172,0.03,0.0,3.4,0.8,10.242085661080068,0.8013636363636363,0.0,-0.017788853964361362,0.10151223235490718,13.43799991607666
1935-04-01,0.172,0.03,0.0,3.4,0.8,10.242085661080068,0.8013636363636363,0.0,-0.017788853964361362,0.10151223235490718,13.43799991607666
1935-05-01,0.172,0.03,0.0,3.4,0.8,10.242085661080068,0.8013636363636363,0.0,-0.017788853964361362,0.10151223235490718,13.43799991607666
1935-06-01,0.172,0.03,0.0,3.4,0.8,10.242085661080068,0.8013636363636363,0.0,-0.017788853964361362,0.10151223235490718,13.43799991607666
1935-07-01,0.172,0.03,0.0,3.4,0.8,10.242085661080068,0.8013636363636363,0.0,-0.017788853964361362,0.10151223235490718,13.43799991607666
1935-08-01,0.172,0.03,0.0,3.4,0.8,10.242085661080068,0.8013636363636363,0.0,-0.017788853964361362,0.10151223235490718,13.43799991607666
1935-09-01,0.172,0.03,0.0,3.4,0.8,10.242085661080068,0.8013636363636363,0.0,-0.017788853964361362,0.10151223235490718,13.43799991607666
1935-10-01,0.172,0.03,0.0,3.4,0.8,10.242085661080068,0.8013636363636363,0.0,-0.017788853964361362,0.10151223235490718,13.43799991607666
1935-11-01,0.172,0.03,0.0,3.4,0.8,10.242085661080068,0.8013636363636363,0.0,-0.017788853964361362,0.10151223235490718,13.43799991607666
1935-12-01,0.172,0.03,0.0,3.4,0.8,10.242085661080068,0.8013636363636363,0.0,-0.017788853964361362,0.10151223235490718,13.43799991607666
1936-01-01,0.172,0.03,0.0,3.4,0.8,10.242085661080068,0.8013636363636363,0.0,-0.017788853964361362,0.10151223235490718,13.43799991607666
1936-02-01,0.172,0.03,0.0,3.4,0.8,10.242085661080068,0.8013636363636363,0.0,-0.017788853964361362,0.10151223235490718,13.43799991607666
1936-03-01,0.172,0.03,0.0,3.4,0.8,10.242085661080068,0.8013636363636363,0.0,-0.017788853964361362,0.10151223235490718,13.43799991607666
1936-04-01,0.172,0.03,0.0,3.4,0.8,10.242085661080068,0.8013636363636363,0.0,-0.017788853964361362,0.10151223235490718,13.43799991607666
1936-05-01,0.172,0.03,0.0,3.4,0.8,10.242085661080068,0.8013636363636363,0.0,-0.017788853964361362,0.10151223235490718,13.43799991607666
1936-06-01,0.172,0.03,0.0,3.4,0.8,10.242085661080068,0.8013636363636363,0.0,-0.017788853964361362,0.10151223235490718,13.43799991607666
1936-07-01,0.172,0.03,0.0,3.4,0.8,10.242085661080068,0.8013636363636363,0.0,-0.017788853964361362,0.10151223235490718,13.43799991607666
1936-08-01,0.172,0.03,0.0,3.4,0.8,10.242085661080068,0.8013636363636363,0.0,-0.017788853964361362,0.10151223235490718,13.43799991607666
1936-09-01,0.172,0.03,0.0,3.4,0.8,10.242085661080068,0.8013636363636363,0.0,-0.017788853964361362,0.10151223235490718,13.43799991607666
1936-10-01,0.172,0.03,0.0,3.4,0.8,10.242085661080068,0.8013636363636363,0.0,-0.017788853964361362,0.10151223235490718,13.43799991607666
1936-11-01,0.172,0.03,0.0,3.4,0.8,10.242085661080068,0.8013636363636363,0.0,-0.017788853964361362,0.10151223235490718,13.43799991607666
1936-12-01,0.172,0.03,0.0,3.4,0.8,10.242085661080068,0.8013636363636363,0.0,-0.017788853964361362,0.10151223235490718,13.43799991607666
1937-01-01,0.172,0.03,0.0,3.4,0.8,10.242085661080068,0.8013636363636363,0.0,-0.017788853964361362,0.10151223235490718,13.43799991607666
1937-02-01,0.172,0.03,0.0,3.4,0.8,10.242085661080068,0.8013636363636363,0.0,-0.017788853964361362,0.10151223235490718,13.43799991607666
1937-03-01,0.172,0.03,0.0,3.4,0.8,10.242085661080068,0.8013636363636363,0.0,-0.017788853964361362,0.10151223235490718,13.43799991607666
1937-04-01,0.172,0.03,0.0,3.4,0.8,10.242085661080068,0.8013636363636363,0.0,-0.017788853964361362,0.10151223235490718,13.43799991607666
1937-05-01,0.172,0.03,0.0,3.4,0.8,10.242085661080068,0.8013636363636363,0.0,-0.017788853964361362,0.10151223235490718,13.43799991607666
1937-06-01,0.172,0.03,0.0,3.4,0.8,10.242085661080068,0.8013636363636363,1.0,-0.017788853964361362,0.10151223235490718,13.43799991607666
1937-07-01,0.172,0.03,0.0,3.4,0.8,10.242085661080068,0.8013636363636363,1.0,-0.017788853964361362,0.10151223235490718,13.43799991607666
1937-08-01,0.172,0.03,0.0,3.4,0.8,10.242085661080068,0.8013636363636363,1.0,-0.017788853964361362,0.10151223235490718,13.43799991607666
1937-09-01,0.172,0.03,0.0,3.4,0.8,10.242085661080068,0.8013636363636363,1.0,-0.017788853964361362,0.10151223235490718,13.43799991607666
1937-10-01,0.172,0.03,0.0,3.4,0.8,10.242085661080068,0.8013636363636363,1.0,-0.017788853964361362,0.10151223235490718,13.43799991607666
1937-11-01,0.172,0.03,0.0,3.4,0.8,10.242085661080068,0.8013636363636363,1.0,-0.017788853964361362,0.10151223235490718,13.43799991607666
1937-12-01,0.172,0.03,0.0,3.4,0.8,10.242085661080068,0.8013636363636363,1.0,-0.017788853964361362,0.10151223235490718,13.43799991607666
1938-01-01,0.172,0.03,0.0,3.4,0.8,10.242085661080068,0.8013636363636363,1.0,-0.017788853964361362,0.10151223235490718,13.43799991607666
1938-02-01,0.172,0.03,0.0,3.4,0.8,10.242085661080068,0.8013636363636363,1.0,-0.017788853964361362,0.10151223235490718,13.43799991607666
1938-03-01,0.172,0.03,0.0,3.4,0.8,10.242085661080068,0.8013636363636363,1.0,-0.017788853964361362,0.10151223235490718,13.43799991607666
1938-04-01,0.172,0.03,0.0,3.4,0.8,10.242085661080068,0.8013636363636363,1.0,-0.017788853964361362,0.10151223235490718,13.43799991607666
1938-05-01,0.172,0.03,0.0,3.4,0.8,10.242085661080068,0.8013636363636363,1.0,-0.017788853964361362,0.10151223235490718,13.43799991607666
1938-06-01,0.172,0.03,0.0,3.4,0.8,10.242085661080068,0.8013636363636363,1.0,-0.017788853964361362,0.10151223235490718,13.43799991607666
1938-07-01,0.172,0.03,0.0,3.4,0.8,10.242085661080068,0.8013636363636363,0.0,-0.017788853964361362,0.10151223235490718,13.43799991607666
1938-08-01,0.172,0.03,0.0,3.4,0.8,10.242085661080068,0.8013636363636363,0.0,-0.017788853964361362,0.10151223235490718,13.43799991607666
1938-09-01,0.172,0.03,0.0,3.4,0.8,10.242085661080068,0.8013636363636363,0.0,-0.017788853964361362,0.10151223235490718,13.43799991607666
1938-10-01,0.172,0.03,0.0,3.4,0.8,10.242085661080068,0.8013636363636363,0.0,-0.017788853964361362,0.10151223235490718,13.43799991607666
1938-11-01,0.172,0.03,0.0,3.4,0.8,10.242085661080068,0.8013636363636363,0.0,-0.017788853964361362,0.10151223235490718,13.43799991607666
1938-12-01,0.172,0.03,0.0,3.4,0.8,10.242085661080068,0.8013636363636363,0.0,-0.017788853964361362,0.10151223235490718,13.43799991607666
1939-01-01,0.172,0.03,0.0,3.4,0.8,10.242085661080068,0.8013636363636363,0.0,-0.017788853964361362,0.10151223235490718,13.43799991607666
1939-02-01,0.172,0.03,0.0,3.4,0.8,10.242085661080068,0.8013636363636363,0.0,-0.017788853964361362,0.10151223235490718,13.43799991607666
1939-03-01,0.172,0.03,0.0,3.4,0.8,10.242085661080068,0.8013636363636363,0.0,-0.017788853964361362,0.10151223235490718,13.43799991607666
1939-04-01,0.172,0.03,0.0,3.4,0.8,10.242085661080068,0.8013636363636363,0.0,-0.017788853964361362,0.10151223235490718,13.43799991607666
1939-05-01,0.172,0.03,0.0,3.4,0.8,10.242085661080068,0.8013636363636363,0.0,-0.017788853964361362,0.10151223235490718,13.43799991607666
1939-06-01,0.172,0.03,0.0,3.4,0.8,10.242085661080068,0.8013636363636363,0.0,-0.017788853964361362,0.10151223235490718,13.43799991607666
1939-07-01,0.172,0.03,0.0,3.4,0.8,10.242085661080068,0.8013636363636363,0.0,-0.017788853964361362,0.10151223235490718,13.43799991607666
1939-08-01,0.172,0.03,0.0,3.4,0.8,10.242085661080068,0.8013636363636363,0.0,-0.017788853964361362,0.10151223235490718,13.43799991607666
1939-09-01,0.172,0.03,0.0,3.4,0.8,10.242085661080068,0.8013636363636363,0.0,-0.017788853964361362,0.10151223235490718,13.43799991607666
1939-10-01,0.172,0.03,0.0,3.4,0.8,10.242085661080068,0.8013636363636363,0.0,-0.017788853964361362,0.10151223235490718,13.43799991607666
1939-11-01,0.172,0.03,0.0,3.4,0.8,10.242085661080068,0.8013636363636363,0.0,-0.017788853964361362,0.10151223235490718,13.43799991607666
1939-12-01,0.172,0.03,0.0,3.4,0.8,10.242085661080068,0.8013636363636363,0.0,-0.017788853964361362,0.10151223235490718,13.43799991607666
1940-01-01,0.172,0.03,0.0,3.4,0.8,10.242085661080068,0.8013636363636363,0.0,-0.017788853964361362,0.10151223235490718,13.43799991607666
1940-02-01,0.172,0.03,0.0,3.4,0.8,10.242085661080068,0.8013636363636363,0.0,-0.017788853964361362,0.10151223235490718,13.43799991607666
1940-03-01,0.172,0.03,0.0,3.4,0.8,10.242085661080068,0.8013636363636363,0.0,-0.017788853964361362,0.10151223235490718,13.43799991607666
1940-04-01,0.172,0.03,0.0,3.4,0.8,10.242085661080068,0.8013636363636363,0.0,-0.017788853964361362,0.10151223235490718,13.43799991607666
1940-05-01,0.172,0.03,0.0,3.4,0.8,10.242085661080068,0.8013636363636363,0.0,-0.017788853964361362,0.10151223235490718,13.43799991607666
1940-06-01,0.172,0.03,0.0,3.4,0.8,10.242085661080068,0.8013636363636363,0.0,-0.017788853964361362,0.10151223235490718,13.43799991607666
1940-07-01,0.172,0.03,0.0,3.4,0.8,10.242085661080068,0.8013636363636363,0.0,-0.017788853964361362,0.10151223235490718,13.43799991607666
1940-08-01,0.172,0.03,0.0,3.4,0.8,10.242085661080068,0.8013636363636363,0.0,-0.017788853964361362,0.10151223235490718,13.43799991607666
1940-09-01,0.172,0.03,0.0,3.4,0.8,10.242085661080068,0.8013636363636363,0.0,-0.017788853964361362,0.10151223235490718,13.43799991607666
1940-10-01,0.172,0.03,0.0,3.4,0.8,10.242085661080068,0.8013636363636363,0.0,-0.017788853964361362,0.10151223235490718,13.43799991607666
1940-11-01,0.172,0.03,0.0,3.4,0.8,10.242085661080068,0.8013636363636363,0.0,-0.017788853964361362,0.10151223235490718,13.43799991607666
1940-12-01,0.172,0.03,0.0,3.4,0.8,10.242085661080068,0.8013636363636363,0.0,-0.017788853964361362,0.10151223235490718,13.43799991607666
1941-01-01,0.172,0.03,0.0,3.4,0.8,10.242085661080068,0.8013636363636363,0.0,-0.017788853964361362,0.10151223235490718,13.43799991607666
1941-02-01,0.172,0.03,0.0,3.4,0.8,10.242085661080068,0.8013636363636363,0.0,-0.017788853964361362,0.10151223235490718,13.43799991607666
1941-03-01,0.172,0.03,0.0,3.4,0.8,10.242085661080068,0.8013636363636363,0.0,-0.017788853964361362,0.10151223235490718,13.43799991607666
1941-04-01,0.172,0.03,0.0,3.4,0.8,10.242085661080068,0.8013636363636363,0.0,-0.017788853964361362,0.10151223235490718,13.43799991607666
1941-05-01,0.172,0.03,0.0,3.4,0.8,10.242085661080068,0.8013636363636363,0.0,-0.017788853964361362,0.10151223235490718,13.43799991607666
1941-06-01,0.172,0.03,0.0,3.4,0.8,10.242085661080068,0.8013636363636363,0.0,-0.017788853964361362,0.10151223235490718,13.43799991607666
1941-07-01,0.172,0.03,0.0,3.4,0.8,10.242085661080068,0.8013636363636363,0.0,-0.017788853964361362,0.10151223235490718,13.43799991607666
1941-08-01,0.172,0.03,0.0,3.4,0.8,10.242085661080068,0.8013636363636363,0.0,-0.017788853964361362,0.10151223235490718,13.43799991607666
1941-09-01,0.172,0.03,0.0,3.4,0.8,10.242085661080068,0.8013636363636363,0.0,-0.017788853964361362,0.10151223235490718,13.43799991607666
1941-10-01,0.172,0.03,0.0,3.4,0.8,10.242085661080068,0.8013636363636363,0.0,-0.017788853964361362,0.10151223235490718,13.43799991607666
1941-11-01,0.172,0.03,0.0,3.4,0.8,10.242085661080068,0.8013636363636363,0.0,-0.017788853964361362,0.10151223235490718,13.43799991607666
1941-12-01,0.172,0.03,0.0,3.4,0.8,10.242085661080068,0.8013636363636363,0.0,-0.017788853964361362,0.10151223235490718,13.43799991607666
1942-01-01,0.172,0.03,0.0,3.4,0.8,10.242085661080068,0.8013636363636363,0.0,-0.017788853964361362,0.10151223235490718,13.43799991607666
1942-02-01,0.172,0.03,0.0,3.4,0.8,10.242085661080068,0.8013636363636363,0.0,-0.017788853964361362,0.10151223235490718,13.43799991607666
1942-03-01,0.172,0.03,0.0,3.4,0.8,10.242085661080068,0.8013636363636363,0.0,-0.017788853964361362,0.10151223235490718,13.43799991607666
1942-04-01,0.172,0.03,0.0,3.4,0.8,10.242085661080068,0.8013636363636363,0.0,-0.017788853964361362,0.10151223235490718,13.43799991607666
1942-05-01,0.172,0.03,0.0,3.4,0.8,10.242085661080068,0.8013636363636363,0.0,-0.017788853964361362,0.10151223235490718,13.43799991607666
1942-06-01,0.172,0.03,0.0,3.4,0.8,10.242085661080068,0.8013636363636363,0.0,-0.017788853964361362,0.10151223235490718,13.43799991607666
1942-07-01,0.172,0.03,0.0,3.4,0.8,10.242085661080068,0.8013636363636363,0.0,-0.017788853964361362,0.10151223235490718,13.43799991607666
1942-08-01,0.172,0.03,0.0,3.4,0.8,10.242085661080068,0.8013636363636363,0.0,-0.017788853964361362,0.10151223235490718,13.43799991607666
1942-09-01,0.172,0.03,0.0,3.4,0.8,10.242085661080068,0.8013636363636363,0.0,-0.017788853964361362,0.10151223235490718,13.43799991607666
1942-10-01,0.172,0.03,0.0,3.4,0.8,10.242085661080068,0.8013636363636363,0.0,-0.017788853964361362,0.10151223235490718,13.43799991607666
1942-11-01,0.172,0.03,0.0,3.4,0.8,10.242085661080068,0.8013636363636363,0.0,-0.017788853964361362,0.10151223235490718,13.43799991607666
1942-12-01,0.172,0.03,0.0,3.4,0.8,10.242085661080068,0.8013636363636363,0.0,-0.017788853964361362,0.10151223235490718,13.43799991607666
1943-01-01,0.172,0.03,0.0,3.4,0.8,10.242085661080068,0.8013636363636363,0.0,-0.017788853964361362,0.10151223235490718,13.43799991607666
1943-02-01,0.172,0.03,0.0,3.4,0.8,10.242085661080068,0.8013636363636363,0.0,-0.017788853964361362,0.10151223235490718,13.43799991607666
1943-03-01,0.172,0.03,0.0,3.4,0.8,10.242085661080068,0.8013636363636363,0.0,-0.017788853964361362,0.10151223235490718,13.43799991607666
1943-04-01,0.172,0.03,0.0,3.4,0.8,10.242085661080068,0.8013636363636363,0.0,-0.017788853964361362,0.10151223235490718,13.43799991607666
1943-05-01,0.172,0.03,0.0,3.4,0.8,10.242085661080068,0.8013636363636363,0.0,-0.017788853964361362,0.10151223235490718,13.43799991607666
1943-06-01,0.172,0.03,0.0,3.4,0.8,10.242085661080068,0.8013636363636363,0.0,-0.017788853964361362,0.10151223235490718,13.43799991607666
1943-07-01,0.172,0.03,0.0,3.4,0.8,10.242085661080068,0.8013636363636363,0.0,-0.017788853964361362,0.10151223235490718,13.43799991607666
1943-08-01,0.172,0.03,0.0,3.4,0.8,10.242085661080068,0.8013636363636363,0.0,-0.017788853964361362,0.10151223235490718,13.43799991607666
1943-09-01,0.172,0.03,0.0,3.4,0.8,10.242085661080068,0.8013636363636363,0.0,-0.017788853964361362,0.10151223235490718,13.43799991607666
1943-10-01,0.172,0.03,0.0,3.4,0.8,10.242085661080068,0.8013636363636363,0.0,-0.017788853964361362,0.10151223235490718,13.43799991607666
1943-11-01,0.172,0.03,0.0,3.4,0.8,10.242085661080068,0.8013636363636363,0.0,-0.017788853964361362,0.10151223235490718,13.43799991607666
1943-12-01,0.172,0.03,0.0,3.4,0.8,10.242085661080068,0.8013636363636363,0.0,-0.017788853964361362,0.10151223235490718,13.43799991607666
1944-01-01,0.172,0.03,0.0,3.4,0.8,10.242085661080068,0.8013636363636363,0.0,-0.017788853964361362,0.10151223235490718,13.43799991607666
1944-02-01,0.172,0.03,0.0,3.4,0.8,10.242085661080068,0.8013636363636363,0.0,-0.017788853964361362,0.10151223235490718,13.43799991607666
1944-03-01,0.172,0.03,0.0,3.4,0.8,10.242085661080068,0.8013636363636363,0.0,-0.017788853964361362,0.10151223235490718,13.43799991607666
1944-04-01,0.172,0.03,0.0,3.4,0.8,10.242085661080068,0.8013636363636363,0.0,-0.017788853964361362,0.10151223235490718,13.43799991607666
1944-05-01,0.172,0.03,0.0,3.4,0.8,10.242085661080068,0.8013636363636363,0.0,-0.017788853964361362,0.10151223235490718,13.43799991607666
1944-06-01,0.172,0.03,0.0,3.4,0.8,10.242085661080068,0.8013636363636363,0.0,-0.017788853964361362,0.10151223235490718,13.43799991607666
1944-07-01,0.172,0.03,0.0,3.4,0.8,10.242085661080068,0.8013636363636363,0.0,-0.017788853964361362,0.10151223235490718,13.43799991607666
1944-08-01,0.172,0.03,0.0,3.4,0.8,10.242085661080068,0.8013636363636363,0.0,-0.017788853964361362,0.10151223235490718,13.43799991607666
1944-09-01,0.172,0.03,0.0,3.4,0.8,10.242085661080068,0.8013636363636363,0.0,-0.017788853964361362,0.10151223235490718,13.43799991607666
1944-10-01,0.172,0.03,0.0,3.4,0.8,10.242085661080068,0.8013636363636363,0.0,-0.017788853964361362,0.10151223235490718,13.43799991607666
1944-11-01,0.172,0.03,0.0,3.4,0.8,10.242085661080068,0.8013636363636363,0.0,-0.017788853964361362,0.10151223235490718,13.43799991607666
1944-12-01,0.172,0.03,0.0,3.4,0.8,10.242085661080068,0.8013636363636363,0.0,-0.017788853964361362,0.10151223235490718,13.43799991607666
1945-01-01,0.172,0.03,0.0,3.4,0.8,10.242085661080068,0.8013636363636363,0.0,-0.017788853964361362,0.10151223235490718,13.43799991607666
1945-02-01,0.172,0.03,0.0,3.4,0.8,10.242085661080068,0.8013636363636363,0.0,-0.017788853964361362,0.10151223235490718,13.43799991607666
1945-03-01,0.172,0.03,0.0,3.4,0.8,10.242085661080068,0.8013636363636363,1.0,-0.017788853964361362,0.10151223235490718,13.43799991607666
1945-04-01,0.172,0.03,0.0,3.4,0.8,10.242085661080068,0.8013636363636363,1.0,-0.017788853964361362,0.10151223235490718,13.43799991607666
1945-05-01,0.172,0.03,0.0,3.4,0.8,10.242085661080068,0.8013636363636363,1.0,-0.017788853964361362,0.10151223235490718,13.43799991607666
1945-06-01,0.172,0.03,0.0,3.4,0.8,10.242085661080068,0.8013636363636363,1.0,-0.017788853964361362,0.10151223235490718,13.43799991607666
1945-07-01,0.172,0.03,0.0,3.4,0.8,10.242085661080068,0.8013636363636363,1.0,-0.017788853964361362,0.10151223235490718,13.43799991607666
1945-08-01,0.172,0.03,0.0,3.4,0.8,10.242085661080068,0.8013636363636363,1.0,-0.017788853964361362,0.10151223235490718,13.43799991607666
1945-09-01,0.172,0.03,0.0,3.4,0.8,10.242085661080068,0.8013636363636363,1.0,-0.017788853964361362,0.10151223235490718,13.43799991607666
1945-10-01,0.172,0.03,0.0,3.4,0.8,10.242085661080068,0.8013636363636363,1.0,-0.017788853964361362,0.10151223235490718,13.43799991607666
1945-11-01,0.172,0.03,0.0,3.4,0.8,10.242085661080068,0.8013636363636363,0.0,-0.017788853964361362,0.10151223235490718,13.43799991607666
1945-12-01,0.172,0.03,0.0,3.4,0.8,10.242085661080068,0.8013636363636363,0.0,-0.017788853964361362,0.10151223235490718,13.43799991607666
1946-01-01,0.172,0.03,0.0,3.4,0.8,10.242085661080068,0.8013636363636363,0.0,-0.017788853964361362,0.10151223235490718,13.43799991607666
1946-02-01,0.172,0.03,0.0,3.4,0.8,10.242085661080068,0.8013636363636363,0.0,-0.017788853964361362,0.10151223235490718,13.43799991607666
1946-03-01,0.172,0.03,0.0,3.4,0.8,10.242085661080068,0.8013636363636363,0.0,-0.017788853964361362,0.10151223235490718,13.43799991607666
1946-04-01,0.172,0.03,0.0,3.4,0.8,10.242085661080068,0.8013636363636363,0.0,-0.017788853964361362,0.10151223235490718,13.43799991607666
1946-05-01,0.172,0.03,0.0,3.4,0.8,10.242085661080068,0.8013636363636363,0.0,-0.017788853964361362,0.10151223235490718,13.43799991607666
1946-06-01,0.172,0.03,0.0,3.4,0.8,10.242085661080068,0.8013636363636363,0.0,-0.017788853964361362,0.10151223235490718,13.43799991607666
1946-07-01,0.172,0.03,0.0,3.4,0.8,10.242085661080068,0.8013636363636363,0.0,-0.017788853964361362,0.10151223235490718,13.43799991607666
1946-08-01,0.172,0.03,0.0,3.4,0.8,10.242085661080068,0.8013636363636363,0.0,-0.017788853964361362,0.10151223235490718,13.43799991607666
1946-09-01,0.172,0.03,0.0,3.4,0.8,10.242085661080068,0.8013636363636363,0.0,-0.017788853964361362,0.10151223235490718,13.43799991607666
1946-10-01,0.172,0.03,0.0,3.4,0.8,10.242085661080068,0.8013636363636363,0.0,-0.017788853964361362,0.10151223235490718,13.43799991607666
1946-11-01,0.172,0.03,0.0,3.4,0.8,10.242085661080068,0.8013636363636363,0.0,-0.017788853964361362,0.10151223235490718,13.43799991607666
1946-12-01,0.172,0.03,0.0,3.4,0.8,10.242085661080068,0.8013636363636363,0.0,-0.017788853964361362,0.10151223235490718,13.43799991607666
1947-01-01,0.172,0.03,0.0,3.4,0.8,10.242085661080068,0.8013636363636363,0.0,-0.017788853964361362,0.10151223235490718,13.43799991607666
1947-02-01,0.172,0.03,0.0,3.4,0.8,10.242085661080068,0.8013636363636363,0.0,-0.017788853964361362,0.10151223235490718,13.43799991607666
1947-03-01,0.172,0.03,0.0,3.4,0.8,10.242085661080068,0.8013636363636363,0.0,-0.017788853964361362,0.10151223235490718,13.43799991607666
1947-04-01,0.172,0.03,0.0,3.4,0.8,10.242085661080068,0.8013636363636363,0.0,-0.017788853964361362,0.10151223235490718,13.43799991607666
1947-05-01,0.172,0.03,0.0,3.4,0.8,10.242085661080068,0.8013636363636363,0.0,-0.017788853964361362,0.10151223235490718,13.43799991607666
1947-06-01,0.172,0.03,0.0,3.4,0.8,10.242085661080068,0.8013636363636363,0.0,-0.017788853964361362,0.10151223235490718,13.43799991607666
1947-07-01,0.172,0.03,0.0,3.4,0.8,10.242085661080068,0.8013636363636363,0.0,-0.017788853964361362,0.10151223235490718,13.43799991607666
1947-08-01,0.172,0.03,0.0,3.4,0.8,10.242085661080068,0.8013636363636363,0.0,-0.017788853964361362,0.10151223235490718,13.43799991607666
1947-09-01,0.172,0.03,0.0,3.4,0.8,10.242085661080068,0.8013636363636363,0.0,-0.017788853964361362,0.10151223235490718,13.43799991607666
1947-10-01,0.172,0.03,0.0,3.4,0.8,10.242085661080068,0.8013636363636363,0.0,-0.017788853964361362,0.10151223235490718,13.43799991607666
1947-11-01,0.172,0.03,0.0,3.4,0.8,10.242085661080068,0.8013636363636363,0.0,-0.017788853964361362,0.10151223235490718,13.43799991607666
1947-12-01,0.172,0.03,0.0,3.4,0.8,10.242085661080068,0.8013636363636363,0.0,-0.017788853964361362,0.10151223235490718,13.43799991607666
1948-01-01,0.172,0.03,0.0,3.4,0.8,10.242085661080068,0.8013636363636363,0.0,-0.017788853964361362,0.10151223235490718,13.43799991607666
1948-02-01,0.172,0.03,0.0,3.8,0.8,9.481961147086038,0.8013636363636363,0.0,-0.017788853964361362,0.10151223235490718,13.43799991607666
1948-03-01,0.172,0.03,0.0,4.0,0.8,6.818181818181812,0.8013636363636363,0.0,-0.017788853964361362,0.10151223235490718,13.43799991607666
1948-04-01,0.172,0.03,0.0,3.9,0.8,8.272727272727277,0.8013636363636363,0.0,-0.017788853964361362,0.10151223235490718,13.43799991607666
1948-05-01,0.172,0.03,0.0,3.5,0.8,9.384965831435089,0.8013636363636363,0.0,-0.017788853964361362,0.10151223235490718,13.43799991607666
1948-06-01,0.172,0.03,0.0,3.6,0.8,9.375,0.8013636363636363,0.0,-0.017788853964361362,0.10151223235490718,13.43799991607666
1948-07-01,0.172,0.03,0.0,3.6,0.8,9.761583445793963,0.8013636363636363,0.0,-0.017788853964361362,0.10151223235490718,13.43799991607666
1948-08-01,0.172,0.03,0.0,3.9,0.8,9.062499999999996,0.8013636363636363,0.0,-0.017788853964361362,0.10151223235490718,13.43799991607666
1948-09-01,0.172,0.03,0.0,3.8,0.8,6.654991243432562,0.8013636363636363,0.0,-0.017788853964361362,0.10151223235490718,13.43799991607666
1948-10-01,0.172,0.03,0.0,3.7,0.8,6.110868616324749,0.8013636363636363,0.0,-0.017788853964361362,0.10151223235490718,13.43799991607666
1948-11-01,0.172,0.03,0.0,3.8,0.8,4.770164787510844,0.8013636363636363,0.0,-0.017788853964361362,0.10151223235490718,13.43799991607666
1948-12-01,0.172,0.03,0.0,4.0,0.8,2.733874412644166,0.8013636363636363,1.0,-0.017788853964361362,0.10151223235490718,13.43799991607666
1949-01-01,0.172,0.03,0.0,4.3,0.8,1.3935810810810967,0.8013636363636363,1.0,-0.017788853964361362,0.10151223235490718,13.43799991607666
1949-02-01,0.172,0.03,0.0,4.7,0.8,1.0139416983523386,0.8013636363636363,1.0,-0.017788853964361362,0.10151223235490718,13.43799991607666
1949-03-01,0.172,0.03,0.0,5.0,0.8,1.744680851063829,0.8013636363636363,1.0,-0.017788853964361362,0.10151223235490718,13.43799991607666
1949-04-01,0.172,0.03,0.0,5.3,0.8,0.4198152812762368,0.8013636363636363,1.0,-0.017788853964361362,0.10151223235490718,13.43799991607666
1949-05-01,0.172,0.03,0.0,6.1,0.8,-0.4164931278633932,0.8013636363636363,1.0,-0.017788853964361362,0.10151223235490718,13.43799991607666
1949-06-01,0.172,0.03,0.0,6.2,0.8,-0.9523809523809379,0.8013636363636363,1.0,-0.017788853964361362,0.10151223235490718,13.43799991607666
1949-07-01,0.172,0.03,0.0,6.7,0.8,-2.868852459016391,0.8013636363636363,1.0,-0.017788853964361362,0.10151223235490718,13.43799991607666
1949-08-01,0.172,0.03,0.0,6.8,0.8,-2.988129349160873,0.8013636363636363,1.0,-0.017788853964361362,0.10151223235490718,13.43799991607666
1949-09-01,0.172,0.03,0.0,6.6,0.8,-2.504105090311981,0.8013636363636363,1.0,-0.017788853964361362,0.10151223235490718,13.43799991607666
1949-10-01,0.172,0.03,0.0,7.9,0.8,-2.6326614561908546,0.8013636363636363,1.0,-0.017788853964361362,0.10151223235490718,13.43799991607666
1949-11-01,0.172,0.03,0.0,6.4,0.8,-1.9039735099337762,0.8013636363636363,0.0,-0.017788853964361362,0.10151223235490718,13.43799991607666
1949-12-01,0.172,0.03,0.0,6.6,0.8,-1.8295218295218296,0.8013636363636363,0.0,-0.017788853964361362,0.10151223235490718,13.43799991607666
1950-01-01,0.172,0.03,0.0,6.5,0.8,-2.082465639316955,0.8013636363636363,0.0,-0.017788853964361362,0.10151223235490718,13.43799991607666
1950-02-01,0.172,0.03,0.0,6.4,0.8,-1.2547051442910906,0.8013636363636363,0.0,-0.017788853964361362,0.10151223235490718,13.43799991607666
1950-03-01,0.172,0.03,0.0,6.3,0.8,-1.129234629861986,0.8013636363636363,0.0,-0.017788853964361362,0.10151223235490718,13.43799991607666
1950-04-01,0.172,0.03,0.0,5.8,0.8,-1.1287625418060276,0.8013636363636363,0.0,-0.017788853964361362,0.10151223235490718,13.43799991607666
1950-05-01,0.172,0.03,0.0,5.5,0.8,-0.5855290673358438,0.8013636363636363,0.0,-0.017788853964361362,0.10151223235490718,13.43799991607666
1950-06-01,0.172,0.03,0.0,5.4,0.8,-0.16722408026756952,0.8013636363636363,0.0,-0.017788853964361362,0.10151223235490718,13.43799991607666
1950-07-01,0.172,0.03,0.0,5.0,0.8,1.561181434599157,0.8013636363636363,0.0,-0.017788853964361362,0.10151223235490718,13.43799991607666
1950-08-01,0.172,0.03,0.0,4.5,0.8,2.1097046413502074,0.8013636363636363,0.0,-0.017788853964361362,0.10151223235490718,13.43799991607666
1950-09-01,0.172,0.03,0.0,4.4,0.8,2.4842105263158,0.8013636363636363,0.0,-0.017788853964361362,0.10151223235490718,13.43799991607666
1950-10-01,0.172,0.03,0.0,4.2,0.8,3.50654837346851,0.8013636363636363,0.0,-0.017788853964361362,0.10151223235490718,13.43799991607666
1950-11-01,0.172,0.03,0.0,4.2,0.8,3.797468354430378,0.8013636363636363,0.0,-0.017788853964361362,0.10151223235490718,13.43799991607666
1950-12-01,0.172,0.03,0.0,4.3,0.8,5.80262600592969,0.8013636363636363,0.0,-0.017788853964361362,0.10151223235490718,13.43799991607666
1951-01-01,0.172,0.03,0.0,3.7,0.8,7.9540621012335055,0.8013636363636363,0.0,-0.017788853964361362,0.10151223235490718,13.43799991607666
1951-02-01,0.172,0.03,0.0,3.4,0.8,9.402795425667087,0.8013636363636363,0.0,-0.017788853964361362,0.10151223235490718,13.43799991607666
1951-03-01,0.172,0.03,0.0,3.4,0.8,9.475465313028764,0.8013636363636363,0.0,-0.017788853964361362,0.10151223235490718,13.43799991607666
1951-04-01,0.172,0.03,0.0,3.1,0.8,9.598308668076116,0.8013636363636363,0.0,-0.017788853964361362,0.10151223235490718,13.43799991607666
1951-05-01,0.172,0.03,0.0,3.0,0.8,9.339503575936048,0.8013636363636363,0.0,-0.017788853964361362,0.10151223235490718,13.43799991607666
1951-06-01,0.172,0.03,0.0,3.2,0.8,8.584589614740379,0.8013636363636363,0.0,-0.017788853964361362,0.10151223235490718,13.43799991607666
1951-07-01,0.172,0.03,0.0,3.1,0.8,7.644370585791438,0.8013636363636363,0.0,-0.017788853964361362,0.10151223235490718,13.43799991607666
1951-08-01,0.172,0.03,0.0,3.1,0.8,6.859504132231398,0.8013636363636363,0.0,-0.017788853964361362,0.10151223235490718,13.43799991607666
1951-09-01,0.172,0.03,0.0,3.3,0.8,6.943303204601481,0.8013636363636363,0.0,-0.017788853964361362,0.10151223235490718,13.43799991607666
1951-10-01,0.172,0.03,0.0,3.5,0.8,6.775510204081625,0.8013636363636363,0.0,-0.017788853964361362,0.10151223235490718,13.43799991607666
1951-11-01,0.172,0.03,0.0,3.5,0.8,6.991869918699178,0.8013636363636363,0.0,-0.017788853964361362,0.10151223235490718,13.43799991607666
1951-12-01,0.172,0.03,0.0,3.1,0.8,5.964771817453962,0.8013636363636363,0.0,-0.017788853964361362,0.10151223235490718,13.43799991607666
1952-01-01,0.172,0.03,0.0,3.2,0.8,4.215918045705291,0.8013636363636363,0.0,-0.017788853964361362,0.10151223235490718,13.43799991607666
1952-02-01,0.172,0.03,0.0,3.1,0.8,2.245451025938827,0.8013636363636363,0.0,-0.017788853964361362,0.10151223235490718,13.43799991607666
1952-03-01,0.172,0.03,0.0,2.9,0.8,1.9706336939721902,0.8013636363636363,0.0,-0.017788853964361362,0.10151223235490718,13.43799991607666
1952-04-01,0.172,0.03,0.0,2.9,0.8,2.083333333333326,0.8013636363636363,0.0,-0.017788853964361362,0.10151223235490718,13.43799991607666
1952-05-01,0.172,0.03,0.0,3.0,0.8,1.8468641785302164,0.8013636363636363,0.0,-0.017788853964361362,0.10151223235490718,13.43799991607666
1952-06-01,0.172,0.03,0.0,3.0,0.8,2.313922097956045,0.8013636363636363,0.0,-0.017788853964361362,0.10151223235490718,13.43799991607666
1952-07-01,0.172,0.03,0.0,3.2,0.8,2.9718255499807,0.8013636363636363,0.0,-0.017788853964361362,0.10151223235490718,13.43799991607666
1952-08-01,0.172,0.03,0.0,3.4,0.8,3.209590100541382,0.8013636363636363,0.0,-0.017788853964361362,0.10151223235490718,13.43799991607666
1952-09-01,0.172,0.03,0.0,3.1,0.8,2.3050326546292688,0.8013636363636363,0.0,-0.017788853964361362,0.10151223235490718,13.43799991607666
1952-10-01,0.172,0.03,0.0,3.0,0.8,2.0259938837920544,0.8013636363636363,0.0,-0.017788853964361362,0.10151223235490718,13.43799991607666
1952-11-01,0.172,0.03,0.0,2.8,0.8,1.4057750759878473,0.8013636363636363,0.0,-0.017788853964361362,0.10151223235490718,13.43799991607666
1952-12-01,0.172,0.03,0.0,2.7,0.8,0.9066868152625585,0.8013636363636363,0.0,-0.017788853964361362,0.10151223235490718,13.43799991607666
1953-01-01,0.172,0.03,0.0,2.9,0.8,0.7183364839319584,0.8013636363636363,0.0,-0.017788853964361362,0.10151223235490718,13.43799991607666
1953-02-01,0.172,0.03,0.0,2.6,0.8,0.6815600151457879,0.8013636363636363,0.0,-0.017788853964361362,0.10151223235490718,13.43799991607666
1953-03-01,0.172,0.03,0.0,2.6,0.8,0.9094353921940135,0.8013636363636363,0.0,-0.017788853964361362,0.10151223235490718,13.43799991607666
1953-04-01,0.172,0.03,0.0,2.7,0.8,0.8692365835222926,0.8013636363636363,0.0,-0.017788853964361362,0.10151223235490718,13.43799991607666
1953-05-01,0.172,0.03,0.0,2.5,0.8,0.86890819795995,0.8013636363636363,0.0,-0.017788853964361362,0.10151223235490718,13.43799991607666
1953-06-01,0.172,0.03,0.0,2.5,0.8,0.9046362608367886,0.8013636363636363,0.0,-0.017788853964361362,0.10151223235490718,13.43799991607666
1953-07-01,0.172,0.03,0.0,2.6,0.8,0.41229385307346433,0.8013636363636363,0.0,-0.017788853964361362,0.10151223235490718,13.43799991607666
1953-08-01,0.172,0.03,0.0,2.7,0.8,0.5994754589734086,0.8013636363636363,1.0,-0.017788853964361362,0.10151223235490718,13.43799991607666
1953-09-01,0.172,0.03,0.0,2.9,0.8,0.9763424708974844,0.8013636363636363,1.0,-0.017788853964361362,0.10151223235490718,13.43799991607666
1953-10-01,0.172,0.03,0.0,3.1,0.8,0.9741476208317668,0.8013636363636363,1.0,-0.017788853964361362,0.10151223235490718,13.43799991607666
1953-11-01,0.172,0.03,0.0,3.5,0.8,0.5994754589734086,0.8013636363636363,1.0,-0.017788853964361362,0.10151223235490718,13.43799991607666
1953-12-01,0.172,0.03,0.0,4.5,0.8,0.5990265818045737,0.8013636363636363,1.0,-0.017788853964361362,0.10151223235490718,13.43799991607666
1954-01-01,0.172,0.03,0.0,4.9,0.8,1.1261261261261257,0.8013636363636363,1.0,-0.017788853964361362,0.10151223235490718,13.43799991607666
1954-02-01,0.172,0.03,0.0,5.2,0.8,1.5043249341857745,0.8013636363636363,1.0,-0.017788853964361362,0.10151223235490718,13.43799991607666
1954-03-01,0.172,0.03,0.0,5.7,0.8,1.1265490048817162,0.8013636363636363,1.0,-0.017788853964361362,0.10151223235490718,13.43799991607666
1954-04-01,0.172,0.03,0.0,5.9,0.8,0.6369426751592355,0.8013636363636363,1.0,-0.017788853964361362,0.10151223235490718,13.43799991607666
1954-05-01,0.172,0.03,0.0,5.9,0.8,0.8614232209737782,0.8013636363636363,1.0,-0.017788853964361362,0.10151223235490718,13.43799991607666
1954-06-01,0.172,0.03,0.0,5.6,0.8,0.635039223010847,0.8013636363636363,0.0,-0.017788853964361362,0.10151223235490718,13.43799991607666
1954-07-01,0.172,0.03,0.0,5.8,0.8,0.26129152668905586,0.8013636363636363,0.0,-0.017788853964361362,0.10151223235490718,13.43799991607666
1954-08-01,0.172,0.03,0.0,6.0,1.22,0.0,0.8013636363636363,0.0,-0.017788853964361362,0.10151223235490718,13.43799991607666
1954-09-01,0.172,0.03,0.0,6.1,1.07,-0.2975083674228385,0.8013636363636363,0.0,-0.017788853964361362,0.10151223235490718,13.43799991607666
1954-10-01,0.172,0.03,0.0,5.7,0.85,-0.8534322820037077,0.8013636363636363,0.0,-0.017788853964361362,0.10151223235490718,13.43799991607666
1954-11-01,0.172,0.03,0.0,5.3,0.83,-0.26070763500931626,0.8013636363636363,0.0,-0.017788853964361362,0.10151223235490718,13.43799991607666
1954-12-01,0.172,0.03,0.0,5.0,1.28,-0.37216226274656705,0.8013636363636363,0.0,-0.017788853964361362,0.10151223235490718,13.43799991607666
1955-01-01,0.172,0.03,0.0,4.9,1.39,-0.6310319227913919,0.8013636363636363,0.0,-0.017788853964361362,0.10151223235490718,13.43799991607666
1955-02-01,0.172,0.03,0.0,4.7,1.29,-0.6298629121896937,0.8013636363636363,0.0,-0.017788853964361362,0.10151223235490718,13.43799991607666
1955-03-01,0.172,0.03,0.0,4.6,1.35,-0.519866320089124,0.8013636363636363,0.0,-0.017788853964361362,0.10151223235490718,13.43799991607666
1955-04-01,0.172,0.03,0.0,4.7,1.43,-0.2606105733432673,0.8013636363636363,0.0,-0.017788853964361362,0.10151223235490718,13.43799991607666
1955-05-01,0.172,0.03,0.0,4.3,1.43,-0.5941329372447068,0.8013636363636363,0.0,-0.017788853964361362,0.10151223235490718,13.43799991607666
1955-06-01,0.172,0.03,0.0,4.2,1.64,-0.8537490720118779,0.8013636363636363,0.0,-0.017788853964361362,0.10151223235490718,13.43799991607666
1955-07-01,0.172,0.03,0.0,4.0,1.68,-0.37230081906179935,0.8013636363636363,0.0,-0.017788853964361362,0.10151223235490718,13.43799991607666
1955-08-01,0.172,0.03,0.0,4.2,1.96,-0.484171322160154,0.8013636363636363,0.0,-0.017788853964361362,0.10151223235490718,13.43799991607666
1955-09-01,0.172,0.03,0.0,4.1,2.18,0.14919806042521522,0.8013636363636363,0.0,-0.017788853964361362,0.10151223235490718,13.43799991607666
1955-10-01,0.172,0.03,0.0,4.3,2.24,0.37425149700598404,0.8013636363636363,0.0,-0.017788853964361362,0.10151223235490718,13.43799991607666
1955-11-01,0.172,0.03,0.0,4.2,2.35,0.37341299477220424,0.8013636363636363,0.0,-0.017788853964361362,0.10151223235490718,13.43799991607666
1955-12-01,0.172,0.03,0.0,4.2,2.48,0.37355248412402897,0.8013636363636363,0.0,-0.017788853964361362,0.10151223235490718,13.43799991607666
1956-01-01,0.172,0.03,0.0,4.0,2.45,0.22413149047439962,0.8013636363636363,0.0,-0.017788853964361362,0.10151223235490718,13.43799991607666
1956-02-01,0.172,0.03,0.0,3.9,2.5,0.1491424310216205,0.8013636363636363,0.0,-0.017788853964361362,0.10151223235490718,13.43799991607666
1956-03-01,0.172,0.03,0.0,4.2,2.5,0.3732736095558131,0.8013636363636363,0.0,-0.017788853964361362,0.10151223235490718,13.43799991607666
1956-04-01,0.172,0.03,0.0,4.0,2.62,0.5225830533781339,0.8013636363636363,0.0,-0.017788853964361362,0.10151223235490718,13.43799991607666
1956-05-01,0.172,0.03,0.0,4.3,2.75,0.9712364587224576,0.8013636363636363,0.0,-0.017788853964361362,0.10151223235490718,13.43799991607666
1956-06-01,0.172,0.03,0.0,4.3,2.71,1.647323099962561,0.8013636363636363,0.0,-0.017788853964361362,0.10151223235490718,13.43799991607666
1956-07-01,0.172,0.03,0.0,4.4,2.75,1.9805680119581393,0.8013636363636363,0.0,-0.017788853964361362,0.10151223235490718,13.43799991607666
1956-08-01,0.172,0.03,0.0,4.1,2.73,2.208083832335328,0.8013636363636363,0.0,-0.017788853964361362,0.10151223235490718,13.43799991607666
1956-09-01,0.172,0.03,0.0,3.9,2.95,1.862197392923659,0.8013636363636363,0.0,-0.017788853964361362,0.10151223235490718,13.43799991607666
1956-10-01,0.172,0.03,0.0,3.9,2.96,2.572706935123037,0.8013636363636363,0.0,-0.017788853964361362,0.10151223235490718,13.43799991607666
1956-11-01,0.172,0.03,0.0,4.3,2.88,2.34375,0.8013636363636363,0.0,-0.017788853964361362,0.10151223235490718,13.43799991607666
1956-12-01,0.172,0.03,0.0,4.2,2.94,2.828433196873825,0.8013636363636363,0.0,-0.017788853964361362,0.10151223235490718,13.43799991607666
1957-01-01,0.172,0.03,0.0,4.2,2.84,3.130823704808061,0.8013636363636363,0.0,-0.017788853964361362,0.10151223235490718,13.43799991607666
1957-02-01,0.172,0.03,0.0,3.9,3.0,3.4996276991809516,0.8013636363636363,0.0,-0.017788853964361362,0.10151223235490718,13.43799991607666
1957-03-01,0.172,0.03,0.0,3.7,2.96,3.607288955001864,0.8013636363636363,0.0,-0.017788853964361362,0.10151223235490718,13.43799991607666
1957-04-01,0.172,0.03,0.0,3.9,3.0,3.713330857779429,0.8013636363636363,0.0,-0.017788853964361362,0.10151223235490718,13.43799991607666
1957-05-01,0.172,0.03,0.0,4.1,3.0,3.588605253422128,0.8013636363636363,0.0,-0.017788853964361362,0.10151223235490718,13.43799991607666
1957-06-01,0.172,0.03,0.0,4.3,3.0,3.53591160220994,0.8013636363636363,0.0,-0.017788853964361362,0.10151223235490718,13.43799991607666
1957-07-01,0.172,0.03,0.0,4.2,2.99,3.2979113228288837,0.8013636363636363,0.0,-0.017788853964361362,0.10151223235490718,13.43799991607666
1957-08-01,0.172,0.03,0.0,4.1,3.24,3.551812522885389,0.8013636363636363,0.0,-0.017788853964361362,0.10151223235490718,13.43799991607666
1957-09-01,0.172,0.03,0.0,4.4,3.47,3.546617915904937,0.8013636363636363,1.0,-0.017788853964361362,0.10151223235490718,13.43799991607666
1957-10-01,0.172,0.03,0.0,4.5,3.5,2.944383860414379,0.8013636363636363,1.0,-0.017788853964361362,0.10151223235490718,13.43799991607666
1957-11-01,0.172,0.03,0.0,5.1,3.28,3.271537622682663,0.8013636363636363,1.0,-0.017788853964361362,0.10151223235490718,13.43799991607666
1957-12-01,0.172,0.03,0.0,5.2,2.98,3.0401737242128135,0.8013636363636363,1.0,-0.017788853964361362,0.10151223235490718,13.43799991607666
1958-01-01,0.172,0.03,0.0,5.8,2.72,3.5056017347307566,0.8013636363636363,1.0,-0.017788853964361362,0.10151223235490718,13.43799991607666
1958-02-01,0.172,0.03,0.0,6.4,1.67,3.237410071942448,0.8013636363636363,1.0,-0.017788853964361362,0.10151223235490718,13.43799991607666
1958-03-01,0.172,0.03,0.0,6.7,1.2,3.6252692031586653,0.8013636363636363,1.0,-0.017788853964361362,0.10151223235490718,13.43799991607666
1958-04-01,0.172,0.03,0.0,7.4,1.26,3.6161833154314316,0.8013636363636363,1.0,-0.017788853964361362,0.10151223235490718,13.43799991607666
1958-05-01,0.172,0.03,0.0,7.4,0.63,3.3571428571428585,0.8013636363636363,0.0,-0.017788853964361362,0.10151223235490718,13.43799991607666
1958-06-01,0.172,0.03,0.0,7.3,0.93,2.8459622909996485,0.8013636363636363,0.0,-0.017788853964361362,0.10151223235490718,13.43799991607666
1958-07-01,0.172,0.03,0.0,7.5,0.68,2.483150053210359,0.8013636363636363,0.0,-0.017788853964361362,0.10151223235490718,13.43799991607666
1958-08-01,0.172,0.03,0.0,7.4,1.53,2.333804809052342,0.8013636363636363,0.0,-0.017788853964361362,0.10151223235490718,13.43799991607666
1958-09-01,0.172,0.03,0.0,7.1,1.76,2.083333333333326,0.8013636363636363,0.0,-0.017788853964361362,0.10151223235490718,13.43799991607666
1958-10-01,0.172,0.03,0.0,6.7,1.8,2.083333333333326,0.8013636363636363,0.0,-0.017788853964361362,0.10151223235490718,13.43799991607666
1958-11-01,0.172,0.03,0.0,6.2,2.27,1.9007391763463444,0.8013636363636363,0.0,-0.017788853964361362,0.10151223235490718,13.43799991607666
1958-12-01,0.172,0.03,0.0,6.2,2.42,1.7562346329469625,0.8013636363636363,0.0,-0.017788853964361362,0.10151223235490718,13.43799991607666
1959-01-01,0.172,0.03,0.0,6.0,2.48,1.2918994413407825,0.8013636363636363,0.0,-0.017788853964361362,0.10151223235490718,13.43799991607666
1959-02-01,0.172,0.03,0.0,5.9,2.43,1.0452961672473782,0.8013636363636363,0.0,-0.017788853964361362,0.10151223235490718,13.43799991607666
1959-03-01,0.172,0.03,0.0,5.6,2.8,0.3463803255975062,0.8013636363636363,0.0,-0.017788853964361362,0.10151223235490718,13.43799991607666
1959-04-01,0.172,0.03,0.0,5.2,2.96,0.13821700069107656,0.8013636363636363,0.0,-0.017788853964361362,0.10151223235490718,13.43799991607666
1959-05-01,0.172,0.03,0.0,5.1,2.9,0.3455425017277136,0.8013636363636363,0.0,-0.017788853964361362,0.10151223235490718,13.43799991607666
1959-06-01,0.172,0.03,0.0,5.0,3.39,0.6918021445866396,0.8013636363636363,0.0,-0.017788853964361362,0.10151223235490718,13.43799991607666
1959-07-01,0.172,0.03,0.0,5.1,3.47,0.8999653859466772,0.8013636363636363,0.0,-0.017788853964361362,0.10151223235490718,13.43799991607666
1959-08-01,0.172,0.03,0.0,5.2,3.5,0.8293020041465038,0.8013636363636363,0.0,-0.017788853964361362,0.10151223235490718,13.43799991607666
1959-09-01,0.172,0.03,0.0,5.5,3.76,1.1760636457972984,0.8013636363636363,0.0,-0.017788853964361362,0.10151223235490718,13.43799991607666
1959-10-01,0.172,0.03,0.0,5.7,3.98,1.5219647180906293,0.8013636363636363,0.0,-0.017788853964361362,0.10151223235490718,13.43799991607666
1959-11-01,0.172,0.03,0.0,5.8,4.0,1.3816925734024155,0.8013636363636363,0.0,-0.017788853964361362,0.10151223235490718,13.43799991607666
1959-12-01,0.172,0.03,0.0,5.3,3.99,1.5188125647221273,0.8013636363636363,0.0,-0.017788853964361362,0.10151223235490718,13.43799991607666
1960-01-01,0.172,0.03,0.0,5.2,3.99,1.2409513960703222,0.8013636363636363,0.0,-0.017788853964361362,0.10151223235490718,13.43799991607666
1960-02-01,0.172,0.03,0.0,4.8,3.97,1.4137931034482687,0.8013636363636363,0.0,-0.017788853964361362,0.10151223235490718,13.43799991607666
1960-03-01,0.172,0.03,0.0,5.4,3.84,1.5188125647221273,0.8013636363636363,0.0,-0.017788853964361362,0.10151223235490718,13.43799991607666
1960-04-01,0.172,0.03,0.0,5.2,3.92,1.9323671497584405,0.8013636363636363,0.0,-0.017788853964361362,0.10151223235490718,13.43799991607666
1960-05-01,0.172,0.03,0.0,5.1,3.85,1.8250688705234275,0.8013636363636363,1.0,-0.017788853964361362,0.10151223235490718,13.43799991607666
1960-06-01,0.172,0.03,0.0,5.4,3.32,1.7176228100309165,0.8013636363636363,1.0,-0.017788853964361362,0.10151223235490718,13.43799991607666
1960-07-01,0.172,0.03,0.0,5.5,3.23,1.3722126929674117,0.8013636363636363,1.0,-0.017788853964361362,0.10151223235490718,13.43799991607666
1960-08-01,0.172,0.03,0.0,5.6,2.98,1.473612063056895,0.8013636363636363,1.0,-0.017788853964361362,0.10151223235490718,13.43799991607666
1960-09-01,0.172,0.03,0.0,5.5,2.6,1.2307692307692353,0.8013636363636363,1.0,-0.017788853964361362,0.10151223235490718,13.43799991607666
1960-10-01,0.172,0.03,0.0,6.1,2.47,1.3628620102214661,0.8013636363636363,1.0,-0.017788853964361362,0.10151223235490718,13.43799991607666
1960-11-01,0.172,0.03,0.0,6.1,2.44,1.4650766609880739,0.8013636363636363,1.0,-0.017788853964361362,0.10151223235490718,13.43799991607666
1960-12-01,0.172,0.03,0.0,6.6,1.98,1.3600816048962905,0.8013636363636363,1.0,-0.017788853964361362,0.10151223235490718,13.43799991607666
1961-01-01,0.172,0.03,0.0,6.6,1.45,1.6002723867892366,0.8013636363636363,1.0,-0.017788853964361362,0.10151223235490718,13.43799991607666
1961-02-01,0.172,0.03,0.0,6.9,2.54,1.4620877252635056,0.8013636363636363,1.0,-0.017788853964361362,0.10151223235490718,13.43799991607666
1961-03-01,0.172,0.03,0.0,6.9,2.02,1.4620877252635056,0.8013636363636363,0.0,-0.017788853964361362,0.10151223235490718,13.43799991607666
1961-04-01,0.172,0.03,0.0,7.0,1.49,0.9140148950575577,0.8013636363636363,0.0,-0.017788853964361362,0.10151223235490718,13.43799991607666
1961-05-01,0.172,0.03,0.0,7.1,1.98,0.9130875887723988,0.8013636363636363,0.0,-0.017788853964361362,0.10151223235490718,13.43799991607666
1961-06-01,0.172,0.03,0.0,6.9,1.73,0.7767646065518496,0.8013636363636363,0.0,-0.017788853964361362,0.10151223235490718,13.43799991607666
1961-07-01,0.172,0.03,0.0,7.0,1.17,1.25211505922167,0.8013636363636363,0.0,-0.017788853964361362,0.10151223235490718,13.43799991607666
1961-08-01,0.172,0.03,0.0,6.6,2.0,1.1144883485309176,0.8013636363636363,0.0,-0.017788853964361362,0.10151223235490718,13.43799991607666
1961-09-01,0.172,0.03,0.0,6.7,1.88,1.249577845322536,0.8013636363636363,0.0,-0.017788853964361362,0.10151223235490718,13.43799991607666
1961-10-01,0.172,0.03,0.0,6.5,2.26,0.7731092436974896,0.8013636363636363,0.0,-0.017788853964361362,0.10151223235490718,13.43799991607666
1961-11-01,0.172,0.03,0.0,6.1,2.61,0.671591672263272,0.8013636363636363,0.0,-0.017788853964361362,0.10151223235490718,13.43799991607666
1961-12-01,0.172,0.03,0.0,6.0,2.33,0.6709158000671067,0.8013636363636363,0.0,-0.017788853964361362,0.10151223235490718,13.43799991607666
1962-01-01,0.172,0.03,0.0,5.8,2.15,0.6702412868632601,0.8013636363636363,0.0,-0.017788853964361362,0.10151223235490718,13.43799991607666
1962-02-01,0.172,0.03,0.0,5.5,2.37,0.9048257372654245,0.8013636363636363,0.0,-0.017788853964361362,0.10151223235490718,13.43799991607666
1962-03-01,0.172,0.03,0.0,5.6,2.85,1.1058981233244003,0.8013636363636363,0.0,-0.017788853964361362,0.10151223235490718,13.43799991607666
1962-04-01,0.172,0.03,0.0,5.6,2.78,1.3418316001341912,0.8013636363636363,0.0,-0.017788853964361362,0.10151223235490718,13.43799991607666
1962-05-01,0.172,0.03,0.0,5.5,2.36,1.3404825737265424,0.8013636363636363,0.0,-0.017788853964361362,0.10151223235490718,13.43799991607666
1962-06-01,0.172,0.03,0.0,5.5,2.68,1.2399463806970434,0.8013636363636363,0.0,-0.017788853964361362,0.10151223235490718,13.43799991607666
1962-07-01,0.172,0.03,0.0,5.4,2.71,1.0026737967914423,0.8013636363636363,0.0,-0.017788853964361362,0.10151223235490718,13.43799991607666
1962-08-01,0.172,0.03,0.0,5.7,2.93,1.135604542418167,0.8013636363636363,0.0,-0.017788853964361362,0.10151223235490718,13.43799991607666
1962-09-01,0.172,0.03,0.0,5.6,2.9,1.4676450967311627,0.8013636363636363,0.0,-0.017788853964361362,0.10151223235490718,13.43799991607666
1962-10-01,0.172,0.03,0.0,5.4,2.9,1.3342228152101399,0.8013636363636363,0.0,-0.017788853964361362,0.10151223235490718,13.43799991607666
1962-11-01,0.172,0.03,0.0,5.7,2.94,1.3342228152101399,0.8013636363636363,0.0,-0.017788853964361362,0.10151223235490718,13.43799991607666
1962-12-01,0.172,0.03,0.0,5.5,2.93,1.2329223592135952,0.8013636363636363,0.0,-0.017788853964361362,0.10151223235490718,13.43799991607666
1963-01-01,0.172,0.03,0.0,5.7,2.92,1.331557922769644,0.8013636363636363,0.0,-0.017788853964361362,0.10151223235490718,13.43799991607666
1963-02-01,0.172,0.03,0.0,5.9,3.0,1.2288276320159497,0.8013636363636363,0.0,-0.017788853964361362,0.10151223235490718,13.43799991607666
1963-03-01,0.172,0.03,0.0,5.7,2.98,1.1269472986410234,0.8013636363636363,0.0,-0.017788853964361362,0.10151223235490718,13.43799991607666
1963-04-01,0.172,0.03,0.0,5.7,2.9,0.893743793445867,0.8013636363636363,0.0,-0.017788853964361362,0.10151223235490718,13.43799991607666
1963-05-01,0.172,0.03,0.0,5.9,3.0,0.8928571428571619,0.8013636363636363,0.0,-0.017788853964361362,0.10151223235490718,13.43799991607666
1963-06-01,0.172,0.03,0.0,5.6,2.99,1.3240648791790655,0.8013636363636363,0.0,-0.017788853964361362,0.10151223235490718,13.43799991607666
1963-07-01,0.172,0.03,0.0,5.6,3.02,1.5552614162806178,0.8013636363636363,0.0,-0.017788853964361362,0.10151223235490718,13.43799991607666
1963-08-01,0.172,0.03,0.0,5.4,3.49,1.5521796565389767,0.8013636363636363,0.0,-0.017788853964361362,0.10151223235490718,13.43799991607666
1963-09-01,0.172,0.03,0.0,5.5,3.48,0.9861932938855844,0.8013636363636363,0.0,-0.017788853964361362,0.10151223235490718,13.43799991607666
1963-10-01,0.172,0.03,0.0,5.5,3.5,1.2179065174456882,0.8013636363636363,0.0,-0.017788853964361362,0.10151223235490718,13.43799991607666
1963-11-01,0.172,0.03,0.0,5.7,3.48,1.3166556945358954,0.8013636363636363,0.0,-0.017788853964361362,0.10151223235490718,13.43799991607666
1963-12-01,0.172,0.03,0.0,5.5,3.38,1.6458196181698526,0.8013636363636363,0.0,-0.017788853964361362,0.10151223235490718,13.43799991607666
1964-01-01,0.172,0.03,0.0,5.6,3.48,1.6425755584756896,0.8013636363636363,0.0,-0.017788853964361362,0.10151223235490718,13.43799991607666
1964-02-01,0.172,0.03,0.0,5.4,3.48,1.4107611548556331,0.8013636363636363,0.0,-0.017788853964361362,0.10151223235490718,13.43799991607666
1964-03-01,0.172,0.03,0.0,5.4,3.43,1.4093739757456536,0.8013636363636363,0.0,-0.017788853964361362,0.10151223235490718,13.43799991607666
1964-04-01,0.172,0.03,0.0,5.3,3.47,1.5419947506561726,0.8013636363636363,0.0,-0.017788853964361362,0.10151223235490718,13.43799991607666
1964-05-01,0.172,0.03,0.0,5.1,3.5,1.5404785316289749,0.8013636363636363,0.0,-0.017788853964361362,0.10151223235490718,13.43799991607666
1964-06-01,0.172,0.03,0.0,5.2,3.5,1.3067624959163693,0.8013636363636363,0.0,-0.017788853964361362,0.10151223235490718,13.43799991607666
1964-07-01,0.172,0.03,0.0,4.9,3.42,1.0752688172043001,0.8013636363636363,0.0,-0.017788853964361362,0.10151223235490718,13.43799991607666
1964-08-01,0.172,0.03,0.0,5.0,3.5,0.9756097560975618,0.8013636363636363,0.0,-0.017788853964361362,0.10151223235490718,13.43799991607666
1964-09-01,0.172,0.03,0.0,5.1,3.45,1.171875,0.8013636363636363,0.0,-0.017788853964361362,0.10151223235490718,13.43799991607666
1964-10-01,0.172,0.03,0.0,5.1,3.36,1.2032520325203189,0.8013636363636363,0.0,-0.017788853964361362,0.10151223235490718,13.43799991607666
1964-11-01,0.172,0.03,0.0,4.8,3.52,1.3970110461338558,0.8013636363636363,0.0,-0.017788853964361362,0.10151223235490718,13.43799991607666
1964-12-01,0.172,0.03,0.0,5.0,3.85,1.1981865284974136,0.8013636363636363,0.0,-0.017788853964361362,0.10151223235490718,13.43799991607666
1965-01-01,0.172,0.03,0.0,4.9,3.9,1.098901098901095,0.8013636363636363,0.0,-0.017788853964361362,0.10151223235490718,13.43799991607666
1965-02-01,0.172,0.03,0.0,5.1,3.98,1.1970236169524417,0.8013636363636363,0.0,-0.017788853964361362,0.10151223235490718,13.43799991607666
1965-03-01,0.172,0.03,0.0,4.7,4.05,1.1958629605688387,0.8013636363636363,0.0,-0.017788853964361362,0.10151223235490718,13.43799991607666
1965-04-01,0.172,0.03,0.0,4.8,4.09,1.3893376413570246,0.8013636363636363,0.0,-0.017788853964361362,0.10151223235490718,13.43799991607666
1965-05-01,0.172,0.03,0.0,4.6,4.1,1.6139444803098701,0.8013636363636363,0.0,-0.017788853964361362,0.10151223235490718,13.43799991607666
1965-06-01,0.172,0.03,0.0,4.6,4.05,1.9348597226700903,0.8013636363636363,0.0,-0.017788853964361362,0.10151223235490718,13.43799991607666
1965-07-01,0.172,0.03,0.0,4.4,4.09,1.8052869116698789,0.8013636363636363,0.0,-0.017788853964361362,0.10151223235490718,13.43799991607666
1965-08-01,0.172,0.03,0.0,4.4,4.12,1.6103059581320522,0.8013636363636363,0.0,-0.017788853964361362,0.10151223235490718,13.43799991607666
1965-09-01,0.172,0.03,0.0,4.3,4.02,1.737451737451745,0.8013636363636363,0.0,-0.017788853964361362,0.10151223235490718,13.43799991607666
1965-10-01,0.172,0.03,0.0,4.2,4.08,1.7030848329048665,0.8013636363636363,0.0,-0.017788853964361362,0.10151223235490718,13.43799991607666
1965-11-01,0.172,0.03,0.0,4.1,4.1,1.7302146747837144,0.8013636363636363,0.0,-0.017788853964361362,0.10151223235490718,13.43799991607666
1965-12-01,0.172,0.03,0.0,4.0,4.32,1.9200000000000106,0.8013636363636363,0.0,-0.017788853964361362,0.10151223235490718,13.43799991607666
1966-01-01,0.172,0.03,0.0,4.0,4.42,1.9181585677749302,0.8013636363636363,0.0,-0.017788853964361362,0.10151223235490718,13.43799991607666
1966-02-01,0.172,0.03,0.0,3.8,4.6,2.5575447570332477,0.8013636363636363,0.0,-0.017788853964361362,0.10151223235490718,13.43799991607666
1966-03-01,0.172,0.03,0.0,3.8,4.66,2.7786649632705274,0.8013636363636363,0.0,-0.017788853964361362,0.10151223235490718,13.43799991607666
1966-04-01,0.172,0.03,0.0,3.8,4.67,2.8680688336520044,0.8013636363636363,0.0,-0.017788853964361362,0.10151223235490718,13.43799991607666
1966-05-01,0.172,0.03,0.0,3.9,4.9,2.763659466327839,0.8013636363636363,0.0,-0.017788853964361362,0.10151223235490718,13.43799991607666
1966-06-01,0.172,0.03,0.0,3.8,5.17,2.4359379943056148,0.8013636363636363,0.0,-0.017788853964361362,0.10151223235490718,13.43799991607666
1966-07-01,0.172,0.03,0.0,3.8,5.3,2.754908169727699,0.8013636363636363,0.0,-0.017788853964361362,0.10151223235490718,13.43799991607666
1966-08-01,0.172,0.03,0.0,3.8,5.53,3.4865293185419866,0.8013636363636363,0.0,-0.017788853964361362,0.10151223235490718,13.43799991607666
1966-09-01,0.172,0.03,0.0,3.7,5.4,3.5736875395319334,0.8013636363636363,0.0,-0.017788853964361362,0.10151223235490718,13.43799991607666
1966-10-01,0.172,0.03,0.0,3.7,5.53,3.791469194312813,0.8013636363636363,0.0,-0.017788853964361362,0.10151223235490718,13.43799991607666
1966-11-01,0.172,0.03,0.0,3.6,5.76,3.5590551181102548,0.8013636363636363,0.0,-0.017788853964361362,0.10151223235490718,13.43799991607666
1966-12-01,0.172,0.03,0.0,3.8,5.4,3.3594976452119285,0.8013636363636363,0.0,-0.017788853964361362,0.10151223235490718,13.43799991607666
1967-01-01,0.172,0.03,0.0,3.9,4.94,3.19949811794229,0.8013636363636363,0.0,-0.017788853964361362,0.10151223235490718,13.43799991607666
1967-02-01,0.172,0.03,0.0,3.8,5.0,2.8678304239401653,0.8013636363636363,0.0,-0.017788853964361362,0.10151223235490718,13.43799991607666
1967-03-01,0.172,0.03,0.0,3.8,4.53,2.5481665630826544,0.8013636363636363,0.0,-0.017788853964361362,0.10151223235490718,13.43799991607666
1967-04-01,0.172,0.03,0.0,3.8,4.05,2.5402726146220633,0.8013636363636363,0.0,-0.017788853964361362,0.10151223235490718,13.43799991607666
1967-05-01,0.172,0.03,0.0,3.8,3.94,2.3183925811437467,0.8013636363636363,0.0,-0.017788853964361362,0.10151223235490718,13.43799991607666
1967-06-01,0.172,0.03,0.0,3.9,3.98,2.8412600370598895,0.8013636363636363,0.0,-0.017788853964361362,0.10151223235490718,13.43799991607666
1967-07-01,0.172,0.03,0.0,3.8,3.79,2.9275808936825687,0.8013636363636363,0.0,-0.017788853964361362,0.10151223235490718,13.43799991607666
1967-08-01,0.172,0.03,0.0,3.8,3.9,2.6033690658499253,0.8013636363636363,0.0,-0.017788853964361362,0.10151223235490718,13.43799991607666
1967-09-01,0.172,0.03,0.0,3.8,3.99,2.595419847328251,0.8013636363636363,0.0,-0.017788853964361362,0.10151223235490718,13.43799991607666
1967-10-01,0.172,0.03,0.0,4.0,3.88,2.5875190258751957,0.8013636363636363,0.0,-0.017788853964361362,0.10151223235490718,13.43799991607666
1967-11-01,0.172,0.03,0.0,3.9,4.13,3.10218978102188,0.8013636363636363,0.0,-0.017788853964361362,0.10151223235490718,13.43799991607666
1967-12-01,0.172,0.03,0.0,3.8,4.51,3.280680437424044,0.8013636363636363,0.0,-0.017788853964361362,0.10151223235490718,13.43799991607666
1968-01-01,0.172,0.03,0.0,3.7,4.61,3.647416413373872,0.8013636363636363,0.0,-0.017788853964361362,0.10151223235490718,13.43799991607666
1968-02-01,0.172,0.03,0.0,3.8,4.71,3.6363636363636376,0.8013636363636363,0.0,-0.017788853964361362,0.10151223235490718,13.43799991607666
1968-03-01,0.172,0.03,0.0,3.7,5.05,3.9393939393939315,0.8013636363636363,0.0,-0.017788853964361362,0.10151223235490718,13.43799991607666
1968-04-01,0.172,0.03,0.0,3.5,5.76,3.92749244712991,0.8013636363636363,0.0,-0.017788853964361362,0.10151223235490718,13.43799991607666
1968-05-01,0.172,0.03,0.0,3.5,6.12,4.229607250755274,0.8013636363636363,0.0,-0.017788853964361362,0.10151223235490718,13.43799991607666
1968-06-01,0.172,0.03,0.0,3.7,6.07,4.2042042042042205,0.8013636363636363,0.0,-0.017788853964361362,0.10151223235490718,13.43799991607666
1968-07-01,0.172,0.03,0.0,3.7,6.03,4.491017964071853,0.8013636363636363,0.0,-0.017788853964361362,0.10151223235490718,13.43799991607666
1968-08-01,0.172,0.03,0.0,3.5,6.03,4.477611940298498,0.8013636363636363,0.0,-0.017788853964361362,0.10151223235490718,13.43799991607666
1968-09-01,0.172,0.03,0.0,3.4,5.78,4.464285714285721,0.8013636363636363,0.0,-0.017788853964361362,0.10151223235490718,13.43799991607666
1968-10-01,0.172,0.03,0.0,3.4,5.91,4.7477744807121525,0.8013636363636363,0.0,-0.017788853964361362,0.10151223235490718,13.43799991607666
1968-11-01,0.172,0.03,0.0,3.4,5.82,4.424778761061954,0.8013636363636363,0.0,-0.017788853964361362,0.10151223235490718,13.43799991607666
1968-12-01,0.172,0.03,0.0,3.4,6.02,4.705882352941182,0.8013636363636363,0.0,-0.017788853964361362,0.10151223235490718,13.43799991607666
1969-01-01,0.172,0.03,0.0,3.4,6.3,4.692082111436946,0.8013636363636363,0.0,-0.017788853964361362,0.10151223235490718,13.43799991607666
1969-02-01,0.172,0.03,0.0,3.4,6.61,4.678362573099393,0.8013636363636363,0.0,-0.017788853964361362,0.10151223235490718,13.43799991607666
1969-03-01,0.172,0.03,0.0,3.4,6.79,5.247813411078739,0.8013636363636363,0.0,-0.017788853964361362,0.10151223235490718,13.43799991607666
1969-04-01,0.172,0.03,0.0,3.4,7.41,5.523255813953476,0.8013636363636363,0.0,-0.017788853964361362,0.10151223235490718,13.43799991607666
1969-05-01,0.172,0.03,0.0,3.4,8.67,5.507246376811592,0.8013636363636363,0.0,-0.017788853964361362,0.10151223235490718,13.43799991607666
1969-06-01,0.172,0.03,0.0,3.5,8.9,5.475504322766556,0.8013636363636363,0.0,-0.017788853964361362,0.10151223235490718,13.43799991607666
1969-07-01,0.172,0.03,0.0,3.5,8.61,5.4441260744985565,0.8013636363636363,0.0,-0.017788853964361362,0.10151223235490718,13.43799991607666
1969-08-01,0.172,0.03,0.0,3.5,9.19,5.428571428571427,0.8013636363636363,0.0,-0.017788853964361362,0.10151223235490718,13.43799991607666
1969-09-01,0.172,0.03,0.0,3.7,9.15,5.698005698005693,0.8013636363636363,0.0,-0.017788853964361362,0.10151223235490718,13.43799991607666
1969-10-01,0.172,0.03,0.0,3.7,9.0,5.665722379603411,0.8013636363636363,0.0,-0.017788853964361362,0.10151223235490718,13.43799991607666
1969-11-01,0.172,0.03,0.0,3.5,8.85,5.932203389830515,0.8013636363636363,0.0,-0.017788853964361362,0.10151223235490718,13.43799991607666
1969-12-01,0.172,0.03,0.0,3.5,8.97,5.89887640449438,0.8013636363636363,0.0,-0.017788853964361362,0.10151223235490718,13.43799991607666
1970-01-01,0.172,0.03,0.0,3.9,8.98,6.162464985994376,0.8013636363636363,1.0,-0.017788853964361362,0.10151223235490718,13.43799991607666
1970-02-01,0.172,0.03,0.0,4.2,8.98,6.424581005586605,0.8013636363636363,1.0,-0.017788853964361362,0.10151223235490718,13.43799991607666
1970-03-01,0.172,0.03,0.0,4.4,7.76,6.094182825484751,0.8013636363636363,1.0,-0.017788853964361362,0.10151223235490718,13.43799991607666
1970-04-01,0.172,0.03,0.0,4.6,8.1,6.060606060606077,0.8013636363636363,1.0,-0.017788853964361362,0.10151223235490718,13.43799991607666
1970-05-01,0.172,0.03,0.0,4.8,7.95,6.043956043956045,0.8013636363636363,1.0,-0.017788853964361362,0.10151223235490718,13.43799991607666
1970-06-01,0.172,0.03,0.0,4.9,7.61,6.010928961748618,0.8013636363636363,1.0,-0.017788853964361362,0.10151223235490718,13.43799991607666
1970-07-01,0.172,0.03,0.0,5.0,7.21,5.7065217391304435,0.8013636363636363,1.0,-0.017788853964361362,0.10151223235490718,13.43799991607666
1970-08-01,0.172,0.03,0.0,5.1,6.62,5.691056910569103,0.8013636363636363,1.0,-0.017788853964361362,0.10151223235490718,13.43799991607666
1970-09-01,0.172,0.03,0.0,5.4,6.29,5.660377358490565,0.8013636363636363,1.0,-0.017788853964361362,0.10151223235490718,13.43799991607666
1970-10-01,0.172,0.03,0.0,5.5,6.2,5.630026809651478,0.8013636363636363,1.0,-0.017788853964361362,0.10151223235490718,13.43799991607666
1970-11-01,0.172,0.03,0.0,5.9,5.6,5.600000000000005,0.8013636363636363,1.0,-0.017788853964361362,0.10151223235490718,13.43799991607666
1970-12-01,0.172,0.03,0.0,6.1,4.9,5.570291777188308,0.8013636363636363,0.0,-0.017788853964361362,0.10151223235490718,13.43799991607666
1971-01-01,0.172,0.03,0.0,5.9,4.14,5.277044854881274,0.8013636363636363,0.0,-0.017788853964361362,0.10151223235490718,13.43799991607666
1971-02-01,0.172,0.03,0.0,5.9,3.72,4.724409448818889,0.8013636363636363,0.0,-0.017788853964361362,0.10151223235490718,13.43799991607666
1971-03-01,0.172,0.03,0.0,6.0,3.71,4.438642297650142,0.8013636363636363,0.0,-0.017788853964361362,0.10151223235490718,13.43799991607666
1971-04-01,0.172,0.03,0.0,5.9,4.16,4.155844155844157,0.8013636363636363,0.0,-0.017788853964361362,0.10151223235490718,13.43799991607666
1971-05-01,0.172,0.03,0.0,5.9,4.63,4.404145077720201,0.8013636363636363,0.0,-0.017788853964361362,0.10151223235490718,13.43799991607666
1971-06-01,0.172,0.03,0.0,5.9,4.91,4.381443298969079,0.8013636363636363,0.0,-0.017788853964361362,0.10151223235490718,13.43799991607666
1971-07-01,0.172,0.03,0.0,6.0,5.31,4.370179948586128,0.8013636363636363,0.0,-0.017788853964361362,0.10151223235490718,13.43799991607666
1971-08-01,0.172,0.03,0.0,6.1,5.57,4.358974358974366,0.8013636363636363,0.0,-0.017788853964361362,0.10151223235490718,13.43799991607666
1971-09-01,0.172,0.03,0.0,6.0,5.55,4.081632653061207,0.8013636363636363,0.0,-0.017788853964361362,0.10151223235490718,13.43799991607666
1971-10-01,0.172,0.03,0.0,5.8,5.2,3.8071065989847774,0.8013636363636363,0.0,-0.017788853964361362,0.10151223235490718,13.43799991607666
1971-11-01,0.172,0.03,0.0,6.0,4.91,3.535353535353525,0.8013636363636363,0.0,-0.017788853964361362,0.10151223235490718,13.43799991607666
1971-12-01,0.172,0.03,0.0,6.0,4.14,3.266331658291466,0.8013636363636363,0.0,-0.017788853964361362,0.10151223235490718,13.43799991607666
1972-01-01,0.172,0.03,0.0,5.8,3.51,3.2581453634085378,0.8013636363636363,0.0,-0.017788853964361362,0.10151223235490718,13.43799991607666
1972-02-01,0.172,0.03,0.0,5.7,3.3,3.759398496240607,0.8013636363636363,0.0,-0.017788853964361362,0.10151223235490718,13.43799991607666
1972-03-01,0.172,0.03,0.0,5.8,3.83,3.499999999999992,0.8013636363636363,0.0,-0.017788853964361362,0.10151223235490718,13.43799991607666
1972-04-01,0.172,0.03,0.0,5.7,4.17,3.4912718204488824,0.8013636363636363,0.0,-0.017788853964361362,0.10151223235490718,13.43799991607666
1972-05-01,0.172,0.03,0.0,5.7,4.27,3.2258064516129226,0.8013636363636363,0.0,-0.017788853964361362,0.10151223235490718,13.43799991607666
1972-06-01,0.172,0.03,0.0,5.7,4.46,2.9629629629629672,0.8013636363636363,0.0,-0.017788853964361362,0.10151223235490718,13.43799991607666
1972-07-01,0.172,0.03,0.0,5.6,4.55,2.9556650246305383,0.8013636363636363,0.0,-0.017788853964361362,0.10151223235490718,13.43799991607666
1972-08-01,0.172,0.03,0.0,5.6,4.81,2.9484029484029284,0.8013636363636363,0.0,-0.017788853964361362,0.10151223235490718,13.43799991607666
1972-09-01,0.172,0.03,0.0,5.5,4.87,3.1862745098039325,0.8013636363636363,0.0,-0.017788853964361362,0.10151223235490718,13.43799991607666
1972-10-01,0.172,0.03,0.0,5.6,5.05,3.1784841075794823,0.8013636363636363,0.0,-0.017788853964361362,0.10151223235490718,13.43799991607666
1972-11-01,0.172,0.03,0.0,5.3,5.06,3.4146341463414664,0.8013636363636363,0.0,-0.017788853964361362,0.10151223235490718,13.43799991607666
1972-12-01,0.172,0.03,0.0,5.2,5.33,3.406326034063256,0.8013636363636363,0.0,-0.017788853964361362,0.10151223235490718,13.43799991607666
1973-01-01,0.172,0.03,0.0,4.9,5.94,3.6407766990291357,0.8013636363636363,0.0,-0.017788853964361362,0.10151223235490718,13.43799991607666
1973-02-01,0.172,0.03,0.0,5.0,6.58,3.864734299516903,0.8013636363636363,0.0,-0.017788853964361362,0.10151223235490718,13.43799991607666
1973-03-01,0.172,0.03,0.0,4.9,7.09,4.8309178743961345,0.8013636363636363,0.0,-0.017788853964361362,0.10151223235490718,13.43799991607666
1973-04-01,0.172,0.03,0.0,5.0,7.12,5.301204819277117,0.8013636363636363,0.0,-0.017788853964361362,0.10151223235490718,13.43799991607666
1973-05-01,0.172,0.03,0.0,4.9,7.84,5.528846153846145,0.8013636363636363,0.0,-0.017788853964361362,0.10151223235490718,13.43799991607666
1973-06-01,0.172,0.03,0.0,4.9,8.49,5.995203836930463,0.8013636363636363,0.0,-0.017788853964361362,0.10151223235490718,13.43799991607666
1973-07-01,0.172,0.03,0.0,4.8,10.4,5.741626794258381,0.8013636363636363,0.0,-0.017788853964361362,0.10151223235490718,13.43799991607666
1973-08-01,0.172,0.03,0.0,4.8,10.5,7.398568019093088,0.8013636363636363,0.0,-0.017788853964361362,0.10151223235490718,13.43799991607666
1973-09-01,0.172,0.03,0.0,4.8,10.78,7.3634204275534465,0.8013636363636363,0.0,-0.017788853964361362,0.10151223235490718,13.43799991607666
1973-10-01,0.172,0.03,0.0,4.6,10.01,8.056872037914697,0.8013636363636363,0.0,-0.017788853964361362,0.10151223235490718,13.43799991607666
1973-11-01,0.172,0.03,0.0,4.8,10.03,8.25471698113207,0.8013636363636363,0.0,-0.017788853964361362,0.10151223235490718,13.43799991607666
1973-12-01,0.172,0.03,0.0,4.9,9.95,8.94117647058823,0.8013636363636363,1.0,-0.017788853964361362,0.10151223235490718,13.43799991607666
1974-01-01,0.172,0.03,0.0,5.1,9.65,9.601873536299754,0.8013636363636363,1.0,-0.017788853964361362,0.10151223235490718,13.43799991607666
1974-02-01,0.172,0.03,0.0,5.2,8.97,9.999999999999986,0.8013636363636363,1.0,-0.017788853964361362,0.10151223235490718,13.43799991607666
1974-03-01,0.172,0.03,0.0,5.1,9.35,10.138248847926267,0.8013636363636363,1.0,-0.017788853964361362,0.10151223235490718,13.43799991607666
1974-04-01,0.172,0.03,0.0,5.1,10.51,10.068649885583515,0.8013636363636363,1.0,-0.017788853964361362,0.10151223235490718,13.43799991607666
1974-05-01,0.172,0.03,0.0,5.1,11.31,10.70615034168565,0.8013636363636363,1.0,-0.017788853964361362,0.10151223235490718,13.43799991607666
1974-06-01,0.172,0.03,0.0,5.4,11.93,10.859728506787313,0.8013636363636363,1.0,-0.017788853964361362,0.10151223235490718,13.43799991607666
1974-07-01,0.172,0.03,0.0,5.5,12.92,11.538461538461519,0.8013636363636363,1.0,-0.017788853964361362,0.10151223235490718,13.43799991607666
1974-08-01,0.172,0.03,0.0,5.5,12.01,10.888888888888882,0.8013636363636363,1.0,-0.017788853964361362,0.10151223235490718,13.43799991607666
1974-09-01,0.172,0.03,0.0,5.9,11.34,11.946902654867241,0.8013636363636363,1.0,-0.017788853964361362,0.10151223235490718,13.43799991607666
1974-10-01,0.172,0.03,0.0,6.0,10.06,11.842105263157897,0.8013636363636363,1.0,-0.017788853964361362,0.10151223235490718,13.43799991607666
1974-11-01,0.172,0.03,0.0,6.6,9.45,12.200435729847502,0.8013636363636363,1.0,-0.017788853964361362,0.10151223235490718,13.43799991607666
1974-12-01,0.172,0.03,0.0,7.2,8.53,12.095032397408211,0.8013636363636363,1.0,-0.017788853964361362,0.10151223235490718,13.43799991607666
1975-01-01,0.172,0.03,0.0,8.1,7.13,11.752136752136755,0.8013636363636363,1.0,-0.017788853964361362,0.10151223235490718,13.43799991607666
1975-02-01,0.172,0.03,0.0,8.1,6.24,11.205073995771686,0.8013636363636363,1.0,-0.017788853964361362,0.10151223235490718,13.43799991607666
1975-03-01,0.172,0.03,0.0,8.6,5.54,10.460251046025103,0.8013636363636363,1.0,-0.017788853964361362,0.10151223235490718,13.43799991607666
1975-04-01,0.172,0.03,0.0,8.8,5.49,10.187110187110182,0.8013636363636363,0.0,-0.017788853964361362,0.10151223235490718,13.43799991607666
1975-05-01,0.172,0.03,0.0,9.0,5.22,9.259259259259256,0.8013636363636363,0.0,-0.017788853964361362,0.10151223235490718,13.43799991607666
1975-06-01,0.172,0.03,0.0,8.8,5.55,9.183673469387754,0.8013636363636363,0.0,-0.017788853964361362,0.10151223235490718,13.43799991607666
1975-07-01,0.172,0.03,0.0,8.6,6.1,9.533468559837743,0.8013636363636363,0.0,-0.017788853964361362,0.10151223235490718,13.43799991607666
1975-08-01,0.172,0.03,0.0,8.4,6.14,8.617234468937895,0.8013636363636363,0.0,-0.017788853964361362,0.10151223235490718,13.43799991607666
1975-09-01,0.172,0.03,0.0,8.4,6.24,7.905138339920947,0.8013636363636363,0.0,-0.017788853964361362,0.10151223235490718,13.43799991607666
1975-10-01,0.172,0.03,0.0,8.4,5.82,7.647058823529407,0.8013636363636363,0.0,-0.017788853964361362,0.10151223235490718,13.43799991607666
1975-11-01,0.172,0.03,0.0,8.3,5.22,7.37864077669903,0.8013636363636363,0.0,-0.017788853964361362,0.10151223235490718,13.43799991607666
1975-12-01,0.172,0.03,0.0,8.2,5.2,7.129094412331405,0.8013636363636363,0.0,-0.017788853964361362,0.10151223235490718,13.43799991607666
1976-01-01,0.172,0.03,0.0,7.9,4.87,6.692160611854692,0.8013636363636363,0.0,-0.017788853964361362,0.10151223235490718,13.43799991607666
1976-02-01,0.172,0.03,0.0,7.7,4.77,6.273764258555126,0.8013636363636363,0.0,-0.017788853964361362,0.10151223235490718,13.43799991607666
1976-03-01,0.172,0.03,0.0,7.6,4.84,6.060606060606055,0.8013636363636363,0.0,-0.017788853964361362,0.10151223235490718,13.43799991607666
1976-04-01,0.172,0.03,0.0,7.7,4.82,5.849056603773595,0.8013636363636363,0.0,-0.017788853964361362,0.10151223235490718,13.43799991607666
1976-05-01,0.172,0.03,0.0,7.4,5.29,6.214689265536721,0.8013636363636363,0.0,-0.017788853964361362,0.10151223235490718,13.43799991607666
1976-06-01,0.172,0.03,0.0,7.6,5.48,5.981308411214958,0.8013636363636363,0.0,-0.017788853964361362,0.10151223235490718,13.43799991607666
1976-07-01,0.172,0.03,0.0,7.8,5.31,5.555555555555558,0.981904761904762,0.0,-0.017788853964361362,0.10151223235490718,13.43799991607666
1976-08-01,0.172,0.03,0.0,7.8,5.29,5.719557195571956,1.1372727272727272,0.0,-0.017788853964361362,0.10151223235490718,13.43799991607666
1976-09-01,0.172,0.03,0.0,7.6,5.25,5.494505494505497,1.178095238095238,0.0,-0.017788853964361362,0.10151223235490718,13.43799991607666
1976-10-01,0.172,0.03,0.0,7.7,5.02,5.464480874316946,1.427,0.0,-0.017788853964361362,0.10151223235490718,13.43799991607666
1976-11-01,0.172,0.03,0.0,7.8,4.95,5.063291139240511,1.4810526315789474,0.0,-0.017788853964361362,0.10151223235490718,13.43799991607666
1976-12-01,0.172,0.03,0.0,7.8,4.65,5.035971223021574,1.4922727272727272,0.0,-0.017788853964361362,0.10151223235490718,13.43799991607666
1977-01-01,0.172,0.03,0.0,7.5,4.61,5.197132616487465,1.3138095238095238,0.0,-0.017788853964361362,0.10151223235490718,13.43799991607666
1977-02-01,0.172,0.03,0.0,7.6,4.68,6.082289803220031,1.3026315789473684,0.0,-0.017788853964361362,0.10151223235490718,13.43799991607666
1977-03-01,0.172,0.03,0.0,7.4,4.69,6.428571428571428,1.3734782608695653,0.0,-0.017788853964361362,0.10151223235490718,13.43799991607666
1977-04-01,0.172,0.03,0.0,7.2,4.73,6.951871657754016,1.407,0.0,-0.017788853964361362,0.10151223235490718,13.43799991607666
1977-05-01,0.172,0.03,0.0,7.0,5.35,6.737588652482285,1.2019047619047618,0.0,-0.017788853964361362,0.10151223235490718,13.43799991607666
1977-06-01,0.172,0.03,0.0,7.2,5.39,6.701940035273357,1.1481818181818182,0.0,-0.017788853964361362,0.10151223235490718,13.43799991607666
1977-07-01,0.172,0.03,0.0,6.9,5.42,6.666666666666665,1.055263157894737,0.0,-0.017788853964361362,0.10151223235490718,13.43799991607666
1977-08-01,0.172,0.03,0.0,7.0,5.9,6.631762652705064,0.7852173913043478,0.0,-0.017788853964361362,0.10151223235490718,13.43799991607666
1977-09-01,0.172,0.03,0.0,6.8,6.14,6.423611111111094,0.6295238095238096,0.0,-0.017788853964361362,0.10151223235490718,13.43799991607666
1977-10-01,0.172,0.03,0.0,6.8,6.47,6.390328151986191,0.4175,0.0,-0.017788853964361362,0.10151223235490718,13.43799991607666
1977-11-01,0.172,0.03,0.0,6.8,6.51,6.712564543889843,0.43473684210526314,0.0,-0.017788853964361362,0.10151223235490718,13.43799991607666
1977-12-01,0.172,0.03,0.0,6.4,6.56,6.67808219178081,0.5085714285714286,0.0,-0.017788853964361362,0.10151223235490718,13.43799991607666
1978-01-01,0.172,0.03,0.0,6.4,6.7,6.814310051107331,0.47047619047619044,0.0,-0.017788853964361362,0.10151223235490718,13.43799991607666
1978-02-01,0.172,0.03,0.0,6.3,6.78,6.2394603709949426,0.4683333333333333,0.0,-0.017788853964361362,0.10151223235490718,13.43799991607666
1978-03-01,0.172,0.03,0.0,6.3,6.79,6.375838926174482,0.46090909090909093,0.0,-0.017788853964361362,0.10151223235490718,13.43799991607666
1978-04-01,0.172,0.03,0.0,6.1,6.89,6.499999999999995,0.4105,0.0,-0.017788853964361362,0.10151223235490718,13.43799991607666
1978-05-01,0.172,0.03,0.0,6.0,7.36,7.14285714285714,0.3395238095238095,0.0,-0.017788853964361362,0.10151223235490718,13.43799991607666
1978-06-01,0.172,0.03,0.0,5.9,7.6,7.438016528925617,0.22272727272727275,0.0,-0.017788853964361362,0.10151223235490718,13.43799991607666
1978-07-01,0.172,0.03,0.0,6.2,7.81,7.7302631578947345,0.15050000000000002,0.0,-0.017788853964361362,0.10151223235490718,13.43799991607666
1978-08-01,0.172,0.03,0.0,5.9,8.04,7.855973813420625,0.044347826086956525,0.0,-0.017788853964361362,0.10151223235490718,13.43799991607666
1978-09-01,0.172,0.03,0.0,6.0,8.45,8.482871125611746,-0.149,0.0,-0.017788853964361362,0.10151223235490718,13.43799991607666
1978-10-01,0.172,0.03,0.0,5.8,8.96,8.92857142857142,-0.21142857142857144,0.0,-0.017788853964361362,0.10151223235490718,13.43799991607666
1978-11-01,0.172,0.03,0.0,5.9,9.76,8.870967741935477,-0.6195,0.0,-0.017788853964361362,0.10151223235490718,13.43799991607666
1978-12-01,0.172,0.03,0.0,6.0,10.03,8.988764044943842,-0.709,0.0,-0.017788853964361362,0.10151223235490718,13.43799991607666
1979-01-01,0.172,0.03,0.0,5.9,10.07,9.250398724082931,-0.7604545454545455,0.0,-0.017788853964361362,0.10151223235490718,13.43799991607666
1979-02-01,0.172,0.03,0.0,5.9,10.06,9.84126984126985,-0.6183333333333333,0.0,-0.017788853964361362,0.10151223235490718,13.43799991607666
1979-03-01,0.172,0.03,0.0,5.8,10.09,10.252365930599371,-0.6722727272727272,0.0,-0.017788853964361362,0.10151223235490718,13.43799991607666
1979-04-01,0.172,0.03,0.0,5.8,10.01,10.485133020344284,-0.5965,0.0,-0.017788853964361362,0.10151223235490718,13.43799991607666
1979-05-01,0.172,0.03,0.0,5.6,10.24,10.697674418604652,-0.5314285714285715,0.0,-0.017788853964361362,0.10151223235490718,13.43799991607666
1979-06-01,0.172,0.03,0.0,5.7,10.29,11.076923076923073,-0.3066666666666667,0.0,-0.017788853964361362,0.10151223235490718,13.43799991607666
1979-07-01,0.172,0.03,0.0,5.7,10.47,11.45038167938932,-0.18761904761904763,0.0,-0.017788853964361362,0.10151223235490718,13.43799991607666
1979-08-01,0.172,0.03,0.0,6.0,10.94,11.836115326251884,-0.42913043478260865,0.0,-0.017788853964361362,0.10151223235490718,13.43799991607666
1979-09-01,0.172,0.03,0.0,5.9,11.43,11.879699248120312,-0.7215789473684211,0.0,-0.017788853964361362,0.10151223235490718,13.43799991607666
1979-10-01,0.172,0.03,0.0,6.0,13.77,12.071535022354718,-1.1904545454545454,0.0,-0.017788853964361362,0.10151223235490718,13.43799991607666
1979-11-01,0.172,0.03,0.0,5.9,13.18,12.592592592592599,-1.1552631578947368,0.0,-0.017788853964361362,0.10151223235490718,13.43799991607666
1979-12-01,0.172,0.03,0.0,6.0,13.78,13.254786450662737,-1.0045,0.0,-0.017788853964361362,0.10151223235490718,13.43799991607666
1980-01-01,0.172,0.03,0.0,6.3,13.82,13.868613138686126,-0.6959090909090909,0.0,-0.017788853964361362,0.10151223235490718,13.43799991607666
1980-02-01,0.172,0.03,0.0,6.3,14.13,14.161849710982644,-1.0036842105263157,1.0,-0.017788853964361362,0.10151223235490718,13.43799991607666
1980-03-01,0.172,0.03,0.0,6.3,17.19,14.592274678111572,-2.1357142857142857,1.0,-0.017788853964361362,0.10151223235490718,13.43799991607666
1980-04-01,0.172,0.03,0.0,6.9,17.61,14.589235127478762,-1.0285714285714287,1.0,-0.017788853964361362,0.10151223235490718,13.43799991607666
1980-05-01,0.172,0.03,0.0,7.5,10.98,14.425770308123242,0.7314285714285714,1.0,-0.017788853964361362,0.10151223235490718,13.43799991607666
1980-06-01,0.172,0.03,0.0,7.6,9.47,14.265927977839322,1.05,1.0,-0.017788853964361362,0.10151223235490718,13.43799991607666
1980-07-01,0.172,0.03,0.0,7.8,9.03,13.15068493150684,1.2181818181818183,1.0,-0.017788853964361362,0.10151223235490718,13.43799991607666
1980-08-01,0.172,0.03,0.0,7.7,9.61,12.890094979647216,0.5742857142857143,0.0,-0.017788853964361362,0.10151223235490718,13.43799991607666
1980-09-01,0.172,0.03,0.0,7.5,10.87,12.768817204301076,-0.0661904761904762,0.0,-0.017788853964361362,0.10151223235490718,13.43799991607666
1980-10-01,0.172,0.03,0.0,7.5,12.81,12.632978723404253,-0.33681818181818185,0.0,-0.017788853964361362,0.10151223235490718,13.43799991607666
1980-11-01,0.172,0.03,0.0,7.5,15.85,12.631578947368416,-0.8294117647058823,0.0,-0.017788853964361362,0.10151223235490718,13.43799991607666
1980-12-01,0.172,0.03,0.0,7.2,18.9,12.353706111833551,-1.2327272727272727,0.0,-0.017788853964361362,0.10151223235490718,13.43799991607666
1981-01-01,0.172,0.03,0.0,7.5,19.08,11.794871794871797,-0.6938095238095239,0.0,-0.017788853964361362,0.10151223235490718,13.43799991607666
1981-02-01,0.172,0.03,0.0,7.4,15.93,11.392405063291132,-0.7244444444444444,0.0,-0.017788853964361362,0.10151223235490718,13.43799991607666
1981-03-01,0.172,0.03,0.0,7.4,14.7,10.611735330836458,-0.45272727272727276,0.0,-0.017788853964361362,0.10151223235490718,13.43799991607666
1981-04-01,0.172,0.03,0.0,7.2,15.72,10.135970333745359,-0.47190476190476194,0.0,-0.017788853964361362,0.10151223235490718,13.43799991607666
1981-05-01,0.172,0.03,0.0,7.5,18.52,9.79192166462668,-1.3575,0.0,-0.017788853964361362,0.10151223235490718,13.43799991607666
1981-06-01,0.172,0.03,0.0,7.5,19.1,9.696969696969692,-1.0336363636363637,0.0,-0.017788853964361362,0.10151223235490718,13.43799991607666
1981-07-01,0.172,0.03,0.0,7.2,19.04,10.774818401937058,-1.0731818181818182,0.0,-0.017788853964361362,0.10151223235490718,13.43799991607666
1981-08-01,0.172,0.03,0.0,7.4,17.82,10.817307692307686,-1.3476190476190477,1.0,-0.017788853964361362,0.10151223235490718,13.43799991607666
1981-09-01,0.172,0.03,0.0,7.6,15.87,10.96543504171632,-1.1338095238095238,1.0,-0.017788853964361362,0.10151223235490718,13.43799991607666
1981-10-01,0.172,0.03,0.0,7.9,15.08,10.271546635182993,-0.3947619047619047,1.0,-0.017788853964361362,0.10151223235490718,13.43799991607666
1981-11-01,0.172,0.03,0.0,8.3,13.31,9.579439252336464,0.5111111111111111,1.0,-0.017788853964361362,0.10151223235490718,13.43799991607666
1981-12-01,0.172,0.03,0.0,8.5,12.37,8.912037037037024,0.43409090909090914,1.0,-0.017788853964361362,0.10151223235490718,13.43799991607666
1982-01-01,0.172,0.03,0.0,8.6,13.22,8.25688073394495,0.026000000000000002,1.0,-0.017788853964361362,0.10151223235490718,13.43799991607666
1982-02-01,0.172,0.03,0.0,8.9,14.78,7.613636363636367,-0.3977777777777778,1.0,-0.017788853964361362,0.10151223235490718,13.43799991607666
1982-03-01,0.172,0.03,0.0,9.0,14.68,6.884875846501148,-0.33304347826086955,1.0,-0.017788853964361362,0.10151223235490718,13.43799991607666
1982-04-01,0.172,0.03,0.0,9.3,14.94,6.621773288439958,-0.3304761904761905,1.0,-0.017788853964361362,0.10151223235490718,13.43799991607666
1982-05-01,0.172,0.03,0.0,9.4,14.45,6.911928651059096,-0.15450000000000003,1.0,-0.017788853964361362,0.10151223235490718,13.43799991607666
1982-06-01,0.172,0.03,0.0,9.6,14.15,7.182320441988943,-0.1659090909090909,1.0,-0.017788853964361362,0.10151223235490718,13.43799991607666
1982-07-01,0.172,0.03,0.0,9.8,12.59,6.557377049180335,0.14904761904761904,1.0,-0.017788853964361362,0.10151223235490718,13.43799991607666
1982-08-01,0.172,0.03,0.0,9.8,10.12,5.965292841648595,0.7313636363636363,1.0,-0.017788853964361362,0.10151223235490718,13.43799991607666
1982-09-01,0.172,0.03,0.0,10.1,10.31,4.940923737916236,0.5557142857142857,1.0,-0.017788853964361362,0.10151223235490718,13.43799991607666
1982-10-01,0.172,0.03,0.0,10.4,9.71,5.032119914346889,0.719,1.0,-0.017788853964361362,0.10151223235490718,13.43799991607666
1982-11-01,0.172,0.03,0.0,10.8,9.2,4.47761194029852,0.7547368421052632,1.0,-0.017788853964361362,0.10151223235490718,13.43799991607666
1982-12-01,0.172,0.03,0.0,10.8,8.95,3.825717321997879,0.8777272727272727,0.0,-0.017788853964361362,0.10151223235490718,13.43799991607666
1983-01-01,0.172,0.03,0.0,10.4,8.68,3.7076271186440746,1.1295238095238094,0.0,-0.017788853964361362,0.10151223235490718,13.43799991607666
1983-02-01,0.172,0.03,0.0,10.4,8.51,3.484688489968324,1.088421052631579,0.0,-0.017788853964361362,0.10151223235490718,13.43799991607666
1983-03-01,0.172,0.03,0.0,10.3,8.77,3.5902851108764455,0.8504347826086956,0.0,-0.017788853964361362,0.10151223235490718,13.43799991607666
1983-04-01,0.172,0.03,0.0,10.2,8.8,4.0000000000000036,0.8320000000000001,0.0,-0.017788853964361362,0.10151223235490718,13.43799991607666
1983-05-01,0.172,0.03,0.0,10.1,8.63,3.44108446298228,0.8909523809523809,0.0,-0.017788853964361362,0.10151223235490718,13.43799991607666
1983-06-01,0.172,0.03,0.0,10.1,8.98,2.4742268041237248,0.6668181818181819,0.0,-0.017788853964361362,0.10151223235490718,13.43799991607666
1983-07-01,0.172,0.03,0.0,9.4,9.37,2.358974358974364,0.692,0.0,-0.017788853964361362,0.10151223235490718,13.43799991607666
1983-08-01,0.172,0.03,0.0,9.5,9.56,2.456499488229258,0.7756521739130434,0.0,-0.017788853964361362,0.10151223235490718,13.43799991607666
1983-09-01,0.172,0.03,0.0,9.2,9.45,2.763561924257929,0.8638095238095238,0.0,-0.017788853964361362,0.10151223235490718,13.43799991607666
1983-10-01,0.172,0.03,0.0,8.8,9.48,2.752293577981657,0.97,0.0,-0.017788853964361362,0.10151223235490718,13.43799991607666
1983-11-01,0.172,0.03,0.0,8.5,9.34,3.1632653061224536,1.0257894736842106,0.0,-0.017788853964361362,0.10151223235490718,13.43799991607666
1983-12-01,0.172,0.03,0.0,8.3,9.47,3.7871033776867957,0.9928571428571429,0.0,-0.017788853964361362,0.10151223235490718,13.43799991607666
1984-01-01,0.172,0.03,0.0,8.0,9.56,4.290091930541351,1.0319047619047619,0.0,-0.017788853964361362,0.10151223235490718,13.43799991607666
1984-02-01,0.172,0.03,0.0,7.8,9.59,4.693877551020398,1.056842105263158,0.0,-0.017788853964361362,0.10151223235490718,13.43799991607666
1984-03-01,0.172,0.03,0.0,7.8,9.91,4.892966360856277,1.0045454545454546,0.0,-0.017788853964361362,0.10151223235490718,13.43799991607666
1984-04-01,0.172,0.03,0.0,7.7,10.29,4.5546558704453455,0.9475,0.0,-0.017788853964361362,0.10151223235490718,13.43799991607666
1984-05-01,0.172,0.03,0.0,7.4,10.32,4.3346774193548265,0.9386363636363636,0.0,-0.017788853964361362,0.10151223235490718,13.43799991607666
1984-06-01,0.172,0.03,0.0,7.2,11.06,4.325955734406439,0.6561904761904762,0.0,-0.017788853964361362,0.10151223235490718,13.43799991607666
1984-07-01,0.172,0.03,0.0,7.5,11.23,4.308617234468937,0.4847619047619047,0.0,-0.017788853964361362,0.10151223235490718,13.43799991607666
1984-08-01,0.172,0.03,0.0,7.5,11.64,4.295704295704317,0.2817391304347826,0.0,-0.017788853964361362,0.10151223235490718,13.43799991607666
1984-09-01,0.172,0.03,0.0,7.3,11.3,4.2828685258964105,0.3178947368421053,0.0,-0.017788853964361362,0.10151223235490718,13.43799991607666
1984-10-01,0.172,0.03,0.0,7.4,9.99,4.265873015873023,0.5604545454545454,0.0,-0.017788853964361362,0.10151223235490718,13.43799991607666
1984-11-01,0.172,0.03,0.0,7.2,9.43,4.154302670623156,0.9236842105263158,0.0,-0.017788853964361362,0.10151223235490718,13.43799991607666
1984-12-01,0.172,0.03,0.0,7.3,8.38,4.043392504930954,1.318,0.0,-0.017788853964361362,0.10151223235490718,13.43799991607666
1985-01-01,0.172,0.03,0.0,7.3,8.35,3.52595494613126,1.4533333333333334,0.0,-0.017788853964361362,0.10151223235490718,13.43799991607666
1985-02-01,0.172,0.03,0.0,7.2,8.5,3.6062378167641462,1.3433333333333333,0.0,-0.017788853964361362,0.10151223235490718,13.43799991607666
1985-03-01,0.172,0.03,0.0,7.2,8.58,3.790087463556846,1.1423809523809523,0.0,-0.017788853964361362,0.10151223235490718,13.43799991607666
1985-04-01,0.172,0.03,0.0,7.3,8.27,3.581800580832528,1.3457142857142859,0.0,-0.017788853964361362,0.10151223235490718,13.43799991607666
1985-05-01,0.172,0.03,0.0,7.2,7.97,3.5748792270531515,1.4527272727272729,0.0,-0.017788853964361362,0.10151223235490718,13.43799991607666
1985-06-01,0.172,0.03,0.0,7.4,7.53,3.6644165863066513,1.468,0.0,-0.017788853964361362,0.10151223235490718,13.43799991607666
1985-07-01,0.172,0.03,0.0,7.4,7.88,3.458213256484166,1.5336363636363637,0.0,-0.017788853964361362,0.10151223235490718,13.43799991607666
1985-08-01,0.172,0.03,0.0,7.1,7.9,3.3524904214559337,1.3881818181818182,0.0,-0.017788853964361362,0.10151223235490718,13.43799991607666
1985-09-01,0.172,0.03,0.0,7.1,7.92,3.2473734479465,1.39,0.0,-0.017788853964361362,0.10151223235490718,13.43799991607666
1985-10-01,0.172,0.03,0.0,7.1,7.99,3.2350142721217834,1.3722727272727273,0.0,-0.017788853964361362,0.10151223235490718,13.43799991607666
1985-11-01,0.172,0.03,0.0,7.0,8.05,3.5137701804368593,1.2005263157894737,0.0,-0.017788853964361362,0.10151223235490718,13.43799991607666
1985-12-01,0.172,0.03,0.0,7.0,8.27,3.791469194312791,1.1123809523809522,0.0,-0.017788853964361362,0.10151223235490718,13.43799991607666
1986-01-01,0.172,0.03,0.0,6.7,8.14,3.9735099337748325,1.0514285714285716,0.0,-0.017788853964361362,0.10151223235490718,13.43799991607666
1986-02-01,0.172,0.03,0.0,7.2,7.86,3.19849482596426,0.7368421052631579,0.0,-0.017788853964361362,0.10151223235490718,13.43799991607666
1986-03-01,0.172,0.03,0.0,7.2,7.48,2.1535580524344455,0.564,0.0,-0.017788853964361362,0.10151223235490718,13.43799991607666
1986-04-01,0.172,0.03,0.0,7.1,6.99,1.5887850467289688,0.604090909090909,0.0,-0.017788853964361362,0.10151223235490718,13.43799991607666
1986-05-01,0.172,0.03,0.0,7.2,6.85,1.679104477611948,0.6423809523809524,0.0,-0.017788853964361362,0.10151223235490718,13.43799991607666
1986-06-01,0.172,0.03,0.0,7.2,6.92,1.7674418604651132,0.6147619047619047,0.0,-0.017788853964361362,0.10151223235490718,13.43799991607666
1986-07-01,0.172,0.03,0.0,7.0,6.56,1.671309192200554,0.6368181818181818,0.0,-0.017788853964361362,0.10151223235490718,13.43799991607666
1986-08-01,0.172,0.03,0.0,6.9,6.17,1.575532900834098,0.8395238095238095,0.0,-0.017788853964361362,0.10151223235490718,13.43799991607666
1986-09-01,0.172,0.03,0.0,7.0,5.89,1.757631822386685,1.1014285714285714,0.0,-0.017788853964361362,0.10151223235490718,13.43799991607666
1986-10-01,0.172,0.03,0.0,7.0,5.85,1.5668202764977046,1.1472727272727272,0.0,-0.017788853964361362,0.10151223235490718,13.43799991607666
1986-11-01,0.172,0.03,0.0,6.9,6.04,1.2844036697247763,0.9738888888888889,0.0,-0.017788853964361362,0.10151223235490718,13.43799991607666
1986-12-01,0.172,0.03,0.0,6.6,6.91,1.187214611872145,0.8409090909090909,0.0,-0.017788853964361362,0.10151223235490718,13.43799991607666
1987-01-01,0.172,0.03,0.0,6.6,6.43,1.364877161055511,0.8584999999999999,0.0,-0.017788853964361362,0.10151223235490718,13.43799991607666
1987-02-01,0.172,0.03,0.0,6.6,6.1,1.9143117593436676,0.8526315789473684,0.0,-0.017788853964361362,0.10151223235490718,13.43799991607666
1987-03-01,0.172,0.03,0.0,6.6,6.13,2.8414298808432603,0.8240909090909091,0.0,-0.017788853964361362,0.10151223235490718,13.43799991607666
1987-04-01,0.172,0.03,0.0,6.3,6.37,3.679852805887762,0.9985714285714286,0.0,-0.017788853964361362,0.10151223235490718,13.43799991607666
1987-05-01,0.172,0.03,0.0,6.3,6.85,3.669724770642202,0.8515,0.0,-0.017788853964361362,0.10151223235490718,13.43799991607666
1987-06-01,0.172,0.03,0.0,6.2,6.73,3.7477148080438782,0.8290909090909092,0.0,-0.017788853964361362,0.10151223235490718,13.43799991607666
1987-07-01,0.172,0.03,0.0,6.1,6.58,3.926940639269394,1.0045454545454546,0.0,-0.017788853964361362,0.10151223235490718,13.43799991607666
1987-08-01,0.172,0.03,0.0,6.0,6.73,4.2883211678832245,1.0076190476190476,0.0,-0.017788853964361362,0.10151223235490718,13.43799991607666
1987-09-01,0.172,0.03,0.0,5.9,7.22,4.2727272727272725,1.0780952380952382,0.0,-0.017788853964361362,0.10151223235490718,13.43799991607666
1987-10-01,0.172,0.03,0.0,6.0,7.29,4.355716878402904,1.1223809523809525,0.0,-0.017788853964361362,0.10151223235490718,13.43799991607666
1987-11-01,0.172,0.03,0.0,5.8,6.69,4.528985507246386,1.167894736842105,0.0,-0.017788853964361362,0.10151223235490718,13.43799991607666
1987-12-01,0.172,0.03,0.0,5.7,6.77,4.332129963898912,1.13,0.0,-0.017788853964361362,0.10151223235490718,13.43799991607666
1988-01-01,0.172,0.03,0.0,5.7,6.83,4.129263913824044,1.0357894736842106,0.0,-0.017788853964361362,0.10151223235490718,13.43799991607666
1988-02-01,0.172,0.03,0.0,5.7,6.58,3.9355992844364973,1.0314999999999999,0.0,-0.017788853964361362,0.10151223235490718,13.43799991607666
1988-03-01,0.172,0.03,0.0,5.7,6.58,3.832442067736186,1.1030434782608696,0.0,-0.017788853964361362,0.10151223235490718,13.43799991607666
1988-04-01,0.172,0.03,0.0,5.4,6.87,3.9929015084294583,1.129,0.0,-0.017788853964361362,0.10151223235490718,13.43799991607666
1988-05-01,0.172,0.03,0.0,5.6,7.09,3.9823008849557473,1.0933333333333333,0.0,-0.017788853964361362,0.10151223235490718,13.43799991607666
1988-06-01,0.172,0.03,0.0,5.4,7.51,3.96475770925111,0.8954545454545454,0.0,-0.017788853964361362,0.10151223235490718,13.43799991607666
1988-07-01,0.172,0.03,0.0,5.4,7.75,4.130052724077338,0.777,0.0,-0.017788853964361362,0.10151223235490718,13.43799991607666
1988-08-01,0.172,0.03,0.0,5.6,8.01,4.111986001749779,0.6317391304347827,0.0,-0.017788853964361362,0.10151223235490718,13.43799991607666
1988-09-01,0.172,0.03,0.0,5.4,8.19,4.184829991281602,0.5138095238095238,0.0,-0.017788853964361362,0.10151223235490718,13.43799991607666
1988-10-01,0.172,0.03,0.0,5.4,8.3,4.260869565217407,0.4415,0.0,-0.017788853964361362,0.10151223235490718,13.43799991607666
1988-11-01,0.172,0.03,0.0,5.3,8.35,4.246100519930662,0.2965,0.0,-0.017788853964361362,0.10151223235490718,13.43799991607666
1988-12-01,0.172,0.03,0.0,5.3,8.76,4.4117647058823595,0.017142857142857144,0.0,-0.017788853964361362,0.10151223235490718,13.43799991607666
1989-01-01,0.172,0.03,0.0,5.4,9.12,4.482758620689653,-0.08399999999999999,0.0,-0.017788853964361362,0.10151223235490718,13.43799991607666
1989-02-01,0.172,0.03,0.0,5.2,9.36,4.647160068846801,-0.2026315789473684,0.0,-0.017788853964361362,0.10151223235490718,13.43799991607666
1989-03-01,0.172,0.03,0.0,5.0,9.85,4.892703862660941,-0.32181818181818184,0.0,-0.017788853964361362,0.10151223235490718,13.43799991607666
1989-04-01,0.172,0.03,0.0,5.2,9.84,5.034129692832767,-0.27599999999999997,0.0,-0.017788853964361362,0.10151223235490718,13.43799991607666
1989-05-01,0.172,0.03,0.0,5.2,9.81,5.276595744680845,-0.15863636363636366,0.0,-0.017788853964361362,0.10151223235490718,13.43799991607666
1989-06-01,0.172,0.03,0.0,5.3,9.53,5.1694915254237195,-0.1290909090909091,0.0,-0.017788853964361362,0.10151223235490718,13.43799991607666
1989-07-01,0.172,0.03,0.0,5.2,9.24,5.063291139240511,0.199,0.0,-0.017788853964361362,0.10151223235490718,13.43799991607666
1989-08-01,0.172,0.03,0.0,5.2,8.99,4.621848739495804,-0.03217391304347826,0.0,-0.017788853964361362,0.10151223235490718,13.43799991607666
1989-09-01,0.172,0.03,0.0,5.3,9.02,4.435146443514637,-0.094,0.0,-0.017788853964361362,0.10151223235490718,13.43799991607666
1989-10-01,0.172,0.03,0.0,5.3,8.84,4.587155963302747,0.02857142857142857,0.0,-0.017788853964361362,0.10151223235490718,13.43799991607666
1989-11-01,0.172,0.03,0.0,5.4,8.55,4.655029093931851,0.07857142857142857,0.0,-0.017788853964361362,0.10151223235490718,13.43799991607666
1989-12-01,0.172,0.03,0.0,5.4,8.45,4.639602319801162,0.059,0.0,-0.017788853964361362,0.10151223235490718,13.43799991607666
1990-01-01,0.172,0.03,0.0,5.4,8.23,5.198019801980203,0.12142857142857141,0.0,-0.017788853964361362,0.10151223235490718,13.43799991607666
1990-02-01,0.172,0.03,0.0,5.3,8.24,5.263157894736836,0.10263157894736842,0.0,-0.017788853964361362,0.10151223235490718,13.43799991607666
1990-03-01,0.172,0.03,0.0,5.2,8.28,5.237315875613735,-0.038181818181818185,0.0,-0.017788853964361362,0.10151223235490718,13.43799991607666
1990-04-01,0.172,0.03,0.0,5.4,8.26,4.711616571892785,0.0615,0.0,-0.017788853964361362,0.10151223235490718,13.43799991607666
1990-05-01,0.172,0.03,0.0,5.4,8.18,4.365400161681476,0.11590909090909092,0.0,-0.017788853964361362,0.10151223235490718,13.43799991607666
1990-06-01,0.172,0.03,0.0,5.2,8.29,4.673650282030639,0.12904761904761905,0.0,-0.017788853964361362,0.10151223235490718,13.43799991607666
1990-07-01,0.172,0.03,0.0,5.5,8.15,4.819277108433728,0.3142857142857143,0.0,-0.017788853964361362,0.10151223235490718,13.43799991607666
1990-08-01,0.172,0.03,0.0,5.7,8.13,5.702811244979911,0.691304347826087,1.0,-0.017788853964361362,0.10151223235490718,13.43799991607666
1990-09-01,0.172,0.03,0.0,5.9,8.2,6.169871794871806,0.8136842105263158,1.0,-0.017788853964361362,0.10151223235490718,13.43799991607666
1990-10-01,0.172,0.03,0.0,5.9,8.11,6.379585326953752,0.8418181818181818,1.0,-0.017788853964361362,0.10151223235490718,13.43799991607666
1990-11-01,0.172,0.03,0.0,6.2,7.81,6.195393169181873,0.7935,1.0,-0.017788853964361362,0.10151223235490718,13.43799991607666
1990-12-01,0.172,0.03,0.0,6.3,7.31,6.254948535233562,0.761,1.0,-0.017788853964361362,0.10151223235490718,13.43799991607666
1991-01-01,0.172,0.03,0.0,6.4,6.91,5.647058823529405,0.9676190476190476,1.0,-0.017788853964361362,0.10151223235490718,13.43799991607666
1991-02-01,0.172,0.03,0.0,6.6,6.25,5.312500000000009,0.9878947368421053,1.0,-0.017788853964361362,0.10151223235490718,13.43799991607666
1991-03-01,0.172,0.03,0.0,6.8,6.12,4.821150855365497,1.0070000000000001,1.0,-0.017788853964361362,0.10151223235490718,13.43799991607666
1991-04-01,0.172,0.03,0.0,6.7,5.91,4.809930178432875,1.0909090909090908,0.0,-0.017788853964361362,0.10151223235490718,13.43799991607666
1991-05-01,0.172,0.03,0.0,6.9,5.78,5.034856700232382,1.2840909090909092,0.0,-0.017788853964361362,0.10151223235490718,13.43799991607666
1991-06-01,0.172,0.03,0.0,6.9,5.9,4.695919938414161,1.328,0.0,-0.017788853964361362,0.10151223235490718,13.43799991607666
1991-07-01,0.172,0.03,0.0,6.8,5.82,4.367816091954024,1.355,0.0,-0.017788853964361362,0.10151223235490718,13.43799991607666
1991-08-01,0.172,0.03,0.0,6.9,5.66,3.7993920972644313,1.466818181818182,0.0,-0.017788853964361362,0.10151223235490718,13.43799991607666
1991-09-01,0.172,0.03,0.0,6.9,5.45,3.396226415094339,1.4685000000000001,0.0,-0.017788853964361362,0.10151223235490718,13.43799991607666
1991-10-01,0.172,0.03,0.0,7.0,5.21,2.8485757121439192,1.615,0.0,-0.017788853964361362,0.10151223235490718,13.43799991607666
1991-11-01,0.172,0.03,0.0,7.0,4.81,3.0665669409125185,1.858421052631579,0.0,-0.017788853964361362,0.10151223235490718,13.43799991607666
1991-12-01,0.172,0.03,0.0,7.3,4.43,2.980625931445613,2.0628571428571427,0.0,-0.017788853964361362,0.10151223235490718,13.43799991607666
1992-01-01,0.172,0.03,0.0,7.3,4.03,2.672605790645899,2.0742857142857143,0.0,-0.017788853964361362,0.10151223235490718,13.43799991607666
1992-02-01,0.172,0.03,0.0,7.4,4.06,2.8189910979228294,2.1257894736842107,0.0,-0.017788853964361362,0.10151223235490718,13.43799991607666
1992-03-01,0.172,0.03,0.0,7.4,3.98,3.189910979228472,1.8572727272727272,0.0,-0.017788853964361362,0.10151223235490718,13.43799991607666
1992-04-01,0.172,0.03,0.0,7.4,3.73,3.1828275351591495,2.136190476190476,0.0,-0.017788853964361362,0.10151223235490718,13.43799991607666
1992-05-01,0.172,0.03,0.0,7.6,3.82,3.0235988200590036,2.1665,0.0,-0.017788853964361362,0.10151223235490718,13.43799991607666
1992-06-01,0.172,0.03,0.0,7.8,3.76,3.0147058823529305,2.213636363636364,0.0,-0.017788853964361362,0.10151223235490718,13.43799991607666
1992-07-01,0.172,0.03,0.0,7.7,3.25,3.1571218795888534,2.489090909090909,0.0,-0.017788853964361362,0.10151223235490718,13.43799991607666
1992-08-01,0.172,0.03,0.0,7.6,3.3,3.0746705710102518,2.392857142857143,0.0,-0.017788853964361362,0.10151223235490718,13.43799991607666
1992-09-01,0.172,0.03,0.0,7.6,3.22,2.9927007299270114,2.520952380952381,0.0,-0.017788853964361362,0.10151223235490718,13.43799991607666
1992-10-01,0.172,0.03,0.0,7.3,3.1,3.279883381924198,2.5061904761904765,0.0,-0.017788853964361362,0.10151223235490718,13.43799991607666
1992-11-01,0.172,0.03,0.0,7.4,3.09,3.1204644412191396,2.2936842105263158,0.0,-0.017788853964361362,0.10151223235490718,13.43799991607666
1992-12-01,0.172,0.03,0.0,7.4,2.92,2.966714905933454,2.096363636363636,0.0,-0.017788853964361362,0.10151223235490718,13.43799991607666
1993-01-01,0.172,0.03,0.0,7.3,3.02,3.2537960954446943,2.21,0.0,-0.017788853964361362,0.10151223235490718,13.43799991607666
1993-02-01,0.172,0.03,0.0,7.1,3.03,3.2467532467532534,2.1605263157894736,0.0,-0.017788853964361362,0.10151223235490718,13.43799991607666
1993-03-01,0.172,0.03,0.0,7.0,3.07,3.0194104960460155,2.0256521739130435,0.0,-0.017788853964361362,0.10151223235490718,13.43799991607666
1993-04-01,0.172,0.03,0.0,7.1,2.96,3.1563845050215145,2.131904761904762,0.0,-0.017788853964361362,0.10151223235490718,13.43799991607666
1993-05-01,0.172,0.03,0.0,7.1,3.0,3.2211882605583497,2.0585,0.0,-0.017788853964361362,0.10151223235490718,13.43799991607666
1993-06-01,0.172,0.03,0.0,7.0,3.04,2.9978586723768963,1.799090909090909,0.0,-0.017788853964361362,0.10151223235490718,13.43799991607666
1993-07-01,0.172,0.03,0.0,6.9,3.06,2.8469750889679624,1.7333333333333332,0.0,-0.017788853964361362,0.10151223235490718,13.43799991607666
1993-08-01,0.172,0.03,0.0,6.8,3.03,2.840909090909083,1.6763636363636365,0.0,-0.017788853964361362,0.10151223235490718,13.43799991607666
1993-09-01,0.172,0.03,0.0,6.7,3.09,2.7639971651311157,1.512857142857143,0.0,-0.017788853964361362,0.10151223235490718,13.43799991607666
1993-10-01,0.172,0.03,0.0,6.8,2.99,2.752293577981657,1.4594999999999998,0.0,-0.017788853964361362,0.10151223235490718,13.43799991607666
1993-11-01,0.172,0.03,0.0,6.6,3.02,2.7445460942997935,1.5685,0.0,-0.017788853964361362,0.10151223235490718,13.43799991607666
1993-12-01,0.172,0.03,0.0,6.5,2.96,2.8109627547435068,1.5618181818181818,0.0,-0.017788853964361362,0.10151223235490718,13.43799991607666
1994-01-01,0.172,0.03,0.0,6.6,3.05,2.450980392156854,1.6105,0.0,-0.017788853964361362,0.10151223235490718,13.43799991607666
1994-02-01,0.172,0.03,0.0,6.6,3.25,2.515723270440251,1.4989473684210526,0.0,-0.017788853964361362,0.10151223235490718,13.43799991607666
1994-03-01,0.172,0.03,0.0,6.5,3.34,2.6517794836008246,1.4873913043478262,0.0,-0.017788853964361362,0.10151223235490718,13.43799991607666
1994-04-01,0.172,0.03,0.0,6.4,3.56,2.364394993045882,1.4226315789473685,0.0,-0.017788853964361362,0.10151223235490718,13.43799991607666
1994-05-01,0.172,0.03,0.0,6.1,4.01,2.288488210818307,1.2152380952380952,0.0,-0.017788853964361362,0.10151223235490718,13.43799991607666
1994-06-01,0.172,0.03,0.0,6.1,4.25,2.494802494802495,1.17,0.0,-0.017788853964361362,0.10151223235490718,13.43799991607666
1994-07-01,0.172,0.03,0.0,6.1,4.26,2.69896193771626,1.168,0.0,-0.017788853964361362,0.10151223235490718,13.43799991607666
1994-08-01,0.172,0.03,0.0,6.0,4.47,2.900552486187835,1.058695652173913,0.0,-0.017788853964361362,0.10151223235490718,13.43799991607666
1994-09-01,0.172,0.03,0.0,5.9,4.73,2.965517241379323,1.0647619047619048,0.0,-0.017788853964361362,0.10151223235490718,13.43799991607666
1994-10-01,0.172,0.03,0.0,5.8,4.76,2.609890109890123,1.0154999999999998,0.0,-0.017788853964361362,0.10151223235490718,13.43799991607666
1994-11-01,0.172,0.03,0.0,5.6,5.29,2.602739726027403,0.8065,0.0,-0.017788853964361362,0.10151223235490718,13.43799991607666
1994-12-01,0.172,0.03,0.0,5.5,5.45,2.597402597402576,0.22428571428571428,0.0,-0.017788853964361362,0.10151223235490718,13.43799991607666
1995-01-01,0.172,0.03,0.0,5.6,5.53,2.8708133971291794,0.2725,0.0,-0.017788853964361362,0.10151223235490718,13.43799991607666
1995-02-01,0.172,0.03,0.0,5.4,5.92,2.862985685071595,0.35789473684210527,0.0,-0.017788853964361362,0.10151223235490718,13.43799991607666
1995-03-01,0.172,0.03,0.0,5.4,5.98,2.7872195785180187,0.42913043478260865,0.0,-0.017788853964361362,0.10151223235490718,13.43799991607666
1995-04-01,0.172,0.03,0.0,5.8,6.05,3.125000000000022,0.4947368421052632,0.0,-0.017788853964361362,0.10151223235490718,13.43799991607666
1995-05-01,0.172,0.03,0.0,5.6,6.01,3.1186440677966054,0.46181818181818185,0.0,-0.017788853964361362,0.10151223235490718,13.43799991607666
1995-06-01,0.172,0.03,0.0,5.6,6.0,3.0425963488843744,0.4522727272727272,0.0,-0.017788853964361362,0.10151223235490718,13.43799991607666
1995-07-01,0.172,0.03,0.0,5.7,5.85,2.8301886792452713,0.49799999999999994,0.0,-0.017788853964361362,0.10151223235490718,13.43799991607666
1995-08-01,0.172,0.03,0.0,5.7,5.74,2.6174496644295386,0.5073913043478261,0.0,-0.017788853964361362,0.10151223235490718,13.43799991607666
1995-09-01,0.172,0.03,0.0,5.6,5.8,2.54521098459477,0.3915,0.0,-0.017788853964361362,0.10151223235490718,13.43799991607666
1995-10-01,0.172,0.03,0.0,5.5,5.76,2.7443105756358666,0.3476190476190476,0.0,-0.017788853964361362,0.10151223235490718,13.43799991607666
1995-11-01,0.172,0.03,0.0,5.6,5.8,2.603471295060067,0.45142857142857146,0.0,-0.017788853964361362,0.10151223235490718,13.43799991607666
1995-12-01,0.172,0.03,0.0,5.6,5.6,2.5316455696202667,0.387,0.0,-0.017788853964361362,0.10151223235490718,13.43799991607666
1996-01-01,0.172,0.03,0.0,5.6,5.56,2.7906976744185963,0.54,0.0,-0.017788853964361362,0.10151223235490718,13.43799991607666
1996-02-01,0.172,0.03,0.0,5.5,5.22,2.717031146454607,0.78,0.0,-0.017788853964361362,0.10151223235490718,13.43799991607666
1996-03-01,0.172,0.03,0.0,5.5,5.31,2.8439153439153486,0.6076190476190476,0.0,-0.017788853964361362,0.10151223235490718,13.43799991607666
1996-04-01,0.172,0.03,0.0,5.6,5.22,2.832674571805005,0.5540909090909091,0.0,-0.017788853964361362,0.10151223235490718,13.43799991607666
1996-05-01,0.172,0.03,0.0,5.6,5.24,2.827087442472065,0.6418181818181817,0.0,-0.017788853964361362,0.10151223235490718,13.43799991607666
1996-06-01,0.172,0.03,0.0,5.3,5.27,2.8215223097112663,0.615,0.0,-0.017788853964361362,0.10151223235490718,13.43799991607666
1996-07-01,0.172,0.03,0.0,5.5,5.4,2.8833551769331667,0.5954545454545455,0.0,-0.017788853964361362,0.10151223235490718,13.43799991607666
1996-08-01,0.172,0.03,0.0,5.1,5.22,2.8122956180510084,0.6063636363636363,0.0,-0.017788853964361362,0.10151223235490718,13.43799991607666
1996-09-01,0.172,0.03,0.0,5.2,5.3,3.0045721750489918,0.598,0.0,-0.017788853964361362,0.10151223235490718,13.43799991607666
1996-10-01,0.172,0.03,0.0,5.2,5.24,3.0618892508143203,0.620909090909091,0.0,-0.017788853964361362,0.10151223235490718,13.43799991607666
1996-11-01,0.172,0.03,0.0,5.4,5.31,3.2530904359141077,0.5021052631578947,0.0,-0.017788853964361362,0.10151223235490718,13.43799991607666
1996-12-01,0.172,0.03,0.0,5.4,5.29,3.378817413905133,0.5204761904761904,0.0,-0.017788853964361362,0.10151223235490718,13.43799991607666
1997-01-01,0.172,0.03,0.0,5.3,5.25,3.0381383322559907,0.570952380952381,0.0,-0.017788853964361362,0.10151223235490718,13.43799991607666
1997-02-01,0.172,0.03,0.0,5.2,5.19,3.0322580645161246,0.5210526315789474,0.0,-0.017788853964361362,0.10151223235490718,13.43799991607666
1997-03-01,0.172,0.03,0.0,5.2,5.39,2.7652733118971096,0.4725,0.0,-0.017788853964361362,0.10151223235490718,13.43799991607666
1997-04-01,0.172,0.03,0.0,5.1,5.51,2.434336963484962,0.43727272727272726,0.0,-0.017788853964361362,0.10151223235490718,13.43799991607666
1997-05-01,0.172,0.03,0.0,4.9,5.5,2.237851662404089,0.4342857142857143,0.0,-0.017788853964361362,0.10151223235490718,13.43799991607666
1997-06-01,0.172,0.03,0.0,5.0,5.56,2.233567326100827,0.3990476190476191,0.0,-0.017788853964361362,0.10151223235490718,13.43799991607666
1997-07-01,0.172,0.03,0.0,4.9,5.52,2.165605095541401,0.32954545454545453,0.0,-0.017788853964361362,0.10151223235490718,13.43799991607666
1997-08-01,0.172,0.03,0.0,4.8,5.54,2.2900763358778775,0.3595238095238095,0.0,-0.017788853964361362,0.10151223235490718,13.43799991607666
1997-09-01,0.172,0.03,0.0,4.9,5.54,2.21940393151554,0.32666666666666666,0.0,-0.017788853964361362,0.10151223235490718,13.43799991607666
1997-10-01,0.172,0.03,0.0,4.7,5.5,2.0859671302149163,0.25772727272727275,0.0,-0.017788853964361362,0.10151223235490718,13.43799991607666
1997-11-01,0.172,0.03,0.0,4.6,5.52,1.8903591682419618,0.1622222222222222,0.0,-0.017788853964361362,0.10151223235490718,13.43799991607666
1997-12-01,0.172,0.03,0.0,4.7,5.5,1.6970458830924073,0.09363636363636364,0.0,-0.017788853964361362,0.10151223235490718,13.43799991607666
1998-01-01,0.172,0.03,0.0,4.6,5.56,1.6311166875784044,0.1875,0.0,-0.017788853964361362,0.10151223235490718,13.43799991607666
1998-02-01,0.172,0.03,0.0,4.6,5.51,1.440200375704448,0.1568421052631579,0.0,-0.017788853964361362,0.10151223235490718,13.43799991607666
1998-03-01,0.172,0.03,0.0,4.7,5.49,1.3767209011263937,0.08590909090909092,0.0,-0.017788853964361362,0.10151223235490718,13.43799991607666
1998-04-01,0.172,0.03,0.0,4.3,5.45,1.4383989993745905,0.07333333333333333,0.0,-0.017788853964361362,0.10151223235490718,13.43799991607666
1998-05-01,0.172,0.03,0.0,4.4,5.49,1.6885553470919357,0.059,0.0,-0.017788853964361362,0.10151223235490718,13.43799991607666
1998-06-01,0.172,0.03,0.0,4.5,5.56,1.6229712858926382,-0.023636363636363636,0.0,-0.017788853964361362,0.10151223235490718,13.43799991607666
1998-07-01,0.172,0.03,0.0,4.5,5.54,1.74563591022443,0.0031818181818181815,0.0,-0.017788853964361362,0.10151223235490718,13.43799991607666
1998-08-01,0.172,0.03,0.0,4.5,5.55,1.6169154228855787,0.07333333333333333,0.0,-0.017788853964361362,0.10151223235490718,13.43799991607666
1998-09-01,0.172,0.03,0.0,4.6,5.51,1.4267990074441794,0.14047619047619048,0.0,-0.017788853964361362,0.10151223235490718,13.43799991607666
1998-10-01,0.172,0.03,0.0,4.5,5.07,1.4860681114551078,0.43809523809523804,0.0,-0.017788853964361362,0.10151223235490718,13.43799991607666
1998-11-01,0.172,0.03,0.0,4.4,4.83,1.4842300556586308,0.28736842105263155,0.0,-0.017788853964361362,0.10151223235490718,13.43799991607666
1998-12-01,0.172,0.03,0.0,4.4,4.68,1.606922126081578,0.13863636363636364,0.0,-0.017788853964361362,0.10151223235490718,13.43799991607666
1999-01-01,0.172,0.03,0.0,4.3,4.63,1.6666666666666607,0.1068421052631579,0.0,-0.017788853964361362,0.10151223235490718,13.43799991607666
1999-02-01,0.172,0.03,0.0,4.4,4.76,1.6666666666666607,0.12263157894736842,0.0,-0.017788853964361362,0.10151223235490718,13.43799991607666
1999-03-01,0.172,0.03,0.0,4.2,4.81,1.7283950617283939,0.17956521739130435,0.0,-0.017788853964361362,0.10151223235490718,13.43799991607666
1999-04-01,0.172,0.03,0.0,4.3,4.74,2.281134401972884,0.20772727272727273,0.0,-0.017788853964361362,0.10151223235490718,13.43799991607666
1999-05-01,0.172,0.03,0.0,4.2,4.74,2.091020910209096,0.28500000000000003,0.0,-0.017788853964361362,0.10151223235490718,13.43799991607666
1999-06-01,0.172,0.03,0.0,4.3,4.76,1.9656019656019597,0.2809090909090909,0.0,-0.017788853964361362,0.10151223235490718,13.43799991607666
1999-07-01,0.172,0.03,0.0,4.3,4.99,2.1446078431372584,0.23714285714285716,0.0,-0.017788853964361362,0.10151223235490718,13.43799991607666
1999-08-01,0.172,0.03,0.0,4.2,5.07,2.2643818849449104,0.2609090909090909,0.0,-0.017788853964361362,0.10151223235490718,13.43799991607666
1999-09-01,0.172,0.03,0.0,4.2,5.22,2.629969418960254,0.25333333333333335,0.0,-0.017788853964361362,0.10151223235490718,13.43799991607666
1999-10-01,0.172,0.03,0.0,4.1,5.2,2.56253813300793,0.2495,0.0,-0.017788853964361362,0.10151223235490718,13.43799991607666
1999-11-01,0.172,0.03,0.0,4.1,5.42,2.6203534430225606,0.172,0.0,-0.017788853964361362,0.10151223235490718,13.43799991607666
1999-12-01,0.172,0.03,0.0,4.0,5.3,2.676399026763998,0.1709090909090909,0.0,-0.017788853964361362,0.10151223235490718,13.43799991607666
2000-01-01,0.172,0.03,0.0,4.0,5.45,2.792956891317555,0.221,0.0,-0.017788853964361362,0.10151223235490718,13.43799991607666
2000-02-01,0.172,0.03,0.0,4.1,5.73,3.2179720704310855,-0.091,0.0,-0.017788853964361362,0.10151223235490718,13.43799991607666
2000-03-01,0.172,0.03,0.0,4.0,5.85,3.762135922330101,-0.2717391304347826,0.0,-0.017788853964361362,0.10151223235490718,13.43799991607666
2000-04-01,0.172,0.03,0.0,3.8,6.02,3.013863773357439,-0.4131578947368421,0.0,-0.017788853964361362,0.10151223235490718,13.43799991607666
2000-05-01,0.172,0.03,0.0,4.0,6.27,3.1325301204819134,-0.3690909090909091,0.0,-0.017788853964361362,0.10151223235490718,13.43799991607666
2000-06-01,0.172,0.03,0.0,4.0,6.53,3.7349397590361377,-0.3845454545454546,0.0,-0.017788853964361362,0.10151223235490718,13.43799991607666
2000-07-01,0.172,0.03,0.0,4.0,6.54,3.5992801439711952,-0.28500000000000003,0.0,-0.017788853964361362,0.10151223235490718,13.43799991607666
2000-08-01,0.172,0.03,0.0,4.1,6.5,3.3512866546977715,-0.4026086956521739,0.0,-0.017788853964361362,0.10151223235490718,13.43799991607666
2000-09-01,0.172,0.03,0.0,3.9,6.52,3.45649582836709,-0.28250000000000003,0.0,-0.017788853964361362,0.10151223235490718,13.43799991607666
2000-10-01,0.172,0.03,0.0,3.9,6.51,3.4503271861986873,-0.1738095238095238,0.0,-0.017788853964361362,0.10151223235490718,13.43799991607666
2000-11-01,0.172,0.03,0.0,3.9,6.51,3.444180522565321,-0.15809523809523812,0.0,-0.017788853964361362,0.10151223235490718,13.43799991607666
2000-12-01,0.172,0.03,0.0,3.9,6.4,3.4360189573459543,-0.1115,0.0,-0.017788853964361362,0.10151223235490718,13.43799991607666
2001-01-01,0.172,0.03,0.0,4.2,5.98,3.7212049616065945,0.40095238095238095,0.0,-0.017788853964361362,0.10151223235490718,13.43799991607666
2001-02-01,0.172,0.03,0.0,4.2,5.49,3.529411764705892,0.4421052631578948,0.0,-0.017788853964361362,0.10151223235490718,13.43799991607666
2001-03-01,0.172,0.03,0.0,4.3,5.31,2.9824561403508643,0.5431818181818181,0.0,-0.017788853964361362,0.10151223235490718,13.43799991607666
2001-04-01,0.172,0.03,0.0,4.4,4.8,3.2182562902282053,0.907,1.0,-0.017788853964361362,0.10151223235490718,13.43799991607666
2001-05-01,0.172,0.03,0.0,4.3,4.21,3.5630841121495394,1.1313636363636363,1.0,-0.017788853964361362,0.10151223235490718,13.43799991607666
2001-06-01,0.172,0.03,0.0,4.5,3.97,3.193960511033689,1.2042857142857142,1.0,-0.017788853964361362,0.10151223235490718,13.43799991607666
2001-07-01,0.172,0.03,0.0,4.6,3.77,2.7214823393167498,1.1976190476190476,1.0,-0.017788853964361362,0.10151223235490718,13.43799991607666
2001-08-01,0.172,0.03,0.0,4.9,3.65,2.7214823393167498,1.2139130434782608,1.0,-0.017788853964361362,0.10151223235490718,13.43799991607666
2001-09-01,0.172,0.03,0.0,5.0,3.07,2.5921658986175045,1.6129411764705883,1.0,-0.017788853964361362,0.10151223235490718,13.43799991607666
2001-10-01,0.172,0.03,0.0,5.3,2.49,2.127659574468077,1.8409090909090908,1.0,-0.017788853964361362,0.10151223235490718,13.43799991607666
2001-11-01,0.172,0.03,0.0,5.5,2.09,1.894374282433997,1.8690000000000002,1.0,-0.017788853964361362,0.10151223235490718,13.43799991607666
2001-12-01,0.172,0.03,0.0,5.7,1.82,1.603665521191311,1.9805,0.0,-0.017788853964361362,0.10151223235490718,13.43799991607666
2002-01-01,0.172,0.03,0.0,5.7,1.73,1.1958997722095743,2.0076190476190474,0.0,-0.017788853964361362,0.10151223235490718,13.43799991607666
2002-02-01,0.172,0.03,0.0,5.7,1.74,1.1363636363636465,1.8963157894736842,0.0,-0.017788853964361362,0.10151223235490718,13.43799991607666
2002-03-01,0.172,0.03,0.0,5.7,1.73,1.3628620102214661,1.7265000000000001,0.0,-0.017788853964361362,0.10151223235490718,13.43799991607666
2002-04-01,0.172,0.03,0.0,5.9,1.75,1.643990929705219,1.7881818181818183,0.0,-0.017788853964361362,0.10151223235490718,13.43799991607666
2002-05-01,0.172,0.03,0.0,5.8,1.75,1.2408347433727984,1.9004545454545456,0.0,-0.017788853964361362,0.10151223235490718,13.43799991607666
2002-06-01,0.172,0.03,0.0,5.8,1.75,1.0692177827799743,1.9335,0.0,-0.017788853964361362,0.10151223235490718,13.43799991607666
2002-07-01,0.172,0.03,0.0,5.8,1.73,1.465614430665152,2.096363636363636,0.0,-0.017788853964361362,0.10151223235490718,13.43799991607666
2002-08-01,0.172,0.03,0.0,5.7,1.74,1.747463359639223,2.1236363636363635,0.0,-0.017788853964361362,0.10151223235490718,13.43799991607666
2002-09-01,0.172,0.03,0.0,5.7,1.75,1.516002245929271,1.8655000000000002,0.0,-0.017788853964361362,0.10151223235490718,13.43799991607666
2002-10-01,0.172,0.03,0.0,5.7,1.75,2.0270270270270174,2.0290909090909093,0.0,-0.017788853964361362,0.10151223235490718,13.43799991607666
2002-11-01,0.172,0.03,0.0,5.9,1.34,2.2535211267605604,2.125263157894737,0.0,-0.017788853964361362,0.10151223235490718,13.43799991607666
2002-12-01,0.172,0.03,0.0,6.0,1.24,2.4802705749718212,2.1961904761904765,0.0,-0.017788853964361362,0.10151223235490718,13.43799991607666
2003-01-01,0.172,0.03,0.0,5.8,1.24,2.757456387169399,2.305238095238095,0.0,-0.017788853964361362,0.10151223235490718,13.43799991607666
2003-02-01,0.172,0.03,0.0,5.9,1.26,3.146067415730336,2.274736842105263,0.0,-0.017788853964361362,0.10151223235490718,13.43799991607666
2003-03-01,0.172,0.03,0.0,5.9,1.25,3.025210084033625,2.2333333333333334,0.0,-0.017788853964361362,0.10151223235490718,13.43799991607666
2003-04-01,0.172,0.03,0.0,6.0,1.26,2.175125488008911,2.336190476190476,0.0,-0.017788853964361362,0.10151223235490718,13.43799991607666
2003-05-01,0.172,0.03,0.0,6.1,1.26,1.8941504178273005,2.1538095238095236,0.0,-0.017788853964361362,0.10151223235490718,13.43799991607666
2003-06-01,0.172,0.03,0.0,6.3,1.22,1.948775055679297,2.107142857142857,0.0,-0.017788853964361362,0.10151223235490718,13.43799991607666
2003-07-01,0.172,0.03,0.0,6.2,1.01,2.055555555555544,2.5013636363636365,0.0,-0.017788853964361362,0.10151223235490718,13.43799991607666
2003-08-01,0.172,0.03,0.0,6.1,1.03,2.216066481994461,2.580952380952381,0.0,-0.017788853964361362,0.10151223235490718,13.43799991607666
2003-09-01,0.172,0.03,0.0,6.1,1.01,2.378318584070782,2.568095238095238,0.0,-0.017788853964361362,0.10151223235490718,13.43799991607666
2003-10-01,0.172,0.03,0.0,6.0,1.01,2.041942604856528,2.5427272727272725,0.0,-0.017788853964361362,0.10151223235490718,13.43799991607666
2003-11-01,0.172,0.03,0.0,5.8,1.0,1.9283746556473913,2.373333333333333,0.0,-0.017788853964361362,0.10151223235490718,13.43799991607666
2003-12-01,0.172,0.03,0.0,5.7,0.98,2.0352035203520247,2.3604545454545454,0.0,-0.017788853964361362,0.10151223235490718,13.43799991607666
2004-01-01,0.172,0.03,0.0,5.7,1.0,2.026286966046009,2.3895,0.0,-0.017788853964361362,0.10151223235490718,13.43799991607666
2004-02-01,0.172,0.03,0.0,5.6,1.01,1.688453159041381,2.3442105263157895,0.0,-0.017788853964361362,0.10151223235490718,13.43799991607666
2004-03-01,0.172,0.03,0.0,5.8,1.0,1.7400761283306032,2.248695652173913,0.0,-0.017788853964361362,0.10151223235490718,13.43799991607666
2004-04-01,0.172,0.03,0.0,5.6,1.0,2.2925764192139875,2.276666666666667,0.0,-0.017788853964361362,0.10151223235490718,13.43799991607666
2004-05-01,0.172,0.03,0.0,5.6,1.0,2.8977583378895444,2.182,0.0,-0.017788853964361362,0.10151223235490718,13.43799991607666
2004-06-01,0.172,0.03,0.0,5.6,1.03,3.1676679410158393,1.9704761904761903,0.0,-0.017788853964361362,0.10151223235490718,13.43799991607666
2004-07-01,0.172,0.03,0.0,5.5,1.26,2.939575394665228,1.8595238095238094,0.0,-0.017788853964361362,0.10151223235490718,13.43799991607666
2004-08-01,0.172,0.03,0.0,5.4,1.43,2.5474254742547275,1.7731818181818182,0.0,-0.017788853964361362,0.10151223235490718,13.43799991607666
2004-09-01,0.172,0.03,0.0,5.4,1.61,2.5391680172879516,1.6004761904761904,0.0,-0.017788853964361362,0.10151223235490718,13.43799991607666
2004-10-01,0.172,0.03,0.0,5.5,1.76,3.1909140075716547,1.5125,0.0,-0.017788853964361362,0.10151223235490718,13.43799991607666
2004-11-01,0.172,0.03,0.0,5.4,1.93,3.621621621621607,1.342,0.0,-0.017788853964361362,0.10151223235490718,13.43799991607666
2004-12-01,0.172,0.03,0.0,5.4,2.16,3.3423180592991875,1.219090909090909,0.0,-0.017788853964361362,0.10151223235490718,13.43799991607666
2005-01-01,0.172,0.03,0.0,5.3,2.28,2.8448738593666034,0.999,0.0,-0.017788853964361362,0.10151223235490718,13.43799991607666
2005-02-01,0.172,0.03,0.0,5.4,2.5,3.0530262453133394,0.7805263157894737,0.0,0.020903713173139993,0.10795670897635724,11.708947482861971
2005-03-01,0.172,0.03,0.0,5.2,2.63,3.2068412613575736,0.770909090909091,0.0,-0.018292715420129557,0.10501257739182913,13.126363667574795
2005-04-01,0.172,0.03,0.0,5.2,2.79,3.3617929562433257,0.6871428571428572,0.0,-0.018734900444474234,0.15329407580204546,14.459047589983259
2005-05-01,0.172,0.03,0.0,5.1,3.0,2.869287991498415,0.5004761904761905,0.0,0.032224788972585516,0.09543699209639445,13.967618987673806
2005-06-01,0.172,0.03,0.0,5.0,3.04,2.541026998411855,0.3577272727272727,0.0,0.0015145678789947326,0.08026089198582151,11.868636348030783
2005-07-01,0.172,0.03,0.0,5.0,3.26,3.067160232681121,0.3065,0.0,0.038261022708475645,0.08236645672395757,11.049000024795532
2005-08-01,0.172,0.03,0.0,4.9,3.5,3.6469344608879517,0.21826086956521742,0.0,-0.0093737556181408,0.09843470726815656,12.951304394265879
2005-09-01,0.172,0.03,0.0,5.0,3.62,4.741833508956805,0.2528571428571429,0.0,0.008024799478132616,0.08625389622115168,12.628095263526554
2005-10-01,0.172,0.03,0.0,5.0,3.78,4.350104821802936,0.1925,0.0,-0.023650581037213625,0.15357595042316446,14.937618982224237
2005-11-01,0.172,0.03,0.0,5.0,4.0,3.3385498174230532,0.11850000000000001,0.0,0.04395275013514599,0.07115179187020246,12.147619111197335
2005-12-01,0.172,0.03,0.0,4.9,4.16,3.3385498174230532,0.06285714285714286,0.0,-0.0019137947530416533,0.07545747018196358,11.260000001816522
2006-01-01,0.172,0.03,0.0,4.7,4.29,4.018789144050117,0.020499999999999997,0.0,0.024014454635674642,0.11294886521214069,12.03600001335144
2006-02-01,0.172,0.03,0.0,4.8,4.49,3.63825363825363,-0.09947368421052633,0.0,0.00572466335377575,0.09994153414440803,12.47105262154027
2006-03-01,0.172,0.03,0.0,4.7,4.59,3.4179181771103018,-0.009999999999999998,0.0,0.01650445111140786,0.07982716069020242,11.693913003672725
2006-04-01,0.172,0.03,0.0,4.7,4.79,3.613835828600931,0.10157894736842105,0.0,0.012631752927360296,0.08701404450896602,11.847368441129985
2006-05-01,0.172,0.03,0.0,4.6,4.94,3.9772727272727293,0.14181818181818182,0.0,-0.0301212557806817,0.14498843293941194,14.454545411196621
2006-06-01,0.172,0.03,0.0,4.6,4.99,4.1817243159525175,-0.015454545454545453,0.0,0.002608641829425329,0.1506959029511033,16.91863627867265
2006-07-01,0.172,0.03,0.0,4.7,5.24,4.104669061056954,-0.031,0.0,0.004477911305029503,0.13039674031529594,15.325999879837036
2006-08-01,0.172,0.03,0.0,4.7,5.25,3.926568077511483,-0.026956521739130435,0.0,0.021822649753932666,0.06820439157308937,13.351739137069039
2006-09-01,0.172,0.03,0.0,4.5,5.25,2.012072434607637,-0.05,0.0,0.027001608499431562,0.07535365962169055,12.184499979019165
2006-10-01,0.172,0.03,0.0,4.4,5.25,1.4063284781516971,-0.06666666666666668,0.0,0.031517002392930316,0.06091668012767613,11.306363625959916
2006-11-01,0.172,0.03,0.0,4.5,5.25,1.9687026754164672,-0.14523809523809525,0.0,0.019884728558959397,0.08839354719864731,10.817619051252093
2006-12-01,0.172,0.03,0.0,4.4,5.24,2.5239777889954462,-0.10900000000000001,0.0,0.013371437781097395,0.06772427731524558,10.964500045776367
2007-01-01,0.172,0.03,0.0,4.6,5.25,2.075765178123423,-0.11666666666666667,0.0,0.01504051014096186,0.08006653193923982,11.042500066757203
2007-02-01,0.172,0.03,0.0,4.5,5.26,2.420260782347028,-0.12631578947368421,0.0,-0.019617760494721748,0.16140971199667872,11.155263097662674
2007-03-01,0.172,0.03,0.0,4.4,5.26,2.798197295943927,-0.009090909090909092,0.0,0.011588586383165289,0.13792031622611178,15.162727269259365
2007-04-01,0.172,0.03,0.0,4.5,5.25,2.5929247633283525,0.027619047619047623,0.0,0.044296001324371614,0.07712151589315068,12.93299994468689
2007-05-01,0.172,0.03,0.0,4.4,5.25,2.709885742672613,-0.02,0.0,0.033920139343649014,0.0802908161150818,13.297727324745871
2007-06-01,0.172,0.03,0.0,4.6,5.25,2.692765113974227,0.12238095238095237,0.0,-0.014620463431982866,0.14686890682244555,14.947618938627697
2007-07-01,0.167,0.04,0.04,4.7,5.26,2.3178905864958077,0.18523809523809526,0.0,-0.0313105441984346,0.17189470970010032,17.273333277021134
2007-08-01,0.242,0.09,0.37,4.6,5.02,1.897448478900876,0.3617391304347826,0.0,0.012832685575839164,0.22493749149378198,25.026086724322774
2007-09-01,0.267,0.17,0.27,4.7,4.94,2.8338264299802685,0.51,0.0,0.038714481503210996,0.14781279271775136,22.19894740456029
2007-10-01,0.2355,0.22,0.0,4.7,4.76,3.610698365527476,0.56,0.0,0.013567209835607885,0.13934616035076453,19.115652084350586
2007-11-01,0.2635,0.23,0.3,4.7,4.49,4.373267326732666,0.8119999999999999,0.0,-0.038732940188149545,0.26622737171445066,25.582380930582683
2007-12-01,0.4295,0.23,0.54,5.0,4.24,4.108813392417532,0.9804999999999999,0.0,-0.0112607818802134,0.17985711839279855,21.651000022888184
2008-01-01,0.2269999999999999,0.25,0.0,5.0,3.94,4.294695655165981,1.2685714285714287,1.0,-0.06046092909960643,0.22533813750206555,25.816190719604492
2008-02-01,0.3025,0.26,0.07,4.9,2.98,4.142959270611968,1.7645,1.0,-0.025842747488171725,0.1813395578592436,25.456000137329102
2008-03-01,0.2845,0.29,0.19,5.1,2.61,3.9749035501344343,1.893,1.0,-0.008942088155301953,0.27828744526419047,27.103500080108642
2008-04-01,0.491,0.3,0.53,5.0,2.28,3.9037609759888126,1.627727272727273,1.0,0.04766213057706148,0.17701223212619618,21.562727321277965
2008-05-01,0.2714999999999999,0.32,0.1,5.4,1.98,4.088413823123993,1.4342857142857142,1.0,0.015116721202817152,0.1499007340289824,18.303333009992325
2008-06-01,0.237,0.32,0.0,5.6,2.0,4.935966105947864,1.3257142857142856,1.0,-0.08357586467834133,0.18852818989828243,22.11047617594401
2008-07-01,0.288,0.33,0.28,5.8,2.01,5.497512078341837,1.4345454545454546,1.0,-0.00898582818994631,0.2196233365930214,24.32136362249201
2008-08-01,0.2945,0.31,0.11,6.1,2.0,5.308017162091239,1.4652380952380952,1.0,0.015453636338614407,0.19648454515477717,20.695714133126394
2008-09-01,0.251,0.31,0.07,6.1,1.81,4.953319875136075,1.61,1.0,-0.09417357962913053,0.48009786215812517,30.238571348644438
2008-10-01,0.598,0.33,1.0,6.5,0.97,3.7310578899565128,2.2018181818181817,1.0,-0.16518650265972556,0.8980481072639076,61.1773912181025
2008-11-01,0.7394999999999999,0.38,1.0,6.8,0.39,1.0999174706166848,2.3138888888888887,1.0,-0.06960683757713049,0.7093403482578681,62.639473362972865
2008-12-01,0.747,0.42,1.0,7.3,0.16,-0.02222800255385904,1.5954545454545455,1.0,0.009796508373349777,0.4597889024725656,52.405000166459516
2009-01-01,0.5665,0.45,0.0,7.8,0.15,-0.11358601902212717,1.7105000000000001,1.0,-0.08211471998753261,0.38739056372563047,44.68300018310547
2009-02-01,0.544,0.43,0.07,8.3,0.22,0.008463140671510772,1.894736842105263,1.0,-0.10744865593691755,0.34451682853524074,45.57052592227333
2009-03-01,0.6275000000000001,0.44,0.13,8.7,0.18,-0.4464787676623838,1.8881818181818182,1.0,0.08331079005341135,0.477874856215391,44.7954548922452
2009-04-01,0.546,0.46,0.06,9.0,0.15,-0.5763244243767063,2.0,1.0,0.09934620685342943,0.29470381039690824,38.063809349423366
2009-05-01,0.601,0.5,0.0,9.4,0.18,-1.015761495855172,2.3635,1.0,0.05845336069706386,0.27584113051755427,31.97799997329712
2009-06-01,0.491,0.47,0.0,9.5,0.21,-1.2291746182109153,2.5377272727272726,1.0,-0.0006547847874989188,0.19889638423456182,29.140454725785688
2009-07-01,0.3505,0.48,0.0,9.5,0.16,-1.9587610037622771,2.5431818181818184,0.0,0.07460542943613757,0.19865704359665606,26.16272735595703
2009-08-01,0.3395,0.49,0.0,9.6,0.16,-1.4838355663267633,2.4719047619047623,0.0,0.0369398079757115,0.16404913988204298,25.33714285350981
2009-09-01,0.316,0.49,0.0,9.8,0.15,-1.377942862886472,2.4457142857142857,0.0,0.03545718913861928,0.15142204660214897,24.926666713896253
2009-10-01,0.279,0.46,0.0,10.0,0.12,-0.22396829420033848,2.4385714285714286,0.0,-0.01922531921890247,0.21199998211796883,24.252272865988992
2009-11-01,0.315,0.44,0.0,9.9,0.12,1.9145871744709275,2.599473684210526,0.0,0.06160650365555442,0.15256469059722988,23.783499908447265
2009-12-01,0.2945,0.44,0.0,9.9,0.12,2.8141231232083674,2.7154545454545453,0.0,0.019101231510327388,0.10435773015303564,21.239545475352894
2010-01-01,0.2764999999999999,0.43,0.0,9.8,0.11,2.6211113889767157,2.8042105263157895,0.0,-0.03634241357640844,0.16699427778558745,20.643157758210833
2010-02-01,0.265,0.42,0.0,9.8,0.13,2.151336357866529,2.8342105263157897,0.0,0.03119450484039521,0.17486479588796458,22.540000012046413
2010-03-01,0.282,0.44,0.0,9.9,0.16,2.2861714393279886,2.7686956521739132,0.0,0.06088012770035478,0.07551817385842281,17.767391287762187
2010-04-01,0.286,0.47,0.0,9.9,0.2,2.2067707525304403,2.786363636363636,0.0,0.015469455305196611,0.1506472522847242,17.42428566160656
2010-05-01,0.2575,0.45,0.0,9.6,0.2,2.003548929218568,2.5895,0.0,-0.07945458404092853,0.3202867610270405,31.929500007629393
2010-06-01,0.4985,0.49,0.06,9.4,0.18,1.1215605940686268,2.4795454545454545,0.0,-0.05174037521001151,0.2552218206443861,29.91636371612549
2010-07-01,0.2575,0.46,0.02,9.4,0.18,1.3407784804821077,2.394761904761905,0.0,0.06830044397428048,0.19701570163106247,25.565237862723215
2010-08-01,0.277,0.46,0.0,9.5,0.19,1.1501775395112546,2.178181818181818,0.0,-0.04498039966894385,0.17569477136691372,24.745908997275613
2010-09-01,0.229,0.43,0.0,9.5,0.19,1.1183122472331775,2.1676190476190476,0.0,0.08955456790313021,0.15683779111350546,22.51761899675642
2010-10-01,0.2074999999999999,0.41,0.0,9.4,0.19,1.1666951489314625,2.164,0.0,0.038202106455897056,0.10356403550005204,20.3733332497733
2010-11-01,0.1845,0.38,0.0,9.8,0.19,1.084544776600338,2.309,0.0,2.220446049250313e-16,0.14908425926620128,20.095714387439546
2010-12-01,0.1615,0.35,0.0,9.3,0.18,1.437793022217937,2.6727272727272724,0.0,0.0668521991856359,0.08588802290639574,17.569545529105447
2011-01-01,0.147,0.33,0.0,9.1,0.17,1.7007834915029774,2.7794999999999996,0.0,0.02330043148976646,0.10211782217526039,17.31549987792969
2011-02-01,0.1305,0.31,0.0,9.0,0.16,2.124898173333145,2.803684210526316,0.0,0.034737025266703636,0.11670749116280953,17.4299999036287
2011-03-01,0.1265,0.3,0.0,9.0,0.14,2.619241510354109,2.7169565217391307,0.0,0.00012009420071956711,0.16324865072758543,20.72347815140434
2011-04-01,0.1395,0.31,0.0,9.1,0.1,3.0772344447868694,2.7205000000000004,0.0,0.02896130539862618,0.08834084408980739,16.244000005722047
2011-05-01,0.126,0.31,0.0,9.0,0.09,3.4589718808964998,2.6133333333333333,0.0,-0.011214584945043127,0.10738920394906362,16.911428587777273
2011-06-01,0.1245,0.31,0.0,9.1,0.09,3.5023181506360412,2.591818181818182,0.0,-0.01686940052287622,0.1652021694385498,19.15318202972412
2011-07-01,0.0985,0.3,0.0,9.0,0.07,3.5798809769996165,2.5965,0.0,-0.02000451815675186,0.15627367127628972,19.22749991416931
2011-08-01,0.0985,0.29,0.0,9.0,0.1,3.75499603070808,2.072608695652174,0.0,-0.054976048289993695,0.4595877257317608,35.02913035517154
2011-09-01,0.2405,0.3,0.0,9.0,0.08,3.812621692818685,1.7638095238095237,0.0,-0.0694202088941619,0.29006134052711374,36.52999977838425
2011-10-01,0.32,0.3,0.0,8.8,0.07,3.5222681306640524,1.8715,0.0,0.10914660036235957,0.28932618409787914,32.82904770260765
2011-11-01,0.3655,0.32,0.1,8.6,0.08,3.451432214581729,1.7600000000000002,0.0,-0.004063662979951088,0.3063591318047848,31.941904703776043
2011-12-01,0.3715,0.33,0.21,8.5,0.07,3.062066838419386,1.720952380952381,0.0,0.010448275562936926,0.18849538752771883,25.047619047619047
2012-01-01,0.232,0.38,0.0,8.3,0.08,3.0087663379855023,1.7260000000000002,0.0,0.04637489933939798,0.08733427185494176,20.227999877929687
2012-02-01,0.22,0.41,0.0,8.3,0.1,2.8981784423473878,1.6895,0.0,0.043405139071204024,0.0835134939352033,18.420499992370605
2012-03-01,0.2009999999999999,0.42,0.0,8.2,0.13,2.5828752813320977,1.8281818181818181,0.0,0.032164013579824235,0.1140395250050292,16.16727287119085
2012-04-01,0.1565,0.4,0.0,8.2,0.14,2.2731633741348567,1.7609523809523808,0.0,-0.00667549465230477,0.14408403670410636,17.822999906539916
2012-05-01,0.142,0.38,0.0,8.2,0.16,1.7379429374660749,1.518181818181818,0.0,-0.060056225733469804,0.12963399250338403,21.001818136735395
2012-06-01,0.1149999999999999,0.35,0.0,8.2,0.16,1.653870448297634,1.3304761904761906,0.0,0.04058137623520297,0.20651600159830671,21.130952290126256
2012-07-01,0.1065,0.33,0.0,8.2,0.16,1.4175114798464783,1.2785714285714287,0.0,0.011829185767681105,0.140800153984781,17.565238180614653
2012-08-01,0.102,0.32,0.0,8.1,0.13,1.6859349154821235,1.4095652173913045,0.0,0.02505324001078746,0.08922324091065502,15.689565119536027
2012-09-01,0.0915,0.31,0.0,7.8,0.14,1.9497168982819613,1.4678947368421054,0.0,0.025350205291156946,0.11637595047053974,15.284736834074321
2012-10-01,0.0849999999999999,0.3,0.0,7.8,0.16,2.1556780595369363,1.469047619047619,0.0,-0.018198211314363943,0.10699045508585435,16.276190576099214
2012-11-01,0.0824999999999999,0.29,0.0,7.7,0.16,1.7960197033926262,1.386,0.0,0.005660137373967977,0.15264989741598636,16.70190484183175
2012-12-01,0.08,0.28,0.0,7.9,0.16,1.7595049796895523,1.462,0.0,0.008934577119629417,0.11581129106506975,17.306999826431273
2013-01-01,0.0775,0.27,0.0,8.0,0.14,1.684061762098299,1.6495238095238096,0.0,0.05118976094430239,0.10009511964689827,13.505238124302455
2013-02-01,0.0755,0.27,0.0,7.7,0.15,2.0181404902574807,1.7168421052631577,0.0,0.012758947076735083,0.13382716129422476,14.07263163516396
2013-03-01,0.0755,0.27,0.0,7.5,0.14,1.5187472411246183,1.7015,0.0,0.03797115051882627,0.07613721410452964,13.031500005722046
2013-04-01,0.0665,0.25,0.0,7.6,0.15,1.138808047576867,1.526818181818182,0.0,0.01921200281612867,0.14137924406121846,13.967272715135055
2013-05-01,0.0805,0.25,0.0,7.5,0.11,1.3903888279197085,1.6777272727272725,0.0,0.023610029743000194,0.10549736495903202,13.493636304681951
2013-06-01,0.079,0.26,0.0,7.5,0.09,1.7157935271568725,1.9665,0.0,-0.013344584755178857,0.17351287257888767,17.271499919891358
2013-07-01,0.12,0.28,0.0,7.3,0.09,1.885471805415806,2.2413636363636367,0.0,0.05167715828455299,0.07035690023664082,13.97454565221613
2013-08-01,0.109,0.3,0.0,7.2,0.08,1.538809488600279,2.380909090909091,0.0,-0.029992145431244177,0.10394963505315824,14.209999908100475
2013-09-01,0.1245,0.33,0.0,7.2,0.08,1.0947341081747997,2.4055,0.0,0.031646307314208366,0.08527867321461076,14.692000102996825
2013-10-01,0.105,0.34,0.0,7.2,0.09,0.8767991434911471,2.2804545454545457,0.0,0.046306720997607353,0.12376178826936825,15.407826050468113
2013-11-01,0.099,0.34,0.0,6.9,0.08,1.2328701961954458,2.4147368421052633,0.0,0.029637565276886324,0.0883967488107247,12.923999977111816
2013-12-01,0.0945,0.33,0.0,6.7,0.09,1.5128383667573297,2.5619047619047617,0.0,0.025926313567365522,0.09728071490225139,14.192380905151367
2014-01-01,0.0885,0.33,0.0,6.6,0.07,1.557758795574915,2.4642857142857144,0.0,-0.03524836709801171,0.1260621361714896,14.240952400934129
2014-02-01,0.09,0.32,0.0,6.7,0.07,1.1204746347724948,2.382631578947368,0.0,0.045515833425496144,0.12433794078885461,15.470000116448654
2014-03-01,0.111,0.34,0.0,6.7,0.08,1.6126949139408042,2.3242857142857143,0.0,0.008295763893567454,0.10075152220378376,14.836666742960611
2014-04-01,0.107,0.34,0.0,6.2,0.09,2.015125303606169,2.288095238095238,0.0,0.006951384711394004,0.13006050092122606,14.198095321655273
2014-05-01,0.111,0.34,0.0,6.3,0.09,2.166947687079812,2.17,0.0,0.02320648452672569,0.08054449893780255,12.475238028026762
2014-06-01,0.1025,0.33,0.0,6.1,0.1,2.0589816945944195,2.146190476190476,0.0,0.02064505395315952,0.056404594998694095,11.541428565979004
2014-07-01,0.1035,0.31,0.0,6.2,0.09,1.9742378703305974,2.0359090909090907,0.0,-0.01343764152581628,0.1032000635165967,12.296363613822244
2014-08-01,0.099,0.3,0.0,6.1,0.09,1.7150983482969062,1.9476190476190476,0.0,0.0394633631947956,0.07737259595638582,13.497142927987236
2014-09-01,0.0965,0.29,0.0,5.9,0.09,1.6840509711232077,1.9676190476190476,0.0,-0.01379650665073262,0.09299274810389993,13.466666630336217
2014-10-01,0.103,0.3,0.0,5.7,0.09,1.6095417021513292,1.8586363636363636,0.0,0.023550946100216574,0.18052153946847105,18.01608711740245
2014-11-01,0.131,0.3,0.0,5.8,0.09,1.231524989320798,1.7983333333333331,0.0,0.027472237215337536,0.04283487078382064,13.41315786462081
2014-12-01,0.113,0.3,0.0,5.6,0.12,0.6531213919623191,1.5718181818181818,0.0,-0.0025364706513525404,0.15436638572867975,16.3118182962591
2015-01-01,0.0985,0.29,0.0,5.7,0.11,-0.22993097820542818,1.33,0.0,-0.02962945897472935,0.16839098912220557,19.119499969482423
2015-02-01,0.1115,0.27,0.0,5.5,0.11,-0.08703146293520536,1.3563157894736841,0.0,0.05620458212553059,0.0939909043330885,15.904210492184287
2015-03-01,0.095,0.26,0.0,5.4,0.11,-0.022031284423873476,1.4022727272727273,0.0,-0.01570572052745889,0.14135638614907253,14.812727277929133
2015-04-01,0.093,0.26,0.0,5.4,0.12,-0.10403098939391064,1.395,0.0,0.009834103650274262,0.08518120119892417,13.494761875697545
2015-05-01,0.081,0.26,0.0,5.6,0.12,0.03503321824429584,1.5885,0.0,0.012856356180454442,0.10717010091844678,13.3385000705719
2015-06-01,0.0745,0.25,0.0,5.3,0.13,0.1795718097550525,1.675,0.0,-0.020312301130329558,0.11119576486312235,14.33954551003196
2015-07-01,0.078,0.24,0.0,5.2,0.13,0.22568611104094582,1.656818181818182,0.0,0.02258932974524197,0.11648806415767031,14.35272723978216
2015-08-01,0.0675,0.23,0.0,5.1,0.14,0.2413037985344868,1.4695238095238095,0.0,-0.06095005998026415,0.2677344167176805,19.42809536343529
2015-09-01,0.222,0.29,0.26,5.0,0.14,0.008842961634170088,1.4595238095238094,0.0,-0.025515909002757464,0.22508410198375167,24.3771428607759
2015-10-01,0.126,0.32,0.0,5.0,0.12,0.12761656067050708,1.4252380952380952,0.0,0.08505972520133742,0.12596739197015844,16.789545449343596
2015-11-01,0.122,0.32,0.0,5.1,0.12,0.4363182169185187,1.378421052631579,0.0,0.0036549346246363967,0.12111506606452721,16.209999990463256
2015-12-01,0.103,0.3,0.0,5.0,0.24,0.6387247515364791,1.26,0.0,-0.017282836972550397,0.18198232015571875,18.02545473792336
2016-01-01,0.121,0.3,0.0,4.8,0.34,1.2375025026943876,1.1857894736842105,0.0,-0.04978629619656216,0.2401266227250918,23.717894805105107
2016-02-01,0.2145,0.29,0.0,4.9,0.38,0.8472775790126619,1.046,0.0,-0.0008260387082623666,0.18834907015471675,22.516999816894533
2016-03-01,0.1305,0.29,0.0,5.0,0.36,0.8916160965521946,1.014090909090909,0.0,0.06726579734053795,0.11269015888586148,15.849090966311367
2016-04-01,0.1375,0.31,0.0,5.1,0.37,1.1726257503534843,1.0371428571428571,0.0,0.003941769888411661,0.10232882337615204,14.300476255871
2016-05-01,0.1005,0.29,0.0,4.8,0.37,1.0784764621246223,0.99,0.0,0.017011384474959534,0.11012140859085012,14.852857044764928
2016-06-01,0.096,0.28,0.0,4.9,0.38,1.0792865347959424,0.9127272727272728,0.0,0.003475892187172036,0.18569150031128367,17.774545496160332
2016-07-01,0.124,0.27,0.0,4.8,0.39,0.8683633430518256,0.8314999999999999,0.0,0.03647122241716527,0.07463750873244401,13.158500051498413
2016-08-01,0.0855,0.27,0.0,4.9,0.4,1.0553158595656864,0.8191304347826087,0.0,0.0011974331102644342,0.05481118954192687,12.399565240611201
2016-09-01,0.086,0.28,0.0,5.0,0.4,1.5486446201652182,0.8595238095238096,0.0,5.794658032098887e-05,0.14193340767184168,14.219523793175107
2016-10-01,0.09,0.28,0.0,4.9,0.4,1.685924966243646,0.9215,0.0,-0.017336940990704153,0.06734699367076516,14.58523804800851
2016-11-01,0.088,0.28,0.0,4.7,0.41,1.6843334719788938,1.1625,0.0,0.03683830144888711,0.10534136425521548,15.236190387180873
2016-12-01,0.0795,0.27,0.0,4.7,0.54,2.0507989115119862,1.2952380952380953,0.0,0.02027203132604183,0.08007963634592954,12.472380956013998
2017-01-01,0.068,0.24,0.0,4.7,0.65,2.5103933482571117,1.226,0.0,0.017894524865845085,0.06626822926384114,11.608500003814697
2017-02-01,0.057,0.22,0.0,4.6,0.66,2.8103616813294208,1.2178947368421054,0.0,0.03929162615611892,0.04571187929201788,11.530526361967388
2017-03-01,0.054,0.2,0.0,4.4,0.79,2.44119623655914,1.168695652173913,0.0,0.0012496946951248145,0.08368790141155441,11.897826111834982
2017-04-01,0.0515,0.19,0.0,4.4,0.9,2.176223471915395,1.0563157894736843,0.0,0.00992648312965172,0.07547214369355387,13.136315847698011
2017-05-01,0.049,0.18,0.0,4.4,0.91,1.8563431667619756,1.0018181818181817,0.0,0.014112728581088696,0.07677646749625587,10.862272782759232
2017-06-01,0.0525,0.17,0.0,4.3,1.04,1.640565809959127,0.8445454545454546,0.0,0.006374959787077694,0.0743812907221356,10.513636328957297
2017-07-01,0.044,0.16,0.0,4.3,1.15,1.7251073506566073,0.9455,0.0,0.020554188773425963,0.05580753739880386,10.264499998092651
2017-08-01,0.05,0.16,0.0,4.4,1.16,1.92812155729698,0.8739130434782609,0.0,0.002917754961521357,0.09350297873007138,11.97565215566884
2017-09-01,0.0579999999999999,0.16,0.0,4.3,1.15,2.1805652303711787,0.8175000000000001,0.0,0.02014955512995087,0.054035003942083513,10.437999963760376
2017-10-01,0.0515,0.15,0.0,4.2,1.15,2.020757753132485,0.8104761904761905,0.0,0.023563916278467767,0.05015696841794201,10.125454512509434
2017-11-01,0.056,0.16,0.0,4.2,1.16,2.172493864295566,0.6566666666666666,0.0,0.030565739738497077,0.06473529554697004,10.540476163228353
2017-12-01,0.0414999999999999,0.15,0.0,4.1,1.3,2.129930719552253,0.5585,0.0,0.01212804871313189,0.05510168812331469,10.264500045776368
2018-01-01,0.039,0.14,0.0,4.0,1.41,2.151318868063945,0.5519047619047619,0.0,0.056358913606065375,0.08660785124674826,11.062381017775763
2018-02-01,0.0365,0.13,0.0,4.1,1.42,2.263468931091861,0.6836842105263158,0.0,-0.03636022937749395,0.27730639729879725,22.464736637316253
2018-03-01,0.113,0.18,0.0,4.0,1.51,2.3309497646499366,0.5666666666666667,0.0,-0.027410256496983698,0.20150552690972875,19.023809750874836
2018-04-01,0.1455,0.19,0.08,4.0,1.69,2.4709963021052994,0.4847619047619047,0.0,0.005167796055093765,0.1709266772789421,18.26761904216948
2018-05-01,0.147,0.25,0.0,3.8,1.7,2.781921607842497,0.4659090909090909,0.0,0.024309348120300056,0.10375037558169323,14.124545487490566
2018-06-01,0.109,0.26,0.0,4.0,1.82,2.8075506935940187,0.379047619047619,0.0,0.005750965642697947,0.08519569750547304,13.678095318022228
2018-07-01,0.101,0.26,0.0,3.8,1.91,2.854124785561929,0.28238095238095234,0.0,0.0370462767332278,0.08422142950918363,13.147619065784273
2018-08-01,0.107,0.26,0.0,3.8,1.91,2.6429238568742575,0.2534782608695652,0.0,0.03191992806053845,0.06962697359224876,12.546956518422002
2018-09-01,0.097,0.26,0.0,3.7,1.95,2.332055105808828,0.23631578947368423,0.0,0.005945269837540179,0.055983437450654525,12.910526325828151
2018-10-01,0.0805,0.25,0.0,3.8,2.19,2.492032470218053,0.2913636363636364,0.0,-0.06910392087959161,0.22081874178847072,19.352173639380414
2018-11-01,0.2455,0.28,0.0,3.8,2.2,2.147328577667773,0.258,0.0,0.018549082953825735,0.18786820345224983,19.389047622680664
2018-12-01,0.1955,0.33,0.0,3.9,2.27,2.0023809043401064,0.1563157894736842,0.0,-0.08804854536970974,0.29947933985969233,24.953157726087067
2019-01-01,0.1955,0.33,0.0,4.0,2.4,1.4875893578291333,0.17047619047619048,0.0,0.08006576514162944,0.18235750965791386,19.57238079252697
2019-02-01,0.1955,0.33,0.0,3.8,2.4,1.5188615351321877,0.17210526315789473,0.0,0.03241566259630724,0.0812018123550198,15.234736844112998
2019-03-01,0.1955,0.33,0.0,3.8,2.41,1.8831863513063984,0.16142857142857142,0.0,0.018100817383798207,0.11769917020024269,14.485238075256348
2019-04-01,0.1955,0.33,0.0,3.7,2.42,2.000583470209061,0.18761904761904763,0.0,0.040852124750259344,0.06179887873003223,12.949047588166737
2019-05-01,0.1955,0.33,0.0,3.6,2.39,1.7959105553606136,0.18863636363636366,0.0,-0.06377124441686854,0.14624243798071848,16.721818056973543
2019-06-01,0.1955,0.33,0.0,3.6,2.38,1.671194894390049,0.26,0.0,0.06958679767940001,0.10640944195920578,15.835999870300293
2019-07-01,0.1955,0.33,0.0,3.7,2.4,1.826331335037068,0.2240909090909091,0.0,0.015119311876970576,0.08491865697834845,13.30590907010165
2019-08-01,0.1955,0.33,0.0,3.6,2.13,1.7376412106666406,0.055,0.0,-0.01674350511640499,0.23043549198979837,18.979090907356955
2019-09-01,0.1955,0.33,0.0,3.5,2.04,1.6844977040391562,0.051500000000000004,0.0,0.019458336714819113,0.08642530394264261,15.558999872207641
2019-10-01,0.1955,0.33,0.0,3.6,1.83,1.7339736996186295,0.15545454545454546,0.0,0.022104299855611353,0.12875049563490668,15.466521760691768
2019-11-01,0.1955,0.33,0.0,3.6,1.55,2.092290394862917,0.19947368421052633,0.0,0.03619829356512372,0.05658540083165775,12.523499965667725
2019-12-01,0.1955,0.33,0.0,3.6,1.55,2.3195274699624457,0.24952380952380954,0.0,0.02905535322544761,0.07498775090017602,13.756666637602306
2020-01-01,0.1955,0.33,0.0,3.6,1.55,2.599767976845202,0.23857142857142857,0.0,-0.00040380590174959874,0.12170000618485866,13.94095243726458
2020-02-01,0.1955,0.33,0.0,3.5,1.58,2.3413166797595197,0.1731578947368421,0.0,-0.07916557768712529,0.2494935145333899,19.628947358382376
2020-03-01,0.1955,0.33,0.0,4.4,0.65,1.4940399642909163,0.42181818181818187,1.0,-0.12487126183075126,0.8965389670890489,57.7368184002963
2020-04-01,0.1955,0.33,0.0,14.8,0.05,0.3130472940411133,0.43285714285714283,1.0,0.1269830638586169,0.40403342645825285,41.45380964733305
2020-05-01,0.1955,0.33,0.0,13.2,0.05,0.1982013035848551,0.5035000000000001,0.0,0.0476455898739967,0.22407325189876193,30.89700002670288
2020-06-01,0.1955,0.33,0.0,11.0,0.08,0.7166562831830481,0.5436363636363637,0.0,0.01773453012266102,0.28743993219221325,31.11954550309615
2020-07-01,0.1955,0.33,0.0,10.2,0.09,0.9968647625897997,0.4754545454545455,0.0,0.05889249060182311,0.13048270760027425,26.840454621748492
2020-08-01,0.1955,0.33,0.0,8.4,0.1,1.2810698495523853,0.5104761904761905,0.0,0.06979626613952172,0.081873827773344,22.88952382405599
2020-09-01,0.1955,0.33,0.0,7.8,0.09,1.3910228912373812,0.5447619047619048,0.0,-0.03744367254176084,0.24458884832402386,27.647619065784273
2020-10-01,0.1955,0.33,0.0,6.9,0.09,1.2303863428671624,0.6376190476190476,0.0,-0.024933336806783335,0.2035533208156204,29.438636086203836
2020-11-01,0.1955,0.33,0.0,6.7,0.09,1.1757452138405844,0.7042105263157895,0.0,0.10877655935870356,0.16252610407080093,24.995500087738037
2020-12-01,0.1955,0.33,0.0,6.7,0.09,1.3204191315779434,0.7977272727272727,0.0,0.03704837273747019,0.08633643453430391,22.374090974981133
2021-01-01,0.1955,0.33,0.0,6.4,0.09,1.3738437137002402,0.9500000000000001,0.0,-0.010190133404646584,0.16699678696216616,24.90999984741211
2021-02-01,0.1955,0.33,0.0,6.2,0.08,1.6698167791706853,1.1426315789473684,0.0,0.027805203859002425,0.1435325579134135,23.140526219418174
2021-03-01,0.1955,0.33,0.0,6.1,0.07,2.6678187820641908,1.463913043478261,0.0,0.04539930418645621,0.1632843249222571,21.843043534652047
2021-04-01,0.1955,0.33,0.0,6.1,0.07,4.133077115360573,1.471818181818182,0.0,0.0529104838823371,0.10496051933060863,17.416190556117467
2021-05-01,0.1955,0.33,0.0,5.8,0.06,4.918257089467626,1.466,0.0,0.006565861451123256,0.140402932927333,19.7604998588562
2021-06-01,0.1955,0.33,0.0,5.9,0.08,5.295632620349999,1.3163636363636364,0.0,0.022427546541801124,0.08587401641085537,16.956818147139117
2021-07-01,0.1955,0.33,0.0,5.4,0.1,5.245169381309234,1.099047619047619,0.0,0.02441269768568244,0.11354123490364504,17.60333351861863
2021-08-01,0.1955,0.33,0.0,5.1,0.09,5.152015301793966,1.0659090909090911,0.0,0.029759815477825136,0.0829229478021568,17.47772723978216
2021-09-01,0.1955,0.33,0.0,4.7,0.08,5.351215590949132,1.1338095238095238,0.0,-0.046605447232388686,0.12764041539640036,19.8247617994036
2021-10-01,0.1955,0.33,0.0,4.5,0.08,6.235042390298062,1.19,0.0,0.07016351654490083,0.1087597848440099,17.869047573634557
2021-11-01,0.1955,0.33,0.0,4.1,0.08,6.901970403700863,1.0515,0.0,-0.008034910951145502,0.128051844373071,18.500476246788388
2021-12-01,0.1955,0.33,0.0,3.9,0.08,7.174340285065539,0.785,0.0,0.04624774642875917,0.16933984111966102,21.354545506564055
2022-01-01,0.1955,0.33,0.0,4.0,0.08,7.558805726967832,0.7835,0.0,-0.05274120335718424,0.18675405953948634,23.18100004196167
2022-02-01,0.1955,0.33,0.0,3.9,0.08,7.937278766517819,0.49894736842105264,0.0,-0.029517138313203684,0.2243961634926132,25.74842111687911
2022-03-01,0.1955,0.33,0.0,3.7,0.2,8.572204966013853,0.21826086956521737,0.0,0.037590413541745527,0.2334819095451607,26.968695682028066
2022-04-01,0.1955,0.33,0.0,3.7,0.33,8.231750770777225,0.20950000000000002,0.0,-0.08776886975180698,0.24937530956423756,24.37350015640259
2022-05-01,0.1955,0.33,0.0,3.6,0.77,8.538171195642065,0.2814285714285714,0.0,0.002257283510332053,0.3126786236088386,29.445714587257022
2022-06-01,0.1955,0.33,0.0,3.6,1.21,8.979361103105798,0.14523809523809525,0.0,-0.08246040453057868,0.2969170320246225,28.100000018165225
2022-07-01,0.1955,0.33,0.0,3.5,1.68,8.462576727730099,-0.13999999999999999,0.0,0.09208723786209028,0.19172007382889644,24.86850004196167
2022-08-01,0.1955,0.33,0.0,3.6,2.33,8.222579178218826,-0.3521739130434782,0.0,-0.04080191670107147,0.1930416549627267,22.169565366662066
2022-09-01,0.1955,0.33,0.0,3.5,2.56,8.192106896425821,-0.3376190476190476,0.0,-0.09244581347996261,0.2391557215971579,27.406190418061755
2022-10-01,0.1955,0.33,0.0,3.6,3.08,7.758813957693,-0.3915,0.0,0.0812753966588331,0.2789272453283451,30.005714416503906
2022-11-01,0.1955,0.33,0.0,3.6,3.78,7.122856456533988,-0.6125,0.0,0.05559166781213842,0.27909830283265313,23.436190650576638
2022-12-01,0.1955,0.33,0.0,3.5,4.1,6.404600402357152,-0.6723809523809524,0.0,-0.05762833785499433,0.18001830941029182,21.784285681588308
2023-01-01,0.1955,0.33,0.0,3.5,4.33,6.327178517960097,-0.6759999999999999,0.0,0.062887535476438,0.1659319133655957,20.202999973297118
2023-02-01,0.1955,0.33,0.0,3.6,4.57,5.957820738137087,-0.7868421052631579,0.0,-0.025142811674668475,0.1556721672248864,20.06210537960655
2023-03-01,0.1955,0.33,0.0,3.5,4.65,4.917719362889961,-0.6395652173913043,0.0,0.03707778233997838,0.18144808794610917,21.644347895746645
2023-04-01,0.1955,0.33,0.0,3.4,4.83,4.950079879124369,-0.5559999999999999,0.0,0.01597500393129625,0.12050830975619635,17.8178946344476
2023-05-01,0.1955,0.33,0.0,3.6,5.06,4.131851231385042,-0.5581818181818181,0.0,0.0046161570452571965,0.12789056988555947,17.64409099925648
2023-06-01,0.1955,0.33,0.0,3.6,5.08,3.070617072997095,-0.8914285714285713,0.0,0.0647999491196034,0.10508591235838069,13.994285628909157
2023-07-01,0.1955,0.33,0.0,3.5,5.12,3.287749268428297,-0.9289999999999999,0.0,0.0327331775601678,0.07984515825469404,13.943999910354615
2023-08-01,0.1955,0.33,0.0,3.7,5.33,3.722504803505289,-0.7339130434782608,0.0,-0.016252006171285083,0.1230537719313039,15.853912975477135
2023-09-01,0.1955,0.33,0.0,3.7,5.33,3.687206638119256,-0.643,0.0,-0.04743451568540791,0.10914777528061735,15.241000032424926
2023-10-01,0.1955,0.33,0.0,3.9,5.33,3.2512659098611785,-0.26952380952380955,0.0,-0.02170878121120645,0.1397985944862914,18.887727303938433
2023-11-01,0.1955,0.33,0.0,3.7,5.33,3.1333462745911866,-0.3795238095238095,0.0,0.0913439694700735,0.11210102641107568,14.077142897106352
2023-12-01,0.1955,0.33,0.0,3.8,5.33,3.3159099427102934,-0.437,0.0,0.0456554911699778,0.09479445447267655,12.718499994277954
2024-01-01,0.1955,0.33,0.0,3.7,5.33,3.0883429864855705,-0.2647619047619048,0.0,0.015926298646335546,0.11169692976488965,13.395238149733771
2024-02-01,0.1955,0.33,0.0,3.9,5.33,3.157074141648697,-0.3365,0.0,0.052186959997351234,0.121375158989193,13.944000101089477
2024-03-01,0.1955,0.33,0.0,3.9,5.33,3.4868349120836584,-0.3795,0.0,0.03270192457891263,0.09733725629590095,13.787499904632568
2024-04-01,0.1955,0.33,0.0,3.9,5.33,3.3607951262196734,-0.33409090909090905,0.0,-0.04031971105259946,0.13178510098971472,16.137727087194268
2024-05-01,0.1955,0.33,0.0,3.9,5.33,3.244278584003113,-0.3740909090909091,0.0,0.05057984845630625,0.09498006760987435,13.090454535050826
2024-06-01,0.1955,0.33,0.0,4.1,5.33,2.9702579486470926,-0.431578947368421,0.0,0.035279891454148116,0.06392140277429852,12.676842037000155
2024-07-01,0.1955,0.33,0.0,4.2,5.33,2.9414757935583014,-0.24727272727272728,0.0,0.012109263351141708,0.14354444349746645,14.470000050284646
2024-08-01,0.1955,0.33,0.0,4.2,5.33,2.607144490692037,-0.09454545454545454,0.0,0.02336543499602839,0.1911100125839373,19.31227272207087
2024-09-01,0.1955,0.33,0.0,4.1,5.13,2.4264830315416708,0.101,0.0,0.02100486921058442,0.13626781022759887,17.768999814987183
2024-10-01,0.1955,0.33,0.0,4.1,4.83,2.578844053871343,0.12318181818181818,0.0,-0.008923672550920081,0.11118229089115186,19.96086958180303
2024-11-01,0.1955,0.33,0.0,4.2,4.64,2.719472461284833,0.09842105263157895,0.0,0.05963347809037889,0.11888440684283472,16.121000051498413
2024-12-01,0.1955,0.33,0.0,4.1,4.48,2.870690967509981,0.1657142857142857,0.0,-0.024060108201608865,0.1431340580649756,15.866190592447916
2025-01-01,0.1955,0.33,0.0,4.0,4.33,2.9909783078999608,0.35714285714285715,0.0,0.02685632474815458,0.13943803885328337,16.74600019454956
2025-02-01,0.1955,0.33,0.0,4.2,4.33,2.8015834477613355,0.24105263157894738,0.0,-0.012694834127275234,0.13129899321617522,17.052105351498252
2025-03-01,0.1955,0.33,0.0,4.2,4.33,2.381981462805549,0.31047619047619046,0.0,-0.05571911592986323,0.20707870709433795,21.841428756713867
2025-04-01,0.1955,0.33,0.0,4.2,4.33,2.32538823025783,0.5014285714285714,0.0,-0.008670179898341956,0.5269360704452782,31.966190701439267
2025-05-01,0.1955,0.33,0.0,4.3,4.33,2.3772651073680873,0.5038095238095238,0.0,0.06284497903783137,0.16965061857520514,20.457142784481956
2025-06-01,0.1955,0.33,0.0,4.1,4.33,2.680453865910226,0.49450000000000005,0.0,0.05138616104558347,0.0994058374118714,18.21500015258789
2025-07-01,0.1955,0.33,0.0,4.3,4.33,2.742618052167134,0.5095454545454546,0.0,0.023031441524578478,0.06559924524859992,16.331363461234353
2025-08-01,0.1955,0.33,0.0,4.3,4.33,2.9385917430316155,0.5609523809523809,0.0,0.020519537835420598,0.11973883500005969,15.749999954586936
2025-09-01,0.1955,0.33,0.0,4.4,4.22,3.0225715847133294,0.5519047619047619,0.0,0.03562041293716178,0.07176881720661056,15.773333458673386
2025-10-01,0.1955,0.33,0.0,4.4,4.09,2.729136238202212,0.5404545454545455,0.0,0.023837321961132085,0.13700614825288732,18.086521770643152
2025-11-01,0.1955,0.33,0.0,4.5,3.88,2.6964439164939513,0.543888888888889,0.0,0.0019500340230000912,0.1534763959123459,19.904210642764443
2025-12-01,0.1955,0.33,0.0,4.4,3.72,2.653304114557753,0.6422727272727273,0.0,0.0007975195784819533,0.08669204117011829,15.548181880604137
2026-01-01,0.1955,0.33,0.0,4.3,3.64,2.391201432150014,0.6765,0.0,0.014737732796225922,0.10263181648550489,16.04599995613098
2026-02-01,0.1955,0.33,0.0,4.4,3.64,2.4340041103732224,0.6542105263157895,0.0,-0.008641951723092345,0.13382285633168545,19.23947384482936
2026-03-01,0.1955,0.33,0.0,4.3,3.64,3.2859577528651984,0.5313636363636364,0.0,-0.0493795460987313,0.17997256704923528,25.59681831706654
2026-04-01,0.1955,0.33,0.0,4.3,3.64,3.7792458367415627,0.52,0.0,0.10505265471572467,0.11710956019265288,19.811904907226562
2026-05-01,0.1955,0.33,0.0,4.3,3.63,4.166614684049641,0.489,0.0,0.0526257322482222,0.0976084998770844,17.237142926170712
2026-06-01,0.1955,0.33,0.0,4.3,3.63,4.166614684049641,0.3946153846153846,0.0,-0.020516020115267097,0.19396730364266923,17.99769240159255
