Date,Close,High,Low,Open,Volume
2005-01-03,81.38372802734375,82.37142682532111,81.11312441498436,82.23612243847411,55748000
2005-01-04,80.38925170898438,81.54607696107219,80.12541464243806,81.49195521374631,69167600
2005-01-05,79.83453369140625,80.67340030813676,79.8277671812171,80.32838054717975,65667300
2005-01-06,80.24044799804688,80.60576218031059,80.00367172102477,80.12544311511267,47814700
2005-01-07,80.12542724609375,80.65986797200262,79.91570673255057,80.48397484619262,55847700
2005-01-10,80.5042724609375,80.81546482756076,80.05777569925961,80.05777569925961,56563300
2005-01-11,79.9495620727539,80.32840417341195,79.82102414802928,80.26075453562824,63099700
2005-01-12,80.21337127685547,80.39602575125483,79.50303742470687,80.09836641662865,72720500
2005-01-13,79.57067108154297,80.32159347062753,79.48948846928157,80.26070522109815,55537500
2005-01-14,79.99014282226562,80.18633036515062,79.66542252884881,79.80748830238566,42032500
2005-01-18,80.82222747802734,80.9237044791386,79.79393477005738,79.86158954502135,57391700
2005-01-19,79.97657012939453,80.85602516230755,79.96980362168502,80.79514207692115,54378900
2005-01-20,79.48948669433594,79.96303901861997,79.34742099705073,79.7533237266275,72049300
2005-01-21,79.00240325927734,79.82774175407347,78.91445930017066,79.68567605336267,63160400
2005-01-24,78.84683227539062,79.38126785239132,78.72506090258842,79.21214123246241,58441900
2005-01-25,79.0700912475586,79.46923283402278,78.9618528731293,79.09039078151646,68245000
2005-01-26,79.30686950683594,79.55717364090317,79.17833160361072,79.36775262225694,57195100
2005-01-27,79.4421615600586,79.65864344193997,79.13773568787188,79.27980143898137,55878800
2005-01-28,79.4421615600586,79.5233442012648,78.88742641515412,79.48275029999411,60738900
2005-01-31,79.93598937988281,79.99687247134264,79.63155843858281,79.79391851047596,52532700
2005-02-01,80.44338989257812,80.5583947581431,79.89541612127535,79.99689312791179,49841200
2005-02-02,80.68694305419922,80.90342496817892,80.43663890570342,80.5448772820253,52468900
2005-02-03,80.47721862792969,80.61252303483059,80.21338148614214,80.54486825071245,48837100
2005-02-04,81.33638000488281,81.47167924240966,80.49074686700234,80.504274726221,50024600
2005-02-07,81.22811126708984,81.53253703767842,81.15369516115335,81.34988260759197,45412000
2005-02-08,81.32284545898438,81.62050996956233,81.22813496222501,81.29578457971957,39263500
2005-02-09,80.71400451660156,81.5122825478686,80.6734157703572,81.46492729013818,55279400
2005-02-10,81.0048828125,81.19430379721048,80.68016259909196,80.95076621782181,45858600
2005-02-11,81.7016830444336,81.88434267929674,80.81546123192886,80.97782133743578,53133000
2005-02-14,81.64080047607422,81.76257184633711,81.50550124748644,81.64756698590402,32432100
2005-02-15,81.94522857666016,82.148182586463,81.64080272329075,81.72198535947886,43852700
2005-02-16,81.9993667602539,82.16849341519082,81.63405256622987,81.80994573253831,55523000
2005-02-17,81.33638000488281,82.08053613395062,81.32961349460595,82.01288651518719,58124000
2005-02-18,81.444580078125,81.505468319325,81.113093489071,81.34310311701343,47723300
2005-02-22,80.23365020751953,81.49871891061149,80.22012235182176,81.11311050655321,80697600
2005-02-23,80.80868530273438,80.88986792669219,80.24718892802863,80.4569042549187,68292600
2005-02-24,81.3431625366211,81.39728431025986,80.49076782782438,80.66665585014574,68563600
2005-02-25,82.14815521240234,82.3105152693408,81.30252238890372,81.36340547475572,60899900
2005-02-28,81.60699462890625,82.0602580031198,81.20785818628356,81.95878097422614,69381300
2005-03-01,82.01287841796875,82.20906074461287,81.70844742158754,81.73550829868817,47294400
2005-03-02,81.97225952148438,82.48640570692133,81.62047854913256,81.69489464812999,64226500
2005-03-03,82.006103515625,82.46612805658646,81.6543173106541,82.3037679719336,61230800
2005-03-04,83.02764129638672,83.09529091108904,82.39172356324835,82.56761669054221,56168500
2005-03-07,83.0682373046875,83.37942968862764,82.80440017131794,82.98029331400939,43442400
2005-03-08,82.7570571899414,83.21031539279126,82.60822490570152,82.98706696643143,44362000
2005-03-09,81.83697509765625,82.72996328534056,81.83020858889081,82.51348145685145,73263600
2005-03-10,82.01960754394531,82.19550059533066,81.45134483208388,81.99254667747584,65149000
2005-03-11,81.444580078125,82.34433455260422,81.28898654424222,82.06696453632144,57976500
2005-03-14,81.95197296142578,81.96550597780428,81.37017712915369,81.59342544739766,36336400
2005-03-15,81.27549743652344,82.1684858863148,81.2349086946851,82.14142500464409,62438500
2005-03-16,80.58546447753906,81.28903192970857,80.43663220632342,80.97783436552922,74874200
2005-03-17,80.74783325195312,81.00490391799109,80.49076258591516,80.71400585529778,62584200
2005-03-18,80.50804901123047,81.18041948467231,80.24317563740165,80.89517203310386,60232000
2005-03-21,80.20922088623047,80.6710523458854,79.97830774720656,80.62351110069771,61244300
2005-03-22,79.39421844482422,80.77291959471722,79.39421844482422,80.39258967243131,92472400
2005-03-23,79.46217346191406,79.95117228150637,79.29238249297835,79.42821319548325,70817300
2005-03-24,79.55725860595703,80.13454688299878,79.50292425052481,79.7745908460766,51932500
2005-03-28,79.67271423339844,80.10059080008999,79.67271423339844,79.74742267578556,46765500
2005-03-29,79.14297485351562,80.07343133732066,78.95280977515776,79.55726528062803,71160300
2005-03-30,80.2635498046875,80.27713079599349,79.30592669700206,79.31271978345845,62002100
2005-03-31,80.11416625976562,80.45374818110149,80.05304400109743,80.27037622348804,64575400
2005-04-01,79.75418090820312,80.81367445483609,79.40101811986113,80.56917514690433,95255300
2005-04-04,79.89005279541016,80.04626278229777,79.28559730032316,79.70668081060352,71581200
2005-04-05,80.2703628540039,80.39940043912553,79.91719481293575,79.99190323771523,46853900
2005-04-06,80.5488052368164,80.78651147027234,80.26355775666929,80.44692965630465,53268200
2005-04-07,80.98345947265625,80.99704564522538,80.35863025624833,80.41975766959618,46734600
2005-04-08,80.14131927490234,80.96310675753847,80.14131927490234,80.93593958683877,63772900
2005-04-11,80.20245361328125,80.42657891913468,80.0258747495259,80.33828948725701,44945000
2005-04-12,80.61674499511719,80.86124438980086,79.5097098114614,80.06662394788336,86144800
2005-04-13,79.66592407226562,80.68466987788739,79.55046227627223,80.52166681822935,65949000
2005-04-14,78.62677764892578,79.80173310562235,78.62677764892578,79.73381777334336,96119800
2005-04-15,77.52653503417969,78.9188174678836,77.4925747775691,78.60640279717529,128677300
2005-04-18,77.76422119140625,78.07663578138683,77.39747227753175,77.5061409253196,100035200
2005-04-19,78.38230895996094,78.46380531253548,77.98839265048595,78.1717646253881,64930100
2005-04-20,77.288818359375,78.53168378694879,77.11902746243578,78.36189289000957,107735900
2005-04-21,78.78976440429688,78.92559504082317,77.68272450834172,77.96118404930924,86952200
2005-04-22,78.49095153808594,79.12257400997927,77.60803662241292,78.6064081278193,88845800
2005-04-25,79.00711822509766,79.12257481600719,78.59282793385,78.68791044184704,52284100
2005-04-26,78.23966217041016,79.30594905395827,78.2057070917696,78.75582807286393,72626000
2005-04-27,78.5452880859375,78.83053561503496,77.7235005769044,78.00874810600187,84131900
2005-04-28,77.56048583984375,78.56565030986029,77.56048583984375,78.2871907294828,72481500
2005-04-29,78.6131591796875,78.69466064853461,77.40424922395087,78.15132788609769,103993800
2005-05-02,79.05462646484375,79.06141955018039,78.45695931376116,78.83050128318779,56026400
2005-05-03,79.19046020507812,79.36025107394904,78.57242413682313,78.83050439212874,86000300
2005-05-04,79.80172729492188,79.97151820406002,78.97314682927063,79.2244392401737,81055700
2005-05-05,79.7745590209961,80.14130800143961,79.28556038040472,79.9171827609007,96906700
2005-05-06,79.52324676513672,80.1344949133127,79.50287269046518,80.09374676396962,67415400
2005-05-09,80.01903533935547,80.19561928249944,79.49608177669795,79.60474523136716,43750500
2005-05-10,79.19046020507812,79.80170836933468,79.04783649701928,79.70662589729545,74613500
2005-05-11,79.6251449584961,79.73381362978141,78.68110789853654,79.4146058848901,91647400
2005-05-12,78.74905395507812,79.86288236233,78.74905395507812,79.67951038499379,95086800
2005-05-13,78.59281921386719,79.20406754146356,77.96798989303866,78.98673537849679,85267000
2005-05-16,79.32630157470703,79.3534635558187,78.55205557286267,78.57921755397433,49207000
2005-05-17,79.8560791015625,79.93757543955113,78.89166777023506,79.06145871652265,61071800
2005-05-18,80.67784881591797,80.87480689184248,80.14810200972455,80.20243116249792,77944900
2005-05-19,81.01747131347656,81.09897285597074,80.61676187322588,80.83409413826712,61768100
2005-05-20,80.90198516845703,81.08535709516326,80.64389963551223,81.05139683611009,46345500
2005-05-23,81.3502197265625,81.52680372328383,80.94951566733383,80.96309666018593,51047900
2005-05-24,81.16004943847656,81.3841746679593,80.95629828774554,81.11930128097316,50654100
2005-05-25,81.09889221191406,81.41130670839786,80.70497625398043,81.05813889038676,47608800
2005-05-26,81.53357696533203,81.64224042652228,81.2415364648245,81.35699301159104,43256200
2005-05-27,81.66943359375,81.66943359375,81.3638120063749,81.54039083473896,24596100
2005-05-31,81.1465072631836,81.61512684345932,81.09217290611673,81.5540045779662,43377200
2005-06-01,81.83924102783203,82.12448859114792,81.12611693793356,81.17365819848621,69611000
2005-06-02,82.01581573486328,82.0701448967311,81.56756517359854,81.65585977714909,39704500
2005-06-03,81.60150909423828,82.10408871673708,81.31626162051792,81.87317557561312,60999400
2005-06-06,81.52679443359375,81.63545790885074,81.19400573976034,81.4656670187062,36046400
2005-06-07,81.58796691894531,82.34863244068421,81.50647055770861,81.76455100430809,66501300
2005-06-08,81.43853759765625,81.90036402915891,81.27553454718715,81.791700510455,46881200
2005-06-09,81.8256607055664,81.89357605240006,81.1193296989569,81.32307573945789,56653300
2005-06-10,81.63544464111328,81.94107130266576,81.22794760731588,81.8799438977129,36465300
2005-06-13,81.89356994628906,82.23315183674644,81.37061093328397,81.45890554103228,49383200
2005-06-14,82.08375549316406,82.31466874922106,81.75775451693157,81.80529578621446,33857100
2005-06-15,82.23994445800781,82.34182006730649,81.65586834002009,82.28749089974143,53195600
2005-06-16,82.45046997070312,82.6134677994597,82.12446913158244,82.21955163015774,46564500
2005-06-17,82.75595092773438,83.12418007277033,82.66048469041245,82.8786939760797,51529400
2005-06-20,82.78324890136719,83.08328349428531,82.46957329819034,82.56503955991717,41019400
2005-06-21,82.83101654052734,82.95375967138668,82.53097662008828,82.85147286191669,39879800
2005-06-22,82.89917755126953,83.15148423433574,82.55822510510941,82.97418750562647,46310100
2005-06-23,81.73312377929688,82.9196368783374,81.71266746418746,82.72870433395406,62185600
2005-06-24,81.13304901123047,81.83541024071795,81.03757753688656,81.74675927222466,58572500
2005-06-27,81.24897003173828,81.42626676278523,80.97620703070947,81.1262269414014,48183800
2005-06-28,81.93087768554688,81.99224663151627,81.39899267705869,81.41944899238182,41174200
2005-06-29,81.71261596679688,82.10130131648108,81.66488286078366,82.08084501426376,42316500
2005-06-30,81.26941680908203,82.04678788914751,81.11257641107683,81.978598447523,62288800
2005-07-01,81.50806427001953,81.69218144409867,81.28985498399521,81.45351064788352,49737500
2005-07-05,82.16268920898438,82.27179644938002,81.2762162921079,81.31712890599648,51549000
2005-07-06,81.4740219116211,82.27184961311885,81.42628876373293,82.09455283416726,52363600
2005-07-07,81.79447937011719,81.79447937011719,80.64206378609391,80.66252009786344,103268800
2005-07-08,82.72870635986328,82.72870635986328,81.63765950629623,81.80813573974488,64491200
2005-07-11,83.15145874023438,83.26056078424395,82.72185546017457,82.73549646725067,49688300
2005-07-12,83.36966705322266,83.62196845345385,82.94688428165823,83.18554987749306,51871100
2005-07-13,83.48560333251953,83.54697226617786,83.18556356124601,83.37649606932165,41182300
2005-07-14,83.81294250488281,84.17435130720442,83.52653846307065,83.8606756447645,63638800
2005-07-15,83.76519012451172,83.90157421740463,83.43787870661109,83.73109800317937,56075900
2005-07-18,83.43106842041016,83.62200097132548,83.22650005979597,83.53335520197817,56598400
2005-07-19,83.88794708251953,83.94932123510337,83.4719898373271,83.67655820672177,59165700
2005-07-20,84.17433166503906,84.3720846848379,83.39696059549652,83.59470841277451,69477000
2005-07-21,83.68335723876953,84.29025208985655,83.51288104009294,84.24933946698079,101110900
2005-07-22,84.2425308227539,84.2561666314587,83.62199487499649,83.79247109767428,52607100
2005-07-25,84.00387573242188,84.52211976882357,83.77202533506566,84.15389565967789,57301600
2005-07-26,84.10614013671875,84.23570372061455,83.84019766636918,84.0311353909339,42758800
2005-07-27,84.41297149658203,84.48116091643223,83.90836354666745,84.21521853725297,43181600
2005-07-28,84.94486999511719,84.99260311698528,84.31069840314392,84.52890770347236,47880700
2005-07-29,84.37889099121094,84.9857857930362,84.21523531047117,84.83577112049491,62358100
2005-08-01,84.3175277709961,84.58347022115022,84.18114369237819,84.4402708404919,40418200
2005-08-02,84.82212829589844,84.96532766379427,84.37888918430457,84.46754012813544,45147400
2005-08-03,85.04719543457031,85.06083124594184,84.63805346063205,84.72669924085322,36837200
2005-08-04,84.3652572631836,84.76757857210183,84.26297050925713,84.71303014552541,50855600
2005-08-05,83.7924575805664,84.54255700136235,83.64925820092007,84.18114309746949,53595500
2005-08-08,83.63563537597656,84.15388454646127,83.45151814319581,83.97658781925203,47616000
2005-08-09,84.14024353027344,84.27662242656689,83.78565527839763,83.91521366911998,47170000
2005-08-10,84.09931182861328,84.89713911628192,83.75153895866019,84.43344369051788,72863700
2005-08-11,84.4334487915039,84.57664816954288,83.88110759013637,84.05839908531573,58570200
2005-08-12,83.91521453857422,84.34481795114041,83.70382568637272,84.26298749100364,54776900
2005-08-15,84.4334487915039,84.46754611116485,83.75836452288573,84.02430696817534,36208500
2005-08-16,83.3355941772461,84.22888789898725,83.25376371931111,84.17433946288526,71942100
2005-08-17,83.32877349853516,83.78565371790384,83.21285091859262,83.32195819561241,62275100
2005-08-18,83.32195281982422,83.57425427724212,83.08328196737241,83.22648655985189,53388600
2005-08-19,83.51287841796875,83.75154404811826,83.32876121576732,83.62198047638543,39842100
2005-08-22,83.51287841796875,84.03112750237949,83.11055189641341,83.58788835923296,69912000
2005-08-23,83.35604858398438,83.60835525495365,82.61277478420214,83.53334530419309,55168600
2005-08-24,82.61278533935547,83.69019640382687,82.57186750483555,83.15149087159118,79104600
2005-08-25,82.91282653808594,82.9673801867474,82.65370451072738,82.74917079462382,35631100
2005-08-26,82.34683227539062,82.84461990932589,82.29227863803517,82.83780460654737,61956800
2005-08-29,82.98101806640625,83.04238701694109,82.08771901150745,82.10818053087448,56179200
2005-08-30,82.54457092285156,82.71504710798548,82.09451129688827,82.68094978995057,74160200
2005-08-31,83.58787536621094,83.64242898819965,82.33316807306909,82.64002829486583,102945200
2005-09-01,83.52654266357422,83.97660246439654,82.60597194669131,83.54699898133481,74578700
2005-09-02,83.37650299072266,83.79246536178407,83.21966779000704,83.77200904886647,47653400
2005-09-06,84.35161590576172,84.41981054311091,83.63561903627874,83.64243954051774,57251300
2005-09-07,84.49481964111328,84.64483431523523,84.1879593836576,84.3038819419647,41749700
2005-09-08,84.21520233154297,84.55615456770306,84.0856388169963,84.32430954432297,39068700
2005-09-09,84.9653091430664,85.06077536752058,84.41978860368813,84.44024490856846,43093900
2005-09-12,84.79483795166016,85.01304722066024,84.7402843337803,84.86302737275031,33017600
2005-09-13,84.32430267333984,84.84254628426208,84.22883126867751,84.6447933791005,58427500
2005-09-14,84.01748657226562,84.50163833745722,83.88792300041135,84.37889527004805,57694600
2005-09-15,83.97659301757812,84.31754548195926,83.80611678538756,84.27662764851874,73156900
2005-09-16,84.57373809814453,84.7380904582624,84.14231119358485,84.43677866882419,75424100
2005-09-19,84.29297637939453,84.6079925157175,83.98481500757312,84.55320664638585,53355300
2005-09-20,83.58079528808594,84.64909379963488,83.45752967331728,84.36832008973504,84480300
2005-09-21,82.80009460449219,83.45750931466536,82.71106626713474,83.40272344931734,94469100
2005-09-22,83.09453582763672,83.31367923352042,82.47821328492108,82.8274613325489,84597200
2005-09-23,83.16300964355469,83.47117087374151,82.79321303253109,83.02604503317613,59368100
2005-09-26,83.2589111328125,83.7108814421416,82.91650732511842,83.5602229308094,70415400
2005-09-27,83.23834228515625,83.53965399100893,82.8753899712744,83.2177936742579,66150800
2005-09-28,83.32051086425781,83.62867731337604,82.99865056668936,83.49856224210397,58620500
2005-09-29,83.99851989746094,84.13547935559555,82.9165224143248,83.23838288807642,66607700
2005-09-30,84.25875854492188,84.25875854492188,83.36850624948403,83.9711405016583,47824200
2005-10-03,83.9574203491211,84.46417656836414,83.85469815240032,84.20395153138375,50994800
2005-10-04,83.0123519897461,84.25185168386838,82.97126521856678,84.08749937448546,60776300
2005-10-05,81.92352294921875,83.0739998088329,81.882436169304,83.03291302891816,106052100
2005-10-06,81.62905883789062,82.35495840227011,80.92370788897502,82.02624847551961,140941800
2005-10-07,81.90983581542969,82.21115282529563,81.58112587515164,81.97146599035649,75661400
2005-10-10,81.21821594238281,81.97835312979923,81.01277670706492,81.95780972873442,52677000
2005-10-11,81.10176849365234,81.75918319687275,81.02643923576241,81.48525909769734,75629800
2005-10-12,80.46490478515625,81.58113945576342,80.40327459997002,81.07438322044909,100510400
2005-10-13,80.41694641113281,80.86207233924246,80.0403001893477,80.4374898005635,99052900
2005-10-14,81.2661361694336,81.36200883850206,80.50599913277027,80.88949503371278,88651000
2005-10-17,81.5674057006836,81.67697216230795,81.115430331736,81.35511708932881,68109300
2005-10-18,80.68400573730469,81.46468573673741,80.67031188848381,81.45099188791653,74996900
2005-10-19,82.02621459960938,82.03991367092773,80.20462996413441,80.46485484786943,116563800
2005-10-20,80.5812759399414,82.04676318403043,80.3279005758005,81.82762505102642,131966700
2005-10-21,80.89628601074219,81.34141180916336,80.47170882043152,81.00585768867086,96579500
2005-10-24,82.14952850341797,82.2385516207615,81.0880797363174,81.10862313072991,71308400
2005-10-25,81.98516082763672,82.3412584552423,81.45101177389483,81.98516082763672,76594500
2005-10-26,81.74549102783203,82.54671472408296,81.6222254418959,81.84136368081927,80855800
2005-10-27,80.87577056884766,81.7454790827179,80.75935453932706,81.62905782853035,66623100
2005-10-28,82.0399169921875,82.14263390790909,80.87574144224699,81.10172910616465,72322000
2005-10-31,82.26591491699219,83.06714358309769,82.26591491699219,82.37548661394086,77698900
2005-11-01,82.51245880126953,82.79323239972555,82.32756306483931,82.5740941965242,66365100
2005-11-02,83.37532043457031,83.37532043457031,82.26593030642937,82.29332323579091,74012300
2005-11-03,83.73139953613281,83.99847923213308,83.37530198257562,83.64922599090126,84897600
2005-11-04,83.6218490600586,83.86153065393228,83.2383585098607,83.82044387345876,59156000
2005-11-07,83.70402526855469,83.97109978274352,83.44379506778944,83.79989790315238,46765400
2005-11-08,83.70402526855469,83.83413514427058,83.40270828858093,83.49858092317862,42152800
2005-11-09,83.81361389160156,84.1971045312803,83.45066664695304,83.601325176732,57666800
2005-11-10,84.46414184570312,84.58740738616079,83.37530059221523,83.7793344486418,79048100
2005-11-11,84.75180053710938,84.80658118114786,83.841005062369,84.47102687848962,34867000
2005-11-14,84.703857421875,84.92983996901505,84.49156350381287,84.77233713993766,45092200
2005-11-15,84.39566040039062,84.97774563088595,84.13543547578462,84.60795424184897,69592500
2005-11-16,84.56685638427734,84.60794837717312,84.21760840498801,84.48468284781649,51133000
2005-11-17,85.35443115234375,85.36128069223817,84.3272196042414,84.69701638851843,55717500
2005-11-18,85.68998718261719,85.79270938442387,85.14214414742851,85.64205085172982,72437200
2005-11-21,86.12140655517578,86.22412874167924,85.58725745495869,85.7036734948178,50021200
2005-11-22,86.49121856689453,86.64187187908321,85.88858441946637,85.98445708389023,66438800
2005-11-23,86.99111938476562,87.25134964883867,86.42957729208356,86.45697022644221,50854700
2005-11-25,87.05955505371094,87.12119043099561,86.8404169144,86.95683813267874,15270000
2005-11-28,86.44324493408203,87.1554400697248,86.31312984936551,87.14174621985964,54498500
2005-11-29,86.34740447998047,86.95688816857846,86.34740447998047,86.73090036294118,51738900
2005-11-30,85.88172912597656,86.64186080398152,85.79955032783141,86.39533485888145,56007200
2005-12-01,86.75826263427734,86.9910946731831,86.27204994303311,86.29943764494371,65468200
2005-12-02,86.86782836914062,87.0253363894384,86.62814679448444,86.81304251645736,46699400
2005-12-05,86.68294525146484,86.78566743401586,86.40902117288455,86.76511881777186,59273400
2005-12-06,86.84730529785156,87.47732707709874,86.71719017345593,87.00481335499721,57935200
2005-12-07,86.34053039550781,86.88152894459546,86.06660635202886,86.81304401522578,66816500
2005-12-08,86.2857437133789,86.847285646019,85.92964611754205,86.43640219707908,62608600
2005-12-09,86.51175689697266,86.81991826819443,86.16250351149806,86.39534084337048,50744500
2005-12-12,86.59394073486328,86.87471442940365,86.2583863892761,86.77199221860428,48389900
2005-12-13,87.1828384399414,87.44991293865661,86.48433711053235,86.57336020188194,88630900
2005-12-14,87.52525329589844,87.71699857833822,87.06643348082221,87.10067594897235,64375000
2005-12-15,87.27188873291016,87.65537934565371,87.09383728070733,87.54580761363113,55900300
2005-12-16,86.9909896850586,87.67942739687301,86.9909896850586,87.62435111936075,46238300
2005-12-19,86.54348754882812,87.34207766273703,86.5297211082678,87.24569682172897,48733000
2005-12-20,86.62611389160156,87.1493227428146,86.38516175586362,86.64676618147014,46603200
2005-12-21,86.76377868652344,87.26634038068264,86.6054410002874,86.89458349439255,51806900
2005-12-22,87.21819305419922,87.21819305419922,86.79824554475444,86.95658330921553,32247900
2005-12-23,87.26634216308594,87.33518486513212,87.03227067329513,87.28010860255058,27977300
2005-12-27,86.37825775146484,87.46599030970849,86.31629564252108,87.40402820076473,44499500
2005-12-28,86.57102966308594,86.7362532192169,86.39892026017722,86.56414381630819,30764300
2005-12-29,86.18550109863281,86.71559571667552,86.09600085299053,86.55037217048013,32788900
2005-12-30,85.71737670898438,86.09601428024833,85.61411000687143,85.91702426577271,44645600
2006-01-03,87.22506713867188,87.43160057956905,85.63477750179985,86.18552984261657,73256700
2006-01-04,87.63809967041016,87.76889922950501,87.22503295051874,87.33518547645285,51899600
2006-01-05,87.69322967529297,87.83780102356852,87.34901067872308,87.53489187819525,47307500
2006-01-06,88.42294311523438,88.519323976584,87.67942911136893,88.13380053118549,62885900
2006-01-09,88.6501235961914,88.84976590266633,88.3816333193594,88.40916620466697,43527400
2006-01-10,88.73961639404297,88.7946926712716,88.29901668093954,88.38851694452681,44960800
2006-01-11,89.02184295654297,89.11134318452089,88.62254798404665,88.82220072265561,49598900
2006-01-12,88.67080688476562,89.00125414760478,88.42296881145398,88.86356866348255,40509200
2006-01-13,88.58816528320312,88.73962242970188,88.25771810208151,88.51244721468024,44856700
2006-01-17,88.34721374511719,88.40917061869666,87.98922318989253,88.25771348012954,52066600
2006-01-18,87.9961166381836,88.73962544717084,87.54175043560046,87.83089304200459,75067600
2006-01-19,88.33343505859375,88.65012100636916,87.98921622631508,88.20952132124148,81530400
2006-01-20,86.72249603271484,88.33343769472013,86.72249603271484,88.3127854045451,114957800
2006-01-23,87.03227996826172,87.30765605821784,86.83263243435258,86.88770870281621,67017400
2006-01-24,87.12176513671875,87.53482657397046,87.03226490286744,87.17683614328747,53008800
2006-01-25,87.1975326538086,87.55551799213698,86.6330086259973,87.45913712211151,87747700
2006-01-26,87.67940521240234,87.8928191683111,87.26634374029828,87.60367666307441,71294000
2006-01-27,88.49177551269531,88.57439517820652,87.7413809562901,87.88595749239063,65771200
2006-01-30,88.42294311523438,88.67766171207425,88.36098624109377,88.42294311523438,33709600
2006-01-31,87.77580261230469,88.491773164475,87.76891676496768,88.34032654196169,72937000
2006-02-01,88.38851165771484,88.41604454231945,87.92725968133043,87.99610239756709,63561000
2006-02-02,87.36276245117188,88.21642389727018,87.29391971803496,88.1888910059065,83626900
2006-02-03,86.92903900146484,88.38852903346178,86.83954397800018,87.14245829182458,86040400
2006-02-06,87.15624237060547,87.2939331103672,86.86021384557357,87.04609503116075,45511900
2006-02-07,86.38519287109375,87.19754983015918,86.33011657669773,87.00478279977312,71208100
2006-02-08,87.16996765136719,88.18885757357025,86.46775838343162,86.63986777720929,59422200
2006-02-09,87.02542114257812,87.84465851836062,86.9978830014579,87.37652062404347,62023300
2006-02-10,87.18375396728516,87.52108698533056,86.36451138538324,87.03918267383712,64508700
2006-02-13,87.02542114257812,87.28702560467525,86.70873514587717,87.156220747445,52308700
2006-02-14,87.94789123535156,88.14065289631151,86.88769684771054,87.05980622390497,90964400
2006-02-15,88.25772094726562,88.34034062375432,87.59682131135358,87.89973561411621,85471300
2006-02-16,88.91862487792969,88.95304886736868,88.24394830005092,88.35410086436501,61017900
2006-02-17,88.67766571044922,88.9186231270508,88.5193279678197,88.84289455366685,40342600
2006-02-21,88.45738983154297,89.08386033892396,88.31969384732595,88.88421796937526,46456300
2006-02-22,88.99434661865234,89.2559458079009,88.56750809089519,88.65012776014949,42326700
2006-02-23,88.863525390625,89.24904876032494,88.31277321760051,88.99433021349977,43423200
2006-02-24,89.09068298339844,89.13886813706577,88.64319238800385,88.88414967050252,36777400
2006-02-27,89.1251220703125,89.52440657032464,89.00119785966679,89.08380699694897,35858600
2006-02-28,88.2783432006836,89.43492373542051,88.20950574921513,88.94612845779503,74394800
2006-03-01,89.06317138671875,89.14579104419113,88.46423401984717,88.53308198362008,48641600
2006-03-02,89.0562973022461,89.09760188163945,88.53996905037889,88.73961135235513,60642300
2006-03-03,88.64322662353516,89.5450887546712,88.56749806304968,88.58126975715378,73402500
2006-03-06,88.237060546875,88.9323788563457,88.01676068847938,88.90484596986381,57478400
2006-03-07,88.09939575195312,88.16135263960196,87.70698637308466,88.02366716547287,61780800
2006-03-08,88.28523254394531,88.42291794886822,87.5554851912417,87.91347039545815,66692400
2006-03-09,87.69322967529297,88.58819591495563,87.69322967529297,88.31282491959178,56313600
2006-03-10,88.52620697021484,88.69831640619616,87.73450776659132,87.92038364641135,60490800
2006-03-13,88.69142150878906,88.91860718821741,88.48488811797014,88.69830210341733,45479100
2006-03-14,89.62079620361328,89.65522018243702,88.53995470066748,88.60880265831496,69877300
2006-03-15,90.02012634277344,90.08897432726197,89.39365590472926,89.60017884873966,53398900
2006-03-16,90.20597076416016,90.50888496499523,90.0751659497338,90.19219907192495,65526400
2006-03-17,90.28132629394531,90.47485455991202,90.11545094968787,90.32279513000968,47286800
2006-03-20,90.13621520996094,90.47488451427932,89.99798219514713,90.29518264967167,45538500
2006-03-21,89.56940460205078,90.53705635001674,89.47264048190401,90.10852049236831,87102700
2006-03-22,90.1154556274414,90.20530126141144,89.47265699557859,89.51412583379553,51605700
2006-03-23,89.92882537841797,90.12235363305972,89.6177985796365,90.03249746251215,46704200
2006-03-24,89.99793243408203,90.24675594177023,89.67307922830864,89.84587303791163,43209200
2006-03-27,89.86662292480469,90.04632472099432,89.67309466844692,89.87353088163925,32523000
2006-03-28,89.31365966796875,90.2190974872602,89.19616115023211,89.80438815107493,82079900
2006-03-29,89.87349700927734,90.19835014855111,89.36202364081555,89.44497182406302,61505700
2006-03-30,89.71456909179688,90.5301510020452,89.5417752416765,89.9288317785062,70571700
2006-03-31,89.73530578613281,90.01869023867788,89.41736045338713,89.86663080299516,62925600
2006-04-03,89.66618347167969,90.45412302148515,89.5003081221416,89.90119112769172,61624700
2006-04-04,90.23982238769531,90.35732089304703,89.410414349245,89.66614576992254,54809300
2006-04-05,90.55086517333984,90.73748544276181,90.1154319400183,90.27439929356434,50607200
2006-04-06,90.45414733886719,90.68915505805788,89.98415299349115,90.440331420358,57906200
2006-04-07,89.53488159179688,90.82046861541706,89.40356708831365,90.58547144518066,80180900
2006-04-10,89.67308807373047,89.90808514681152,89.34131633308854,89.67308807373047,41496500
2006-04-11,88.91278839111328,89.89425603189565,88.6432304513667,89.74911512783866,72799400
2006-04-12,89.07868194580078,89.25147578225896,88.89206164940629,89.00265223589923,43033700
2006-04-13,88.9611587524414,89.33438869531373,88.68468236281757,88.87821056230631,51051800
2006-04-17,88.92658233642578,89.3758418895787,88.48423073686963,89.0440808265351,64167700
2006-04-18,90.33661651611328,90.50250239755142,89.11323318844185,89.11323318844185,92531800
2006-04-19,90.50946044921875,90.59240870909721,90.01873158308463,90.37122741142764,87269000
2006-04-20,90.63384246826172,91.13839760673982,90.26752031404467,90.54398628256675,86005500
2006-04-21,90.64762878417969,91.08998051727045,90.28130674958095,91.02086932095774,72342600
2006-04-24,90.48180389404297,90.59239452556321,90.1154816553224,90.46797742847717,52546400
2006-04-25,90.1085205078125,90.6269019829373,89.79749373203725,90.57160669334421,84359800
2006-04-26,90.12928009033203,90.64075375201574,90.060168868916,90.19840185824913,67262400
2006-04-27,90.56468200683594,90.97939132892469,89.56938807101984,89.78365068705044,124478600
2006-04-28,90.86885070800781,91.0623790189389,90.34356108498082,90.39884584824517,55854400
2006-05-01,90.12928009033203,91.096932108666,90.07399533179964,90.86884293034086,64990300
2006-05-02,90.8066177368164,90.86191302849575,90.36426594988019,90.55087569448715,49063500
2006-05-03,90.46793365478516,90.76514451487485,90.16381483850657,90.64763543417794,60821300
2006-05-04,90.79280090332031,90.97250271045667,90.52324291936597,90.59927263517359,42921400
2006-05-05,91.59456634521484,91.78809461219375,91.1314800959082,91.26971306567891,62588200
2006-05-08,91.48399353027344,91.76737802860254,91.48399353027344,91.58766564112476,30016700
2006-05-09,91.66361999511719,91.76730256721066,91.44935744454747,91.52538711215217,29864000
2006-05-10,91.61530303955078,91.7535360127559,91.15912473612401,91.5185389036572,64378200
2006-05-11,90.50946044921875,91.61534584455704,90.21225994529311,91.58769290909598,80626900
2006-05-12,89.32752990722656,90.35046674562916,89.29296902118895,90.10164313126079,91726500
2006-05-15,89.5072021484375,89.67308801865659,88.8920565478101,89.01646304060075,84029300
2006-05-16,89.37586212158203,89.85277469006874,89.16850745530566,89.68688884774836,62137600
2006-05-17,87.67559814453125,89.23074806262265,87.62030284713471,88.93353715742869,144789500
2006-05-18,87.23323822021484,88.29764886674081,87.16412174150523,88.02117767865302,87906300
2006-05-19,87.84840393066406,88.1179619505371,86.94987895550416,87.68943652061101,124309400
2006-05-22,87.17794799804688,87.89677101958077,86.74250941092761,87.28162535876564,110852800
2006-05-23,86.51439666748047,88.21468699031367,86.51439666748047,87.90366026626727,92006500
2006-05-24,87.20561218261719,87.70325938983655,86.23105746285479,86.86693766174592,168405000
2006-05-25,88.28382873535156,88.28382873535156,87.38529868164049,87.72397312263955,78977900
2006-05-26,88.73309326171875,88.73309326171875,88.13176881932694,88.47735121505578,62989700
2006-05-30,87.15723419189453,88.47046876730946,87.12267857898281,88.44973434491226,72419900
2006-05-31,88.13177490234375,88.13177490234375,87.22633156131599,87.51662923096404,86926200
2006-06-01,88.9749984741211,89.12014993583198,87.96588311154376,88.04191282072591,73721700
2006-06-02,89.16162872314453,89.45882908990174,88.69163450227272,89.33442257725916,91702600
2006-06-05,87.86219787597656,89.06484130979607,87.62028232484025,89.05793335417682,86105100
2006-06-06,87.64794921875,88.04191897877284,86.92221822568146,87.92442042845457,130498600
2006-06-07,86.9913558959961,88.22856077396898,86.94297381800837,87.71709233906292,108599400
2006-06-08,86.915283203125,87.43366461387923,85.61587569853717,86.797784682267,204957200
2006-06-09,86.63882446289062,87.75161713910428,86.59735563153455,87.3369130057962,94972200
2006-06-12,85.69881439208984,87.03969601166163,85.58131586980221,87.00513514122483,95815900
2006-06-13,84.70358276367188,86.28637045041131,84.70358276367188,85.52607824745415,185688800
2006-06-14,85.36016082763672,85.450011730138,84.55839484254925,84.90398253820769,163566400
2006-06-15,87.17105102539062,87.33693165949333,85.60899300727678,85.67119626759644,134057000
2006-06-16,86.53583526611328,87.16758228429106,86.40392977258405,86.98014237461767,94253500
2006-06-19,85.85546875,87.11202932374867,85.77216449523831,87.05648962286926,95804400
2006-06-20,86.14706420898438,86.64691103967945,85.89020230183618,86.09152979178607,65494700
2006-06-21,86.78572845458984,87.26474374430298,86.05678454474942,86.08455439143023,75008200
2006-06-22,86.40387725830078,86.82041425729226,86.11230188866229,86.74404852287903,74566100
2006-06-23,86.39006042480469,86.98709918433559,86.10542332701374,86.3136946325466,54107000
2006-06-26,86.7718505859375,86.82044649892381,86.2581216062882,86.45944904481932,37899600
2006-06-27,86.02208709716797,86.98012309441549,85.92488997320395,86.78573943960214,69780200
2006-06-28,86.6052474975586,86.61912977589034,85.84159507192176,86.2164801455743,62368100
2006-06-29,88.35468292236328,88.41022261437624,86.89680043464088,86.91762649500659,110634800
2006-06-30,88.36162567138672,88.62543655707506,88.13947220249766,88.54212702003298,54227800
2006-07-03,88.72264099121094,88.86842343280112,88.38246430564303,88.46577385453752,23914000
2006-07-05,88.21587371826172,88.47967941434509,87.83404480604757,88.36860528314737,69653400
2006-07-06,88.47272491455078,88.75735662769843,88.22280154387799,88.3061058030638,50100300
2006-07-07,87.89649963378906,88.55601630712239,87.67434614730823,88.29915448320959,81626500
2006-07-10,88.06310272216797,88.46575752265372,87.75764502572729,88.12558619644292,60964100
2006-07-11,88.45191192626953,88.45191192626953,87.43139222791079,87.89652539898798,73640800
2006-07-12,87.50772857666016,88.44493839175064,87.2786313139661,88.27138082241697,82561300
2006-07-13,86.08455657958984,87.25086368704656,86.08455657958984,87.09118838871233,102405700
2006-07-14,85.7513198852539,86.26505409417334,85.2723046047163,86.17480077005033,103242500
2006-07-17,85.6263656616211,86.15398219115468,85.49446550165547,85.75132733186439,81159000
2006-07-18,86.06370544433594,86.11924512292833,84.96682062663463,85.88320413718824,122771000
2006-07-19,87.2578125,87.65352357908296,85.89017789261729,86.2095232111266,133565300
2006-07-20,86.6607666015625,87.68128595446436,86.54274872584699,87.5563242929548,112259800
2006-07-21,86.04989624023438,86.91074615270871,85.95964815275114,86.88297628812307,101560000
2006-07-24,87.6187973022461,87.69516305180186,86.39001211708265,86.39001211708265,92884000
2006-07-25,87.93122863769531,88.37553568831952,87.27865033984696,87.45915173433737,95480700
2006-07-26,88.0492172241211,88.47963655679487,87.59796653641426,87.88259816319311,84525800
2006-07-27,87.9659423828125,88.64629057517192,87.61188335941331,88.43107552740942,87257100
2006-07-28,88.84759521484375,88.95866930749698,88.0700553800439,88.1950170446268,82137000
2006-07-31,88.75732421875,88.83368995949117,88.47963109755989,88.6254240910154,49593100
2006-08-01,88.32001495361328,88.43108909184866,87.8895900886236,88.40331923315007,65225600
2006-08-02,88.91702270507812,89.1808336225518,88.54908147445131,88.56990753708195,64770900
2006-08-03,89.15303802490234,89.24329133767344,88.27136803093579,88.40326816285707,63693800
2006-08-04,89.0003433227539,89.85424382698474,88.50050183802658,89.61126952057302,96294200
2006-08-07,88.79206848144531,88.91703016426918,88.44495328432986,88.79206848144531,45377300
2006-08-08,88.45191192626953,89.18085608125676,88.13256123031964,88.92398358893286,90901300
2006-08-09,88.15337371826172,89.27802881173048,87.89650657749984,88.98644273768006,78910600
2006-08-10,88.42411804199219,88.5143660771142,87.66740423661348,87.87567545188831,69322300
2006-08-11,88.17422485351562,88.30612505817317,87.74379999982352,88.28529898883559,47482200
2006-08-14,88.24363708496094,88.97258121046252,88.11173159834146,88.60463460550075,57839000
2006-08-15,89.29885864257812,89.46546715693351,88.79206812633107,89.03504770402861,68143000
2006-08-16,90.0416488647461,90.17355428891794,89.58345442071064,89.77784860951387,71737600
2006-08-17,90.27073669433594,90.50677237981539,89.89585711111036,89.95833527612956,70992800
2006-08-18,90.72897338867188,90.72897338867188,89.96531570538434,90.38185818592578,58288400
2006-08-21,90.34021759033203,90.44434792720416,90.11112025609665,90.37492064054496,42133600
2006-08-22,90.33323669433594,90.6109351500627,90.02777368959298,90.24299396519856,60839900
2006-08-23,90.08334350585938,90.55542574190926,89.6876376396495,90.37491903704468,66592100
2006-08-24,90.00697326660156,90.31938544241892,89.83341565475457,90.2430196694816,57983000
2006-08-25,90.11803436279297,90.42349739245263,89.93753829668218,90.0000164818997,41756000
2006-08-28,90.54845428466797,90.81921427506512,90.00001700051965,90.00695549010142,52681500
2006-08-29,90.65264129638672,90.82619896223373,90.11808071950452,90.5901630790304,61817800
2006-08-30,90.70812225341797,90.97192253127564,90.63175650619571,90.8539046661344,50052200
2006-08-31,90.69424438476562,90.93722922276862,90.65259226239105,90.84003740619012,37510300
2006-09-01,91.23572540283203,91.3468047696183,90.83307064306543,91.0413418075118,48794500
2006-09-05,91.40933227539062,91.53429927874876,91.08304308004966,91.29825284865387,52348300
2006-09-06,90.60399627685547,91.05525234583976,90.47903990253357,91.02053871082342,53795600
2006-09-07,90.18745422363281,90.64564873049112,89.79868697894564,90.29158452377655,86269400
2006-09-08,90.4443359375,90.56930291829705,90.13193437518026,90.30549197570403,45096300
2006-09-11,90.53459167480469,90.72897534508482,89.88895187535488,90.15276282492744,68496600
2006-09-12,91.42322540283203,91.52735575102183,90.50683596629044,90.63874146940941,69875600
2006-09-13,91.79115295410156,91.95082299502138,91.30519374709588,91.38849801312078,62898400
2006-09-14,91.798095703125,91.80504478769356,91.46486803045296,91.61066109587513,57805400
2006-09-15,92.01355743408203,92.3133843040141,91.81830821867666,92.25760033385605,76703100
2006-09-18,92.1390609741211,92.31338188641054,91.79738815574031,91.89500744103422,64154100
2006-09-19,91.90896606445312,92.13210196344988,91.39298291750734,92.12512231679044,92089100
2006-09-20,92.39704895019531,92.57834950138312,92.08327344813667,92.21575903871123,75204100
2006-09-21,91.9508056640625,92.56441877514975,91.63703010124043,92.46679947472275,88932500
2006-09-22,91.671875,91.81829859657907,91.34415085948056,91.81132959092878,65966800
2006-09-25,92.37616729736328,92.63416957314283,91.37905643600993,91.85320437686688,92299100
2006-09-26,93.14311218261719,93.15706082888474,92.32031228802616,92.39004487966426,73962700
2006-09-27,93.25471496582031,93.41508721895372,92.92699081395838,93.0803940612003,82432200
2006-09-28,93.21988677978516,93.42907407881832,92.93399782576346,93.2547531029087,58597500
2006-09-29,93.14311218261719,93.39413461693482,93.07337959097909,93.29651537246129,47966600
2006-10-02,92.79450988769531,93.31747262783807,92.70385960803189,93.11525441008186,51687400
2006-10-03,92.9897232055664,93.34533394199401,92.49464726454636,92.66199912623651,73108100
2006-10-04,94.07746887207031,94.13325281717037,92.7944700538679,92.89905830111825,80890500
2006-10-05,94.2587890625,94.41917194618871,93.95896223071362,94.07749916232939,60505900
2006-10-06,94.14024353027344,94.2030071327973,93.71490016053347,94.09840822172558,64983600
2006-10-09,94.19607543945312,94.34250973361615,93.88229982591234,94.02873412007537,41176800
2006-10-10,94.3215560913086,94.44706203296975,94.02171860894563,94.20301915539412,56403700
2006-10-11,94.20996856689453,94.43309374111999,93.6451706674818,94.02169905385655,104071800
2006-10-12,95.02579498291016,95.10249659386474,94.41218209527338,94.44704839838036,59158600
2006-10-13,95.26985931396484,95.32564327734812,94.85845391397606,94.94213517890253,53944000
2006-10-16,95.4162826538086,95.56271688726231,95.12342482660424,95.19315744057326,42273000
2006-10-17,95.1164321899414,95.31863969668933,94.60043863799434,95.15826749204784,90500600
2006-10-18,95.24195098876953,95.7858312691769,94.90028888218396,95.55572643674272,86848600
2006-10-19,95.39537048339844,95.44418544392454,94.9909447064678,95.10251263935288,64063200
2006-10-20,95.4162826538086,95.49298427329329,95.06067185785395,95.4162826538086,48094500
2006-10-23,95.85558319091797,96.08568806972009,95.1025155802121,95.22105252267913,66219900
2006-10-24,96.14148712158203,96.17634279741426,95.68127729177519,95.72311261453841,53234900
2006-10-25,96.46916198730469,96.51099728866704,95.88343584913109,96.04381869062041,78105400
2006-10-26,96.7690200805664,96.92242332837755,96.21119105577169,96.68534945074349,66843700
2006-10-27,96.16234588623047,96.74806132559274,95.96710740644305,96.65044208569904,80238000
2006-10-30,96.0926513671875,96.36459154603389,95.80676253720189,95.98806308290173,49717800
2006-10-31,96.0787353515625,96.40645960658205,95.70220676053312,96.2739846147228,71274100
2006-11-01,95.43022155761719,96.44128051868339,95.33260229185291,96.37852755634249,83005600
2006-11-02,95.37445831298828,95.53483057592224,95.08160045209415,95.18618874537624,60693100
2006-11-03,95.20711517333984,95.79981059574158,94.56561542281266,95.7161399534092,71346400
2006-11-06,96.28089904785156,96.42035360845581,95.49296535287111,95.49994499670696,63303300
2006-11-07,96.65049743652344,96.90848900977062,96.22515393917512,96.36460855607343,63318900
2006-11-08,96.85968017578125,96.95729946703933,95.43024647973421,96.22514946275136,87517800
2006-11-09,96.35065460205078,97.02005162192542,96.15541602119248,96.92940133806096,95916300
2006-11-10,96.3924789428711,96.46220091199574,96.02988852843514,96.32274633404415,48991500
2006-11-13,96.62960052490234,96.95034514867032,96.27398957949674,96.35068059150893,59398200
2006-11-14,97.35469055175781,97.43837178241816,96.3087656059428,96.90146066445081,96704000
2006-11-15,97.6336669921875,97.9334938771704,97.29199414770714,97.31989145403877,76509600
2006-11-16,97.88469696044922,98.09387357524628,97.26411484390458,97.92653228340863,76728800
2006-11-17,97.91256713867188,97.91953614475614,97.43143972625907,97.57089432587195,56353800
2006-11-20,97.9683609008789,98.1357128209678,97.57788372704314,97.82890628732399,69174200
2006-11-21,98.06595611572266,98.08687377063464,97.82190262214647,97.9613678411628,51367900
2006-11-22,98.26121520996094,98.42856712396745,97.96835734022801,98.14267826076222,45505300
2006-11-24,97.8637466430664,98.20540875969705,97.75914773086548,97.78704502999993,30998000
2006-11-27,96.51800537109375,97.86376840143096,96.49011870546136,97.81495343694358,84545100
2006-11-28,96.93634796142578,97.03396721859937,96.30181746994685,96.39246772292987,106652900
2006-11-29,97.94743347167969,97.98926878760305,96.97820964054043,97.25014983374629,90034900
2006-11-30,97.9892578125,98.35184824273121,97.45234649230993,97.92650484564348,83994300
2006-12-01,97.77310943603516,98.07991592926876,96.90150491648679,97.98926565453058,126080000
2006-12-04,98.51922607421875,98.70052667651433,97.78010692866305,97.79405558415657,87813200
2006-12-05,98.94454193115234,98.98638788591872,98.49828083764464,98.70746805266157,73374400
2006-12-06,98.86090087890625,99.06311914848168,98.66566225706528,98.92365387027507,53253200
2006-12-07,98.4285659790039,99.22346894180508,98.39369966736172,99.03519937070087,62857400
2006-12-08,98.6098403930664,98.94453352483576,98.163579337473,98.40763284087527,79625500
2006-12-11,98.89573669433594,99.07702660449647,98.55406389164885,98.60984785778369,39779400
2006-12-12,98.81902313232422,98.92361140637676,98.24027652326137,98.79810547751372,77451600
2006-12-13,98.92362213134766,99.25134627851283,98.70746591506924,99.17464465599112,55520200
2006-12-14,99.79520416259766,99.87888541176486,98.90268219595549,98.91663084410021,64755200
2006-12-15,99.8043212890625,100.18996610218514,99.73421085875614,100.01467397794596,70857400
2006-12-18,99.53087615966797,100.1829684918501,99.39064458576337,99.94456304733067,48954600
2006-12-19,99.72021484375,99.95860963751693,98.99801192799491,99.25043309168503,65023600
2006-12-20,99.66412353515625,100.0287342729633,99.57296817595802,99.76228673006747,41469600
2006-12-21,99.29950714111328,99.86745207210491,99.08916509184618,99.75527321215752,48698400
2006-12-22,98.68948364257812,99.32053112339884,98.63338886888543,99.3135232888063,62069100
2006-12-26,99.27144622802734,99.29248042895517,98.71050923899128,98.73154343991911,32696900
2006-12-27,99.92353057861328,99.98664388210037,99.44674107927469,99.47478311494847,39727100
2006-12-28,99.71318817138672,100.05675392721066,99.558930228329,99.85341974717099,37288800
2006-12-29,99.29950714111328,99.94458105649791,99.16628337725398,99.60802307868533,45461200
2007-01-03,99.12419891357422,100.16894395133333,98.5632726077274,99.74123068878588,94807600
2007-01-04,99.33456420898438,99.60101172729698,98.59132713051747,99.02604828230344,69620600
2007-01-05,98.54224395751953,99.14524946482975,98.43006509724118,99.09617321951771,76645300
2007-01-08,98.9980239868164,99.15228197780507,98.33892360695332,98.73859495605672,71655000
2007-01-09,98.91390228271484,99.2855209453895,98.44410970259035,99.08217597208396,75680100
2007-01-10,99.2434310913086,99.26447599919221,98.37398859295894,98.57031500864997,72428000
2007-01-11,99.67816162109375,100.00069328557359,99.215387633984,99.27148242323855,54476800
2007-01-12,100.43537902832031,100.43537902832031,99.6430552056677,99.67109723790239,55370600
2007-01-16,100.23907470703125,100.57563266262889,100.07779821459145,100.31620368633327,44871300
2007-01-17,100.2811279296875,100.58964380018054,100.07778306096124,100.16193056135754,50241400
2007-01-18,99.94454193115234,100.449384049733,99.78327619018327,100.38628145965566,68177300
2007-01-19,100.14089965820312,100.3372260006205,99.88847854666888,99.9445626168025,56973000
2007-01-22,99.8323745727539,100.33721674927466,99.51684018819175,100.31618255016815,60253600
2007-01-23,100.12691497802734,100.32324140218329,99.60804617190796,99.74827780359253,54064400
2007-01-24,100.93324279785156,100.95427700513605,100.20403198102103,100.24610039559002,55834700
2007-01-25,99.74824523925781,100.91218773032965,99.57295308213196,100.87011932445691,73583800
2007-01-26,99.65709686279297,100.02169683269949,99.27145199175358,99.96561275962449,67255600
2007-01-29,99.60100555419922,100.12688202418022,99.38364499177787,99.69916873396964,66114600
2007-01-30,100.1198501586914,100.16893709153234,99.6080001251163,99.81134499119621,70407600
2007-01-31,100.7929916381836,101.05943914410213,99.84640969798778,100.0076861878776,91868600
2007-02-01,101.39594268798828,101.43100324084672,100.90512704490577,101.07340058026057,69312400
2007-02-02,101.53622436523438,101.63438754234919,101.23472699944742,101.4801295927425,49607000
2007-02-05,101.56427764892578,101.62738025620062,101.20667480973374,101.45909593781708,45705300
2007-02-06,101.59229278564453,101.69045593729675,101.19964017903567,101.64838754358595,57081300
2007-02-07,101.81674194335938,101.92191300007256,101.36799426973558,101.75362861034297,55669700
2007-02-08,101.68348693847656,101.75359738844331,101.15761041829266,101.51520260038305,70641000
2007-02-09,100.92623901367188,101.90086321993186,100.54059403299631,101.71154464778444,79084400
2007-02-12,100.58258819580078,100.99627491558856,100.40028829360082,100.92616450657884,65657000
2007-02-13,101.43103790283203,101.5993114956909,100.79997983266452,100.8069983650218,64081800
2007-02-14,102.09716033935547,102.30049452593286,101.51518911710465,101.5292154848291,66039400
2007-02-15,102.23037719726562,102.33554820065335,101.97093755727086,102.13922186167424,38715200
2007-02-16,102.18132019042969,102.20235439726784,101.83073581114557,101.97798595799883,39841800
2007-02-20,102.398681640625,102.51087121068045,101.66947083323713,102.06212362944493,56911800
2007-02-21,102.35657501220703,102.41968830866657,101.914846130884,102.09714608992348,63971600
2007-02-22,102.27944946289062,102.66509429198318,101.78863363449221,102.40566536104029,79067400
2007-02-23,101.87976837158203,102.22333403251791,101.69044991211952,102.1882841724897,71966200
2007-02-26,101.78863525390625,102.33554585696311,101.49414575218199,102.25140905617984,69192800
2007-02-27,97.81302642822266,101.1085169351114,97.46244210410717,100.88414853114942,274466500
2007-02-28,98.815673828125,99.55190290974949,98.02336068032297,98.4370475370229,177536300
2007-03-01,98.52122497558594,99.04009374311435,96.79635570607658,97.700858757309,212828600
2007-03-02,97.23106384277344,98.62639342890041,97.22405600730019,98.19868008735293,162574000
2007-03-05,96.3055191040039,97.86912220991496,96.29149273517946,96.71218750905149,143750400
2007-03-06,97.95323944091797,98.24772893344594,96.56492877643396,97.30816569076396,143333300
2007-03-07,97.85508728027344,98.48614543435052,97.74289773746192,97.87612148217764,115144900
2007-03-08,98.68248748779297,98.9769770602966,98.21270573887153,98.54224518747043,117891600
2007-03-09,98.71054077148438,99.15928836626634,98.21972476140826,99.0821593718982,107765100
2007-03-12,98.85771179199219,99.1031142511012,98.2757408819676,98.45804076864668,80366900
2007-03-13,96.93657684326172,98.70352503713337,96.78932670252834,98.28982735554237,190605200
2007-03-14,97.65872955322266,97.71482430660582,95.88477443602845,97.06273216013423,231853800
2007-03-15,97.7919692993164,98.1565799066365,97.32218769901071,97.4413850573884,132435900
2007-03-16,97.51813507080078,98.29248391023334,97.22951316324699,98.06721488733724,121531600
2007-03-19,98.69377136230469,98.78528828427021,97.95462183751428,98.03205675423372,96161200
2007-03-20,99.23578643798828,99.29210370089842,98.52480113390932,98.60927165756475,82147400
2007-03-21,100.86897277832031,101.12239516276566,99.13022647063062,99.32733157615228,152368700
2007-03-22,100.79147338867188,101.14344810072856,100.51693354292429,101.00266036418904,118942200
2007-03-23,100.93936157226562,101.23501919982205,100.77040975305273,100.86192666447074,74416800
2007-03-26,100.8055648803711,101.12234000277834,100.02418051634426,101.01675187578152,113787500
2007-03-27,100.56623077392578,100.77741778223503,100.23537363390535,100.7492537857045,99864600
2007-03-28,99.83416748046875,100.29173056163934,99.43994656300687,100.05942583473957,152907900
2007-03-29,99.93971252441406,100.39023977994204,99.39063276740865,100.34095815849477,139432700
2007-03-30,99.96086120605469,100.55217639862848,98.94717188083081,100.1298130073988,128194100
2007-04-02,100.07351684570312,100.28470395656734,99.59482534498271,100.07351684570311,79416400
2007-04-03,101.15055847167969,101.35469920761804,100.60147843275854,100.64371370630285,82417800
2007-04-04,101.26317596435547,101.33356449459359,100.77744891760321,101.15054142626957,63995200
2007-04-05,101.53772735595703,101.67851517368629,101.094235525759,101.13647079693558,46822800
2007-04-09,101.67851257324219,101.93193493524231,101.4743611125473,101.82633601857961,50967400
2007-04-10,101.7981185913086,101.96707030662952,101.55877838399846,101.60101362747496,56620000
2007-04-11,101.38285827636719,101.97417356001293,101.04495462163642,101.94602029282973,106365700
2007-04-12,101.83335876464844,102.01638180640988,100.90414007243061,101.18572637677806,115534400
2007-04-13,102.29796600341797,102.29796600341798,101.62216962832468,102.00229770458911,84287000
2007-04-16,103.2694091796875,103.38204369909006,102.64994080581141,102.65697643524196,83064600
2007-04-17,103.54393768310547,103.76216032698406,103.2341981596322,103.45946717358287,108424100
2007-04-18,103.67064666748047,103.97333979892122,103.17788416198566,103.19900178783422,88345300
2007-04-19,103.64247131347656,103.76214142730896,103.03003874815316,103.16379085814698,102947700
2007-04-20,104.6209945678711,104.6209945678711,103.5087528210344,104.33941900168784,124114100
2007-04-23,104.226806640625,104.69845172204951,104.16345373597579,104.4450293620311,77270800
2007-04-24,104.26905822753906,104.46616334490723,103.70590688730046,104.34649314803536,114471000
2007-04-25,105.22637939453125,105.35309590348571,104.19861903089804,104.6984172136268,108418800
2007-04-26,105.3460693359375,105.45166823681947,104.95890559029725,105.23344554631821,88741600
2007-04-27,105.2616195678711,105.4094537616934,104.7758924557121,104.95187991713654,108191100
2007-04-30,104.38871002197266,105.40944581441443,104.33240349101357,105.33904653858347,100874100
2007-05-01,104.65624237060547,105.21940450360589,103.95229238971103,104.48025487538186,134342700
2007-05-02,105.26866912841797,105.55729118128545,104.71255340295808,104.81814159721513,87129800
2007-05-03,105.83885955810547,105.87404845590967,105.4024033662622,105.57135518969396,86569700
2007-05-04,106.24012756347656,106.38091540837019,105.74736473563685,106.12045735824577,96409000
2007-05-07,106.26118469238281,106.4371720836393,106.1626321829359,106.21191380836831,63461400
2007-05-08,106.12041473388672,106.24008489105074,105.68396936759204,106.00074457672268,80584000
2007-05-09,106.40901947021484,107.57757833315897,105.85289329529004,106.04296268659252,102070100
2007-05-10,105.29683685302734,106.31052651932359,105.078614082921,106.10637501466515,153617800
2007-05-11,106.1978530883789,106.24712398226583,105.39535085310834,105.41646848497703,113408900
2007-05-14,105.96556091308594,106.507605258389,105.44463420214598,106.19786563250153,108027500
2007-05-15,105.99369049072266,106.76099293380236,105.7261862204528,106.08519662943246,180673300
2007-05-16,106.71875762939453,106.7398752568884,105.85993830658474,106.15559583291663,114166500
2007-05-17,106.50761413574219,106.97222361329834,106.37386194601339,106.56393141254495,101132800
2007-05-18,107.43685150146484,107.43685150146484,106.8666536885743,107.00744154807163,99182000
2007-05-21,107.38047790527344,107.8662048960635,107.35232464470597,107.40864190726043,174664600
2007-05-22,107.29595947265625,107.81688586261767,107.2678062246597,107.4930644328763,82148800
2007-05-23,107.31010437011719,108.056289405692,107.25378709969745,107.6691148849444,133786600
2007-05-24,106.33868408203125,107.85218300981599,106.1134256701126,107.37349142967415,187593000
2007-05-25,106.78211212158203,107.01441676893425,106.42309096593858,106.64835998449276,83309200
2007-05-29,107.16932678222656,107.35234987247426,106.61320039719904,106.95813968337336,82020000
2007-05-30,108.04218292236328,108.0844181802531,106.53573118958768,106.62021244678591,129013600
2007-05-31,107.9295425415039,108.3307881711367,107.78874404831083,108.17591842175788,114866700
2007-06-01,108.46453857421875,108.68979682520384,108.06328220953425,108.32375082467598,107771700
2007-06-04,108.47864532470703,108.68278599691321,108.04218923769027,108.08442449804885,78008800
2007-06-05,108.0492172241211,108.33782836793723,107.60572558297775,108.22520460661704,126917900
2007-06-06,106.88773345947266,107.66911815547256,106.82438055635893,107.60576525235885,164096800
2007-06-07,104.95893859863281,107.35236405811317,104.93077458630569,106.69064940693049,232414600
2007-06-08,106.32456970214844,106.43016861366067,104.95186978385871,105.29680904185815,175886000
2007-06-11,106.50761413574219,106.96517724030909,106.08523993043255,106.2471453878516,102015600
2007-06-12,105.3460693359375,106.67653385225755,105.27568081010295,106.0641010445385,233898000
2007-06-13,106.92289733886719,107.04961384413801,105.39532809549354,105.94440788835898,193208200
2007-06-14,107.60578155517578,107.78880466126256,107.02150185240036,107.04261948997103,146396500
2007-06-15,108.21800231933594,108.63512012169555,108.11901424313328,108.2674855697219,154030800
2007-06-18,108.09071350097656,108.44420527261789,107.92811030658112,108.43713932076166,88537500
2007-06-19,108.3593978881836,108.43716652896629,107.71604011331902,107.85036874628146,110851700
2007-06-20,106.853515625,108.57855757319851,106.72626373753377,108.57855757319851,177119700
2007-06-21,107.4473648071289,107.53927612745362,106.22428619627735,106.81108388043965,205262000
2007-06-22,106.4364242553711,107.29894544359178,105.94153770173246,107.12219947531241,204964700
2007-06-25,105.92735290527344,106.93126831159051,105.35469792167197,106.2172187671032,232014400
2007-06-26,104.83863067626953,106.3727951284441,104.83156472132715,106.1960491654276,198445700
2007-06-27,106.33033752441406,106.45053423909691,104.67599835878183,104.72549239279412,213638000
2007-06-28,106.31621551513672,107.04440788542817,105.81425232616408,106.31621551513672,157705000
2007-06-29,106.35157012939453,107.21409124685015,105.44663170906682,106.68385338551515,199701800
2007-07-02,107.31304168701172,107.40495301203875,106.59192614326089,106.6626180344466,103357000
2007-07-03,107.70186614990234,107.81498610142036,107.45442839213304,107.58874619838431,54048400
2007-07-05,107.58877563476562,107.8574328961977,107.19994322507007,107.74431291372996,89279000
2007-07-06,108.15440368652344,108.28873236558731,107.41206836750465,107.73021978116925,81109000
2007-07-09,108.23917388916016,108.42298570832243,107.89981405541366,108.28159117145054,72348100
2007-07-10,106.69802856445312,107.89283330176372,106.59198527499014,107.66659323394907,180362600
2007-07-11,107.45442199707031,107.49683927943705,106.41515542823828,106.57775860654803,175607600
2007-07-12,109.15117645263672,109.4056909308988,107.70185819552515,107.72306683640436,133882500
2007-07-13,109.4764175415039,109.9076779799102,109.15120033069182,109.27846299151878,111794300
2007-07-16,109.46224975585938,109.95713601737629,109.28550389190967,109.57536969783793,98378700
2007-07-17,109.40576934814453,109.921864625639,109.35627529214351,109.53302128462839,126201300
2007-07-18,109.20775604248047,109.4410619217748,108.38058653646247,109.03807609725365,237887400
2007-07-19,109.63195037841797,109.95715678839888,109.4057104517239,109.72385090938816,145212700
2007-07-20,108.52198791503906,109.57539741420838,108.04831017436557,109.50469473566017,245502500
2007-07-23,108.85426330566406,109.38450099373307,108.38058559884801,109.00272381720389,121183900
2007-07-24,106.96665954589844,109.07346841573606,106.58488222262388,108.25336455391127,256732400
2007-07-25,107.18579864501953,107.7372450652062,106.22430038638623,107.47566454960139,265214500
2007-07-26,104.64774322509766,106.61315729093192,103.49535619963697,106.18189674913569,467592500
2007-07-27,102.59041595458984,105.24867106327154,102.54799865415222,104.78206997074143,422987600
2007-07-30,104.1952896118164,104.49928750772916,102.71768507664726,103.17015433669938,283017500
2007-07-31,103.02164459228516,105.66576697399155,102.54089016483266,104.86687210403929,316976700
2007-08-01,103.52360534667969,103.93365713703525,101.77028900575995,102.63987582980488,467670000
2007-08-02,104.35081481933594,104.46392403043184,102.69646450292083,103.75694021942743,294758400
2007-08-03,101.66426849365234,104.33666628675807,101.24007391568917,104.12456899777649,359398200
2007-08-06,103.36812591552734,103.8064525032955,100.76641942429355,101.95415804508166,324980000
2007-08-07,104.47100830078125,105.34059543041772,102.67526325030863,103.17722653888826,232568700
2007-08-08,105.92735290527344,106.46465655172506,104.16695987726114,104.92343749895635,274930600
2007-08-09,102.7883529663086,105.30521304711263,102.71765028586218,104.23059487307104,357622100
2007-08-10,102.30763244628906,103.57312872645372,101.18351998363063,102.08139244775857,411018400
2007-08-13,102.67524719238281,103.84884280872572,102.52678664571388,103.5731195771961,181917200
2007-08-14,101.1057357788086,103.26203823682208,100.90071525093232,103.00752367148745,264134500
2007-08-15,99.71298217773438,102.13087606741608,99.41605030076127,100.90072047334256,323834000
2007-08-16,100.46240997314453,101.05627382147986,96.85678800249038,98.82926820864611,546743700
2007-08-17,102.30763244628906,103.08530816887462,99.96044100626123,102.86614491262127,388218100
2007-08-20,102.25814056396484,102.8449384363825,101.30370808001814,102.63284113020356,187320400
2007-08-21,102.46315002441406,103.19841916779552,101.90463760679195,102.22985487938682,157066400
2007-08-22,103.67915344238281,103.78520746812205,102.74594058462426,103.2266843139543,173156700
2007-08-23,103.5872802734375,104.38616471567465,102.94392235883159,104.16700144069674,203915300
2007-08-24,104.866943359375,104.866943359375,103.41762392796227,103.55901857762491,128901900
2007-08-27,103.89126586914062,104.86690695221927,103.73572857219428,104.52755775329838,113024300
2007-08-28,101.6076889038086,103.39635663766875,101.42387704225206,103.3327306995585,219790700
2007-08-29,103.60137176513672,103.74277711499059,101.77736357441405,102.06721865110185,207654200
2007-08-30,103.32564544677734,104.06091440785802,102.73178183124443,102.83075910049992,191817300
2007-08-31,104.34371948242188,104.98707722483778,103.80641576538727,104.38613677748843,185477500
2007-09-04,105.39714813232422,106.03342924891186,104.20940971691924,104.24476106511119,120062000
2007-09-05,104.48513793945312,104.88812391010802,103.92662544725061,104.77500390560307,166261800
2007-09-06,104.72549438476562,105.06484352546721,104.01143397464008,104.59823171468086,127878400
2007-09-07,103.26911926269531,103.84884031529556,102.69645337614581,103.55897439513761,235447600
2007-09-10,103.07115936279297,103.7286598802985,102.03896909689914,103.58726528345613,192305900
2007-09-11,104.2730484008789,104.42150896324662,103.31154996582063,103.38931861820465,162081900
2007-09-12,104.54170227050781,104.94468825784934,103.9124870525062,104.13165032798618,149554600
2007-09-13,105.27696228027344,105.65872879305118,104.77499902598365,105.0224476758493,154079000
2007-09-14,105.2698974609375,105.40422612678061,104.44980434287936,104.60534166251685,121911000
2007-09-17,104.70426940917969,105.0931017364823,104.37198627341299,104.8527299154592,109870800
2007-09-18,107.78673553466797,107.81501013499414,104.72549493598139,105.22038134954988,263759500
2007-09-19,108.42304992675781,109.15124247127889,107.96351471281588,108.45840127884213,193779900
2007-09-20,107.65950012207031,108.4725272368024,107.53931416175358,108.40890127917311,175186800
2007-09-21,107.94999694824219,108.76688078464944,107.78662234873886,108.47565063046285,141457500
2007-09-24,107.75110626220703,108.55379117383643,107.5166935666279,108.2696496463658,139450200
2007-09-25,107.53804779052734,107.72984204690235,106.88453826243362,107.12605053259739,142289900
2007-09-26,108.10630798339844,108.51830519460206,107.53803559419018,108.14892651578256,135547000
2007-09-27,108.74560546875,108.75271578326779,108.10630581800496,108.61774987415862,102713300
2007-09-28,108.38334655761719,108.81665306409695,107.95713952737987,108.57514080511348,133372100
2007-10-01,109.6051025390625,109.92475231663123,108.32649258989508,108.39753069108478,148162300
2007-10-02,109.45590209960938,109.85368936293729,109.25700846794541,109.82528063222387,112978800
2007-10-03,109.23572540283203,109.68324160082679,108.68876236515983,109.25703466569915,119055900
2007-10-04,109.40623474121094,109.57670888216202,109.10078384051522,109.47016254406759,76864400
2007-10-05,110.70614624023438,110.8837306834565,109.83953329019884,110.12366406379655,134579700
2007-10-08,110.11653137207031,110.45039089173271,109.93894698241546,110.3793528003144,71280400
2007-10-09,111.15364837646484,111.16785816639238,110.12366080404382,110.5285585252742,94054300
2007-10-10,110.96894073486328,111.12521587396863,110.39356901310796,110.84107433064455,101711100
2007-10-11,110.43619537353516,111.89238972461696,109.77557572244669,111.47328227332757,233529100
2007-10-12,111.04707336425781,111.06128315051477,110.29411727600609,110.42908314821935,124546700
2007-10-15,110.10945892333984,111.06841929279366,109.34940311047717,111.00449149186866,161151900
2007-10-16,109.23572540283203,109.7613791776371,109.01552246061003,109.68324160082679,166525700
2007-10-17,109.56952667236328,110.16620739294153,108.30512716685313,110.08806985770723,216687300
2007-10-18,109.17176055908203,109.52692927150594,108.73845429636931,109.00127567511855,148367500
2007-10-19,106.3162841796875,111.15368408988978,106.30918470188963,108.74563877093412,297169900
2007-10-22,106.93423461914062,107.09050978321912,105.59880708823353,105.74087246315216,261989800
2007-10-23,107.80084228515625,107.93580817841679,106.7282362916476,107.58774965252678,180085100
2007-10-24,107.60198211669922,107.78667690769507,105.72669049321654,107.41019868759827,326694200
2007-10-25,107.85767364501953,108.17732344188039,106.46541782436992,107.72270774794885,237374500
2007-10-26,109.12206268310547,109.12206268310547,107.90028109876543,108.72427534660257,176484000
2007-10-29,109.48433685302734,109.70453977298766,109.07233974775997,109.3422606630864,106841000
2007-10-30,108.72430419921875,109.21443902565463,108.58933828018337,109.00133551343534,132981600
2007-10-31,109.85372924804688,110.29414602568413,108.56801964837838,109.37780425384823,220954400
2007-11-01,107.28228759765625,108.97289456571191,106.96973731728714,108.88764668268017,333040800
2007-11-02,107.4030532836914,107.97132558613379,105.98948826060634,107.63746601490736,331228200
2007-11-05,106.5861587524414,107.3746339198123,105.81899284590013,106.29491773591441,226841000
2007-11-06,108.02106475830078,108.04947349863863,106.47962233235342,107.16155132829248,177800500
2007-11-07,105.06604766845703,107.35333583944333,104.81032567297743,106.86320111153303,306639700
2007-11-08,104.53334045410156,105.41415261844006,103.04873666706864,105.1229222822074,374509900
2007-11-09,103.09837341308594,104.80317889723507,102.92078905686671,103.48906116454606,277745100
2007-11-12,102.07550811767578,104.14259307760867,102.07550811767578,103.14812480078079,243087800
2007-11-13,105.18679809570312,105.35017271655926,103.1552320298284,103.26177833932324,191117400
2007-11-14,104.8955078125,106.12438830687132,104.26330804892189,105.99653279551008,230558800
2007-11-15,103.38250732421875,104.7676740177432,102.6579709318799,104.11416486680992,263111100
2007-11-16,103.56011962890625,104.04315485968849,102.69351768103837,103.92949823610535,308770600
2007-11-19,102.11815643310547,103.25470122870898,101.7132695304393,103.19787290503935,267746000
2007-11-20,102.74325561523438,103.37545580310714,100.94610190682437,102.30284966201124,414767500
2007-11-21,100.64063262939453,102.22469338628731,100.6335331549254,101.63511183858034,259012400
2007-11-23,102.38096618652344,102.53013101919858,101.3651777383461,101.62801003216529,77688400
2007-11-26,100.1220703125,102.91370237545223,99.91607720279455,102.59404182341682,214232000
2007-11-27,101.27284240722656,101.74165701146556,100.12208806145978,100.68326086611772,293897900
2007-11-28,104.511962890625,104.75347504633298,102.38804980169917,102.42356884551279,258596900
2007-11-29,104.54754638671875,104.93113499392715,103.78039085009837,104.14975882287169,199409900
2007-11-30,105.5987777709961,106.45828009591206,104.65402757368152,105.86869865673573,222908000
2007-12-03,104.90263366699219,105.44959656055978,104.62560248381452,105.26491271807126,146430400
2007-12-04,103.96501922607422,104.8032124531351,103.92950017568009,104.17812268954657,136533900
2007-12-05,105.7053451538086,105.98237640687564,105.00921728385156,105.08024454631678,171130000
2007-12-06,107.21833801269531,107.41013216190257,105.5348416999025,105.57746021330645,154457400
2007-12-07,107.1970443725586,107.61614093393776,106.9413224159916,107.5593126281572,148980100
2007-12-10,108.02816009521484,108.14891620508864,107.16154722304454,107.45988776018449,123914300
2007-12-11,105.06604766845703,108.60352624018104,105.00921935402904,108.07077298617291,250346400
2007-12-12,106.1031265258789,107.80794331231223,104.56169519557797,107.30359883444991,322435600
2007-12-13,105.88294219970703,106.11735495548092,104.63275167447333,105.35729920696595,237551300
2007-12-14,104.54045104980469,105.91140914262239,104.4907330218033,105.08030407371243,159152900
2007-12-17,103.04869842529297,104.32729765243921,102.89952273471607,104.14261374691426,177269400
2007-12-18,103.62405395507812,104.05025001749561,102.26020704533703,103.78032909629873,245569300
2007-12-19,103.62405395507812,104.34149103876052,102.95633486784314,103.6666724774307,198917200
2007-12-20,104.27758026123047,104.32019879053344,103.12682577558266,104.3059890011346,214813800
2007-12-21,105.78076171875,105.98784812723774,105.03808371666071,105.23803297189617,146084400
2007-12-24,106.56627655029297,106.74480345440288,106.03069583796324,106.27350070883,45601400
2007-12-26,106.7948226928711,106.8876492964566,106.04500733044252,106.1521191408951,67093100
2007-12-27,105.45222473144531,106.42341110495374,105.20229371180902,106.41627395459138,122981700
2007-12-28,105.18807983398438,106.12355929712643,104.90243017962257,106.07356652145556,116398100
2007-12-31,104.40971374511719,105.4094603784848,104.3025910295571,105.04526929699111,108126800
2008-01-02,103.49560546875,104.96667622416892,102.7458012331892,104.63818194570803,204935600
2008-01-03,103.44567108154297,103.89556254649254,102.88153063359599,103.4813786559142,125133300
2008-01-04,100.91057586669922,102.43162903375746,100.62493709283493,102.360213892081,232330900
2008-01-07,100.8248519897461,101.56751908608095,100.04647733476445,101.26759520699858,234991000
2008-01-08,99.19668579101562,102.0459680396236,98.86105435928023,101.46040549465808,326365700
2008-01-09,100.23930358886719,100.53922754290402,98.33263716193463,99.32524652044454,301824900
2008-01-10,100.89624786376953,101.97455720504519,99.52516271721157,99.74653430752439,335701200
2008-01-11,100.0821762084961,101.33186451382868,99.26095682355874,100.53206748526935,267076600
2008-01-14,100.88909912109375,101.30328274743356,100.26068108162441,100.80340971440789,170365500
2008-01-15,98.66826629638672,101.039109251537,98.47545415330656,99.82511736202876,239940100
2008-01-16,97.81845092773438,99.34664067668194,97.31857781292285,98.0898152885249,378802600
2008-01-17,95.28337097167969,98.46115847993025,94.92631717492498,98.41116571810436,397892600
2008-01-18,94.30506134033203,96.41882493172682,93.6195240487145,96.21887564697013,348561500
2008-01-22,93.34812927246094,94.5692469431526,89.97754114515156,90.84161052934788,435923700
2008-01-23,95.59043884277344,95.82609564619196,90.57740069827194,90.75592758906627,511913000
2008-01-24,96.39736938476562,96.73300076071742,95.19766319284082,96.03316760858834,259949300
2008-01-25,95.0048828125,97.66136430581419,94.69068458014105,97.48283738231953,269603900
2008-01-28,96.575927734375,96.77587701548069,94.30505961836235,95.16198666544655,217934600
2008-01-29,97.05435180664062,97.43996505771412,96.31882196194414,97.1900339734825,168968300
2008-01-30,96.34025573730469,98.93245882980524,96.11888413207028,96.8187065058732,334939200
2008-01-31,98.09696197509766,98.9324665974284,95.11913445558518,95.26195380278043,343680800
2008-02-01,99.6751708984375,99.69659326134003,98.20411053155397,98.50403450860998,206843600
2008-02-04,98.41828918457031,99.47516510797821,98.28974418371001,99.41089805575527,124694300
2008-02-05,95.78327178955078,97.2971766662374,95.4547774445468,97.07580501688255,286882500
2008-02-06,95.01199340820312,96.58302753635073,94.55496510007993,96.10457687756663,250792900
2008-02-07,95.64044952392578,96.25458264916224,94.0694145908432,94.11940736560916,297368100
2008-02-08,95.02630615234375,95.84752555616024,94.33362088975035,95.0405804593124,221643500
2008-02-11,95.51187133789062,95.85463986253697,94.29074280524156,95.0477058544407,188576300
2008-02-12,96.39736938476562,97.33998556032115,95.67611388067496,96.34023948072968,256654400
2008-02-13,97.38284301757812,97.8755789700541,96.5044937828781,97.12576386395659,181967800
2008-02-14,96.52593231201172,97.83275065386344,96.25456791093546,97.79704309112947,215207200
2008-02-15,96.50450897216797,96.56163889267764,95.62615959922049,96.04748050450883,154110300
2008-02-19,96.77589416503906,97.75421838498967,96.12605343807866,97.63282136397847,145190000
2008-02-20,97.06146240234375,97.51135348585004,95.5189880272473,95.683240550808,220085700
2008-02-21,96.25455474853516,97.8398744286569,95.74040732186292,97.58994331653268,201051200
2008-02-22,96.84728240966797,97.01153502544928,94.87634908806075,96.38311676504463,205491000
2008-02-25,98.06839752197266,98.29690628668557,96.24742097185455,96.79013882241273,190107000
2008-02-26,98.80393981933594,99.22526073871596,97.47569908821127,97.65422600961824,212420700
2008-02-27,98.70396423339844,99.36094199031056,98.1255387570094,98.2326505502598,168395800
2008-02-28,97.73992156982422,98.5183072772136,97.51141276224163,98.00414883962873,170831100
2008-02-29,95.56190490722656,96.89013486961338,94.81922674078665,96.8330158381207,252715200
2008-03-03,95.33338165283203,95.55475330500329,94.43360983859486,95.0763024349901,189483500
2008-03-04,94.96915435791016,95.26193013316855,93.5409394479891,94.42642571843454,282513100
2008-03-05,95.56901550292969,96.24027834882692,94.50499132204827,95.27622878990361,270681400
2008-03-06,93.59093475341797,95.1334096929375,93.22674382176054,94.96201995640757,247911700
2008-03-07,92.62689208984375,94.07652949744357,91.81994709775718,92.66973679802248,326434600
2008-03-10,91.40576934814453,92.78399173381695,91.11298262806122,92.71972466738407,235683600
2008-03-11,94.69068908691406,94.7763785274159,92.08418934198514,93.34816307148307,341440600
2008-03-12,93.80519104003906,95.52619326964432,93.66237167455404,94.79066318579827,229161100
2008-03-13,94.01228332519531,94.71925393842619,91.83426334931575,92.55550827248841,351504200
2008-03-14,92.55547332763672,94.84061514382998,91.24865529765377,94.81205563830943,484687800
2008-03-17,91.6200180053711,92.30555527978393,90.02755547337979,90.38460931525854,405311100
2008-03-18,95.42620849609375,95.46905321155002,92.81970904285177,93.27673750174858,334416600
2008-03-19,93.06250762939453,96.15458394745471,92.86254747676134,95.79039299429361,345971600
2008-03-20,94.7862777709961,95.38192270602129,92.7625194893181,93.3294635258287,245320700
2008-03-24,96.6808853149414,97.46311371445478,95.61877652705329,95.66900585298447,208977300
2008-03-25,96.77415466308594,97.27650253009958,95.99909897525251,96.78132715034249,192947200
2008-03-26,95.59007263183594,96.9464178500781,95.52548737153067,96.49431007757491,196934300
2008-03-27,95.28861999511719,96.47990979481183,94.98721130188625,96.30767156281075,225153200
2008-03-28,94.37724304199219,95.70488719797751,94.0543058271313,95.43936274692646,180896100
2008-03-31,94.70732116699219,95.25272575271838,94.07579199904391,94.21931836893394,166692100
2008-04-01,98.03719329833984,98.2022480929947,95.81249601235385,95.88426467978356,254547300
2008-04-02,98.10181427001953,98.79792898632886,97.58511033728756,98.3529937471739,210910800
2008-04-03,98.34578704833984,98.63285080439074,97.39133154176311,97.57074228290895,175884800
2008-04-04,98.23812866210938,99.00601176280833,97.68554060508795,98.40318345043913,204446800
2008-04-07,98.28836059570312,99.44376591690857,98.13047830706438,98.94140720740717,154245500
2008-04-08,98.18791198730469,98.25966971085373,97.56355518529108,97.73579343246074,148937300
2008-04-09,97.47744750976562,98.17356207798231,96.802861354969,98.03720815941327,195610600
2008-04-10,97.61380004882812,98.08026360015468,96.81003247450727,97.18320988578614,192967800
2008-04-11,95.71923065185547,96.96792251329639,95.45369528504546,96.51581485155836,222973300
2008-04-14,95.39627075195312,95.83403338333974,95.12357388101681,95.58286492457307,160522000
2008-04-15,95.61873626708984,95.94167335610979,94.96567865239479,95.8627322054284,172389200
2008-04-16,98.20943450927734,98.25249133089687,96.53732525076279,96.55167022439494,189268900
2008-04-17,98.35298919677734,98.49651562692578,97.3554657242533,97.61381767866638,179665700
2008-04-18,99.37918853759766,100.15424420556941,99.22130621910182,99.70930909909676,218530600
2008-04-21,99.4294204711914,99.73800164490538,98.92707265912154,99.19976949975316,118587400
2008-04-22,98.99168395996094,99.25720838405185,98.24532905657969,99.1710947222632,162166000
2008-04-23,98.83379364013672,99.59449345887413,98.40320346520161,99.09931804280765,193309000
2008-04-24,99.26439666748047,100.28344853304961,98.34580344532512,99.092158385133,229381300
2008-04-25,100.18294525146484,100.39105685775226,98.97012709487609,100.03940792259269,190788100
2008-04-28,100.20449829101562,100.64943345887438,100.02508753618697,100.38390904584429,105610200
2008-04-29,99.80977630615234,100.27623981315801,99.47248326556854,100.03224385412003,125514100
2008-04-30,99.2213134765625,100.89342291721933,99.22131347656249,99.96048486251274,208395900
2008-05-01,101.27379608154297,101.27379608154297,99.22851970944969,99.30746089260619,187279500
2008-05-02,101.55364990234375,102.17082327729732,100.87189128998352,102.14929486482843,181585500
2008-05-05,101.0656509399414,101.62541152601713,100.76424223592844,101.22353325399985,118504500
2008-05-06,101.94119262695312,102.04883469922264,100.24755467094467,100.48437818030098,179339800
2008-05-07,100.12554931640625,101.93400169985424,99.84566899870389,101.82635963549279,199267300
2008-05-08,99.86719512939453,100.69966357597472,99.73801370475026,100.28342935268462,178321200
2008-05-09,99.68059539794922,100.0322443644946,99.35765827988519,99.46531128614768,152588200
2008-05-12,100.80012512207031,100.87188284083528,99.55859503842399,99.93177240723084,147865900
2008-05-13,100.81450653076172,101.10874285001339,100.27627416887641,101.04415759467486,159132200
2008-05-14,101.02262115478516,102.04884552045301,100.80015354826217,101.23791627251741,181910800
2008-05-15,102.28565979003906,102.35742847290398,101.0656688338807,101.216367737388,166927000
2008-05-16,102.37897491455078,102.52967384459309,101.62544741324267,102.5225013551891,204236800
2008-05-19,102.6588363647461,103.5558901411763,102.12060409888797,102.48659809754064,165664400
2008-05-20,101.82634735107422,102.14928445556176,101.18764562873706,102.09905514837365,178552100
2008-05-21,100.1040267944336,101.99142045293644,99.75237777955476,101.76895287325598,252724800
2008-05-22,100.11836242675781,100.59200939434346,99.75236847018465,100.06094967762358,170820400
2008-05-23,98.7763442993164,100.22598567091974,98.69023067637171,99.78822317035255,181376400
2008-05-27,99.5083999633789,99.7523960017704,98.69745971478721,98.8912264277994,168322900
2008-05-28,99.96769714355469,100.4700451793784,99.034758819673,99.87440002605675,181288100
2008-05-29,100.47001647949219,101.13741918993182,99.80978625667048,99.84567059548571,173927200
2008-05-30,100.72118377685547,101.00106406534417,100.42694756449617,100.80729741935616,117362000
2008-06-02,99.68059539794922,100.36953740679931,99.03472116182115,100.34800899561915,181069900
2008-06-03,99.09933471679688,100.19732780222523,98.48216120240745,99.96768770055456,271965700
2008-06-04,99.0490951538086,99.86720777897318,98.64721680465598,98.81944412551353,246637700
2008-06-05,101.0297622680664,101.108703421707,99.26436694172004,99.45095014561548,237867100
2008-06-06,97.80753326416016,100.3264665228048,97.75730396190045,100.14705582120834,384276300
2008-06-09,98.04436492919922,98.67589415591263,97.17602319282942,98.21660315931045,228263900
2008-06-10,97.55636596679688,98.38883425980241,97.13295933427797,97.36259934075792,260234900
2008-06-11,96.1211166381836,97.78604290260098,96.11393319909426,97.57793122593549,283890100
2008-06-12,96.48711395263672,97.50616585482683,95.81971111648964,96.5947669893592,252791800
2008-06-13,97.70707702636719,97.97261234716629,96.46555786820652,97.00379004635477,244726900
2008-06-16,97.7645034790039,98.26685139229744,97.21192624956265,97.27651149190827,185832500
2008-06-17,97.2908706665039,98.4032086008063,97.14733330045905,98.36733520965869,191707700
2008-06-18,96.34354400634766,97.25495341053455,95.95602172012293,96.65930858419885,265893000
2008-06-19,96.46556854248047,97.05404104521284,95.80533831160508,96.27180187080482,304204900
2008-06-20,94.89978790283203,95.98884517931059,94.64014372368754,95.8085370272696,289275700
2008-06-23,94.8060073852539,95.36856783977888,94.71225464625594,95.2675957326881,165096400
2008-06-24,94.6185073852539,95.5200481431664,93.89727477892392,94.51753526057315,267300600
2008-06-25,95.0656967163086,96.21245426457999,94.654599729536,95.00078840341916,287853900
2008-06-26,92.48363494873047,94.78436824909987,92.37545448215326,94.17132726327246,297775000
2008-06-27,91.9787826538086,92.9380232287219,91.62538025873381,92.51970704532953,303423400
2008-06-30,92.30333709716797,92.97408353737313,91.81289878064626,92.23842331130695,258842600
2008-07-01,92.59181213378906,92.65672040372023,90.82478958392598,91.25031402698437,388622000
2008-07-02,91.005126953125,93.15440245766275,90.83924103898043,92.88753892019025,288064600
2008-07-03,91.0988540649414,91.67584213138313,90.14682760710876,91.67584213138313,239352500
2008-07-07,90.1684799194336,91.84173901008204,89.37512531226326,91.44506445778038,372427300
2008-07-08,91.76962280273438,91.87780877947795,89.57707531749625,90.14684965928286,375973700
2008-07-09,90.00262451171875,92.13025866265593,89.71413034653189,91.95716436457123,336729400
2008-07-10,90.37045288085938,90.72385533721219,89.12993184746111,89.74297849697022,436475700
2008-07-11,89.3174057006836,90.80314798558358,88.34374319281832,89.41116942165102,481124600
2008-07-14,88.50965881347656,90.51468440840735,88.27886461915145,90.34159013830543,322720800
2008-07-15,87.26190185546875,89.06498275877041,86.5623055845771,87.84610380988352,502502500
2008-07-16,89.40399932861328,89.84395168873843,87.3412734933746,87.59370382232301,371642900
2008-07-17,90.29827880859375,91.06278876335908,89.49771054154601,90.25500663282865,375490600
2008-07-18,90.86088562011719,91.17822422324751,90.26226123984726,90.99791607274943,267030100
2008-07-21,90.91138458251953,91.45230911077117,90.29112401658547,91.2431509662056,222863000
2008-07-22,91.94273376464844,92.17352797527937,90.0458885154127,90.2622604952527,296904200
2008-07-23,92.44036865234375,93.14717342433119,91.9932080218199,92.2384244317759,311698400
2008-07-24,90.52188873291016,92.61346399370845,90.26945846925125,92.5629724384096,248634500
2008-07-25,90.50027465820312,91.22871566734084,90.27668879664873,90.79597718112959,219131000
2008-07-28,89.17316436767578,90.9185452763957,89.01449237550743,90.52187079854079,205201300
2008-07-29,91.07722473144531,91.149346869459,89.17317167453865,89.41839354686488,261505600
2008-07-30,92.70002746582031,92.7505190315211,91.07725407611348,91.67587846937725,354710000
2008-07-31,91.47392272949219,92.72887128845065,91.32967292253676,91.88502504982203,277402100
2008-08-01,90.9906997680664,91.79847669016169,90.48583368918926,91.68308234524848,248690900
2008-08-04,90.14685821533203,90.97627677899833,89.9809778041395,90.90415462184644,188239600
2008-08-05,92.57740020751953,92.72164450036512,90.1324225765875,90.88971336787743,251577600
2008-08-06,92.98847961425781,93.25534306154026,91.94270043271688,92.33216655369516,209555400
2008-08-07,91.60374450683594,92.63510723730434,91.26476433980146,92.28891320430364,246312500
2008-08-08,93.30583190917969,93.70972029167802,91.149348577531,91.29359835882792,260811700
2008-08-11,94.2723159790039,94.84929324259772,93.20488383005643,93.3779836122161,249425800
2008-08-12,93.29141998291016,94.26507716826568,92.84424838917477,93.96216086581283,213200800
2008-08-13,92.72887420654297,93.50779567577672,92.07975830866772,92.88753524276811,256393200
2008-08-14,93.42845916748047,93.96217521337431,92.13745775238756,92.20236604029571,239555300
2008-08-15,93.88285064697266,94.12085873680857,93.25538177703766,93.70975085296382,181000800
2008-08-18,92.59906005859375,94.10643366506312,92.07256330231792,94.07036983131559,172275100
2008-08-19,91.58931732177734,92.09418339364424,91.25755101872811,91.89944752936626,194673700
2008-08-20,92.01487731933594,92.28172992027763,91.12054473044095,91.87784133340202,225498200
2008-08-21,92.1734848022461,92.63507300730518,91.30800279083621,91.41618873008314,180609800
2008-08-22,93.5078353881836,93.5078353881836,92.1735612075272,92.80103027066843,167715300
2008-08-25,91.6109390258789,93.50777829834517,91.41620869475904,92.89473734804807,171936900
2008-08-26,91.87779235839844,92.22398632159005,91.29359589198937,91.61093439713477,159117200
2008-08-27,92.77214050292969,92.91638480268995,91.81289995207865,91.99320807806265,171032800
2008-08-28,93.89727783203125,94.00545832444381,93.11834527125121,93.24095349769762,167537100
2008-08-29,92.88752746582031,93.86119572854577,92.68558324920286,93.56548776666507,189195800
2008-09-02,92.31053924560547,94.27229788218725,91.9715591154911,93.78185409611665,252364900
2008-09-03,92.2312240600586,92.67839025857313,91.54605528252053,92.2312240600586,251947000
2008-09-04,89.4544677734375,91.76241511829258,89.40398171759269,91.5748931240544,340042500
2008-09-05,89.73573303222656,90.11798532017316,87.99035196147554,88.92074240891715,289503400
2008-09-08,91.58931732177734,92.49086348564197,89.73574994225318,92.34660817572642,364075300
2008-09-09,88.8702621459961,91.85616400768592,88.56734584178218,91.66864203254868,377326800
2008-09-10,89.23088836669922,90.08194296146908,88.38704763785731,89.35349657463678,298916600
2008-09-11,90.52188873291016,90.68776911935727,87.7018671376387,88.0769111029894,375369400
2008-09-12,90.9402084350586,91.02675832088542,89.31022685457704,89.64199316306181,297851200
2008-09-15,86.61280059814453,90.62285668405627,86.46855631197101,87.7234992098943,483607000
2008-09-16,88.06248474121094,88.22115676728244,84.38420019231573,84.52844448734412,581744300
2008-09-17,84.10293579101562,87.88219315809386,83.66298345505514,86.28826973706003,624095600
2008-09-18,86.59839630126953,87.83891722845945,82.07627041233859,85.14150890001937,776114700
2008-09-19,90.03755187988281,92.8521300805592,89.46447947541168,91.90909842066124,501087800
2008-09-22,87.99913787841797,90.4945401967404,87.31000331313153,90.27691584221982,249966500
2008-09-23,85.99700927734375,88.51416712957767,85.80114627164136,87.66544219664506,327470400
2008-09-24,86.27267456054688,87.04886000757102,85.44571083322835,86.57734424231317,311818400
2008-09-25,87.62191772460938,88.43437560827955,85.91721227389581,86.6136023737203,328253000
2008-09-26,87.66544342041016,88.13695912342706,85.96799353084937,86.20012357218461,285917400
2008-09-29,80.7958755493164,86.57011788421636,80.4984613883197,86.42503861559639,459562300
2008-09-30,84.13998413085938,84.72756775805536,80.17926126868977,82.34097727679584,328154400
2008-10-01,84.19074249267578,84.6477524872798,82.6601331373222,83.61767024515515,332783000
2008-10-02,81.13677215576172,83.50160053451067,80.56369995942356,83.38553275754366,365337800
2008-10-03,80.04141998291016,83.74825085603773,79.56265415551414,81.86944904784777,461798000
2008-10-06,75.96465301513672,78.06833528298228,73.004989915592,77.72739296794012,610637500
2008-10-07,72.5625,77.85797613623294,72.28684718546805,77.502522531998,540012100
2008-10-08,70.73445892333984,74.1221092814214,70.22667055334455,70.7417090106925,725414800
2008-10-09,65.79442596435547,72.99046906276152,65.46799496224418,72.29407886635138,534485200
2008-10-10,64.19851684570312,68.14473253355946,60.62951588152387,62.936310267525776,871026300
2008-10-13,73.51998138427734,73.51998138427734,65.25034238495007,68.09394137517398,455584000
2008-10-14,72.43190002441406,76.55221269872784,70.4442860597819,75.95012345921108,546268300
2008-10-15,65.3011703491211,70.94484445217209,65.07629583083148,70.69820306342487,484627500
2008-10-16,68.02143096923828,68.7468381720151,62.776739992435836,66.22242420562571,708811200
2008-10-17,67.61519622802734,71.51788449719504,66.48356290461139,66.73019866610787,476649000
2008-10-20,71.67745208740234,71.88782074686605,68.25353072611692,69.16754494513488,321294200
2008-10-21,69.53755950927734,71.55419136114695,69.07329917795857,70.34276223206265,356502000
2008-10-22,65.75089263916016,69.5375182145122,63.49487633713113,67.60793286163431,516168000
2008-10-23,66.51256561279297,67.06387091495598,62.247169166527904,65.49699476680529,634666400
2008-10-24,63.1394157409668,65.22858557097263,60.934178153197436,60.97770079515111,545812600
2008-10-27,60.897953033447266,64.93122220691235,60.71660117148414,62.36327917738424,397288600
2008-10-28,68.01416778564453,68.36236007665792,61.31865815811262,63.35705023440285,639939500
2008-10-29,67.52091217041016,70.48782534268595,66.81001058802381,68.0214394392476,531270100
2008-10-30,69.8567123413086,70.03080851161573,67.39032686855136,69.47949751548941,414582100
2008-10-31,70.24116516113281,71.50337186378576,68.53645972038366,68.97170283842779,411394000
2008-11-03,70.44429016113281,70.86502764464642,69.60281519410559,70.2049044686767,205419400
2008-11-04,72.838134765625,73.16456577015401,70.15412498343005,71.85883068320325,346793400
2008-11-05,69.77694702148438,73.05578638415777,68.9137103523719,71.96041954365619,387844100
2008-11-06,65.9104995727539,69.23286592429618,65.33017159072791,68.52196442303523,477721900
2008-11-07,68.08671569824219,68.18827225672221,65.64934722588681,66.48356655718763,380391000
2008-11-10,67.19445037841797,69.29813184668895,65.95400503635035,69.06600182129178,301773000
2008-11-11,65.11980438232422,66.83902150401622,64.3073518294919,65.837961522383,418498200
2008-11-12,62.25442886352539,64.52495079371471,61.74664617447865,64.00266239973072,454330600
2008-11-13,66.13539123535156,66.54162314217689,59.54869072449142,62.47933728043914,753141900
2008-11-14,62.83477783203125,66.78098949886991,62.76223267967613,64.85866471865735,540352300
2008-11-17,62.000553131103516,64.24205868142633,61.77567867424615,62.660670793085764,415254900
2008-11-18,63.168460845947266,63.270017412064725,60.14351412426777,61.76842471656486,523811800
2008-11-19,59.120670318603516,63.01610788904121,58.69993293163456,62.31971783530784,558327600
2008-11-20,54.731956481933594,59.85333371639884,54.44179810657356,58.12686149715884,814180400
2008-11-21,57.68437194824219,58.685437319357085,53.926762832173125,56.19003504684905,718536500
2008-11-24,61.68137741088867,63.10317495281442,58.29372689104637,59.42536042689342,523305300
2008-11-25,62.13838195800781,63.48038413979755,60.803629863268064,63.32804929548367,454112400
2008-11-26,64.53948974609375,64.69908024101208,61.108310708605224,61.15183891094025,370134200
2008-11-28,65.3519515991211,65.38096855995722,64.1840507483784,64.29285743348964,118308100
2008-12-01,59.563201904296875,63.50941992121039,59.38185005476106,63.48040296115435,369927100
2008-12-02,61.85544967651367,62.01504009485199,59.51238827102935,60.549720455812455,469508400
2008-12-03,63.342559814453125,63.71251905555001,60.310357337582026,60.498964769139775,519863500
2008-12-04,61.87722396850586,63.872093368570724,60.745585199974855,62.42852934519837,444173800
2008-12-05,63.78506088256836,64.14050889194392,59.65749178342784,60.680318681189114,471905300
2008-12-08,66.01203155517578,67.01309114021626,63.893844618148606,65.53326031814616,412859300
2008-12-09,64.92393493652344,66.83175360204459,64.5467256826502,65.5550411009222,370790000
2008-12-10,65.36647033691406,66.27322971287344,64.56126756830852,65.51880524794484,396187400
2008-12-11,63.792293548583984,66.01203720444555,63.37881177868004,64.95294364529539,365061000
2008-12-12,64.55399322509766,64.6120271365919,61.804698930264614,62.05859590944736,415060400
2008-12-15,63.65446853637695,64.67003951164692,62.59537490918945,64.57573305327011,256694200
2008-12-16,66.65045928955078,66.75201592754881,63.966452940594294,66.65045928955078,377699500
2008-12-17,66.00477600097656,67.04936376685588,65.33014732458213,65.89596385296151,281819800
2008-12-18,64.77159118652344,66.49805784060351,63.98815030440327,66.30220038728154,374673300
2008-12-19,64.49295043945312,66.26999868654532,64.41981642767031,65.158426427811,301451300
2008-12-22,63.6666374206543,64.84402460168766,62.51850275348252,64.77821063000897,243759500
2008-12-23,63.008480072021484,64.30287182541042,62.74521300703612,64.01035224438813,221625200
2008-12-24,63.37409973144531,63.52767118725522,62.89144180231892,63.220522696290956,62061600
2008-12-26,63.739749908447266,63.842130882616566,63.257091962210865,63.79824933701212,74767700
2008-12-29,63.55691909790039,63.86406198732776,62.59891782943306,63.79824246568244,127795900
2008-12-30,65.06340789794922,65.1219129186874,63.53499631240275,63.99571637653365,168256300
2008-12-31,65.99212646484375,66.52597481359093,64.99025486500017,65.14382630192488,193987200
2009-01-02,67.98126220703125,68.33228667335365,65.70693164508472,66.13839910203633,227566300
2009-01-05,67.90079498291016,68.49314820971193,67.19875188016603,67.73990905907122,240349700
2009-01-06,68.35420227050781,69.07086885133161,67.77647806307641,68.47852118645889,328260900
2009-01-07,66.30658721923828,67.46935041395331,65.96287730898074,67.27921194840452,280899200
2009-01-08,66.57718658447266,66.61374803580807,65.57530908487703,65.93364813164473,263834400
2009-01-09,65.1511459350586,66.78193816892761,62.4234154830293,66.66493373178632,330953600
2009-01-12,63.58617401123047,65.01951883406383,63.191279149102115,64.96832276671395,277858500
2009-01-13,63.703189849853516,64.2662852693613,63.037707865635426,63.42529940091198,356432300
2009-01-14,61.69942855834961,62.70861475221198,60.81456131125078,62.55504330397276,435491600
2009-01-15,61.72136306762695,62.34296334582209,59.761490213757554,61.51660114815974,532647300
2009-01-16,62.20402526855469,62.884130654674266,60.734124578671036,62.789064199600794,399237200
2009-01-20,58.920494079589844,62.204010196651446,58.54022277209015,61.597039008489055,419855200
2009-01-21,61.46540832519531,61.60435071991215,58.84736827330835,59.92237388887523,364360700
2009-01-22,60.514739990234375,61.45811243724708,59.35929104775258,60.2734109871821,427940300
2009-01-23,60.77800750732422,61.42154594171091,58.9205151047396,59.161844109889124,386800600
2009-01-26,61.194854736328125,62.4234323445653,60.558625153355706,61.12903518943972,317978800
2009-01-27,61.816436767578125,62.26984219917976,60.916946004371916,61.5239173142656,273789700
2009-01-28,63.907981872558594,64.3175060065927,62.94267099994401,63.184000112934626,330007000
2009-01-29,61.83107376098633,63.98108002375529,61.77256874693059,62.97189363834722,294392500
2009-01-30,60.573246002197266,62.45267640541856,60.119840496214636,62.14553343975876,383383600
2009-02-02,60.390403747558594,60.82918007713801,59.46165503026081,59.6517934855046,288233300
2009-02-03,61.238704681396484,61.692110055986525,60.127137593791744,60.77067584668461,278385800
2009-02-04,60.93890380859375,62.43074848433016,60.72682727544361,61.648261900322694,322989300
2009-02-05,61.845703125,62.37223714304338,56.84364111227943,60.478177582545435,417679400
2009-02-06,63.60814666748047,63.87140816952952,61.92616315626459,62.05779669696277,366101700
2009-02-09,63.69586944580078,64.16389835834492,63.12545955734666,63.593488469890794,240075200
2009-02-10,60.77800750732422,63.644686323244976,60.29534949702517,63.08889983302511,536212800
2009-02-11,61.13633728027344,61.465423789103724,60.25878441541611,61.02664177733001,324442500
2009-02-12,61.18022918701172,61.297233651774135,59.271546082424784,60.09059407379966,469302200
2009-02-13,60.52204513549805,61.60435985166998,60.50741609430021,61.09976951723412,293998400
2009-02-17,57.933250427246094,60.6682949803949,57.89668340787,58.620670220241244,478910100
2009-02-18,57.794307708740234,58.45978958241334,57.24583584424477,58.35009409364538,362964800
2009-02-19,57.17272186279297,58.61337588455006,57.05571182397103,58.38667032916899,316867500
2009-02-20,56.616920471191406,57.289711279725836,55.410281264559366,56.112330154462725,477176600
2009-02-23,54.59125900268555,57.23854750893335,54.54737743949713,57.23854750893335,379641400
2009-02-24,56.660804748535156,57.00450911038862,54.6277976047836,55.05926505629106,426260900
2009-02-25,56.2147102355957,57.34821537962311,55.307899425160755,56.41215764696888,461985800
2009-02-26,55.300601959228516,58.26234722045747,55.23478242221702,56.90945082364829,363353900
2009-02-27,54.0647087097168,55.35179111781897,53.97695118893306,54.123213723572626,470510900
2009-03-02,51.62949752807617,54.05740007399439,51.461302569108874,53.033584537423756,426452600
2009-03-03,51.24190139770508,52.43391165747311,50.927443950370055,52.36809770724576,443761000
2009-03-04,52.45584487915039,53.28952156041524,51.24189129594574,52.09019701616253,462753100
2009-03-05,50.313148498535156,52.455845212431534,49.852428617463325,51.263829600737644,485549400
2009-03-06,50.40091323852539,51.51979509835019,49.06995489334205,50.7519377334435,490470000
2009-03-09,49.80856704711914,51.19071593090598,49.530676597772796,49.6915570183342,379905300
2009-03-10,52.77763748168945,52.923900047312344,50.73001177708652,50.83239278334934,406227900
2009-03-11,53.1213493347168,53.93308846852297,52.52900126709748,53.38461638240239,356648300
2009-03-12,55.212825775146484,55.395649701554255,52.63135282696373,53.10669615149262,409702700
2009-03-13,55.644287109375,56.295145415072206,54.64973009082743,55.58578769370285,337474700
2009-03-16,55.47610092163086,57.01913553622053,55.43953389917651,56.28052520152804,360644900
2009-03-17,57.17272186279297,57.30435536679477,55.17628131532315,55.629686846739546,356814300
2009-03-18,58.452484130859375,59.16184207835825,56.360977316740204,56.90213474478612,473273200
2009-03-19,57.72850036621094,59.234968140948375,57.54567639046727,59.183777650913946,428520400
2009-03-20,56.49924850463867,58.11961881915742,56.36667280271697,58.00913813100913,371078200
2009-03-23,60.557491302490234,60.60904817244352,57.67765659991823,57.99436469228194,419933300
2009-03-24,59.36432647705078,60.660621060096446,59.29804146358402,59.83570530374396,330271000
2009-03-25,59.99040222167969,60.911065273696146,58.230094915766735,59.82837024472111,441775100
2009-03-26,61.21303939819336,61.35298196642991,59.894649363777575,60.579622831506875,422025200
2009-03-27,60.10824203491211,60.78584860514936,59.88728068322228,60.43231718558236,322332300
2009-03-30,58.03119659423828,58.826650304757536,57.41987537489787,58.77509343199857,324108500
2009-03-31,58.5688591003418,59.71784964244658,58.222694744337424,58.59832097262936,364238300
2009-04-01,59.703102111816406,59.968253281906186,57.69237896112458,57.83968266927389,377018300
2009-04-02,61.44869613647461,62.317801733124064,59.7546749435769,61.190911768671334,476230700
2009-04-03,62.06000900268555,62.07473712774206,60.88892357635853,61.492877850661934,284646300
2009-04-06,61.57392883300781,62.074769636375514,60.6090759871165,61.38242939132253,264866600
2009-04-07,60.137718200683594,60.87424872213892,60.03460437722241,60.5796353897004,258947800
2009-04-08,60.78583908081055,61.08781917285164,60.05667572533335,60.43966897306772,230402800
2009-04-09,63.2016487121582,63.20901558686272,62.11158726560534,62.36200481276947,269653500
2009-04-13,63.216373443603516,63.73930908744735,62.2957109116366,62.54612842307809,224847500
2009-04-14,62.126319885253906,63.164830141759275,61.92745920809296,62.62716063505407,276598800
2009-04-15,62.78919219970703,62.91440097042263,61.581283262650864,61.75068204202402,250726100
2009-04-16,63.70985412597656,64.18859981840902,62.43565457097438,63.29003219061122,335202900
2009-04-17,64.13704681396484,64.55686877471553,63.4447066747595,63.95291427645527,262649000
2009-04-20,61.44869613647461,64.11493667314308,61.38240551659504,63.00277483573149,293690100
2009-04-21,62.649253845214844,62.700810731836064,60.947870967435236,60.99942785405646,114090900
2009-04-22,62.266265869140625,63.592016902004914,61.92009576445417,62.0821333129695,340395200
2009-04-23,62.877567291259766,62.91439041920594,61.59600106233089,62.39145480043615,324903700
2009-04-24,63.82770538330078,64.3064454845303,63.11327023998044,63.36368779328331,287703000
2009-04-27,63.223751068115234,64.08549569181389,63.00279537479937,63.105909155536025,289581600
2009-04-28,63.024864196777344,63.7761222327677,62.42827676762979,62.58294737447259,247926300
2009-04-29,64.36538696289062,65.07982230287334,63.562571577074586,63.724603534195886,311505700
2009-04-30,64.38745880126953,65.56590581559539,64.01919375808778,65.21974139519858,301419800
2009-05-01,64.73363494873047,64.96932437383354,63.87189601500476,64.40219862630647,236110300
2009-05-04,66.93585968017578,66.98005531138895,65.09453425920537,65.21974865848358,287120000
2009-05-05,66.70755767822266,66.97270907007581,66.16988801716461,66.70755767822266,243036300
2009-05-06,67.8638916015625,67.90808161501742,66.73700130422665,67.52508838675612,291941000
2009-05-07,66.92113494873047,68.60778979433105,66.49394608073811,68.50467601506111,317728000
2009-05-08,68.48255920410156,68.65932482381618,67.34830237398383,67.78285235979844,299081700
2009-05-11,67.20101928710938,67.84180263565999,67.05371548295702,67.53982253208375,247923600
2009-05-12,67.00212860107422,67.63554479013176,66.17721305690506,67.4882354326315,282431300
2009-05-13,65.31547546386719,66.29506163509187,65.18289984957154,66.09619540400963,269619100
2009-05-14,65.8752670288086,66.37610782107569,65.18292679910057,65.3449643523752,260098700
2009-05-15,65.33760070800781,66.28772544706266,64.92514554784017,65.82371339187407,271502700
2009-05-18,67.19365692138672,67.27467007883746,65.23448376667231,65.95628588137758,241447400
2009-05-19,67.11266326904297,67.73871308964648,66.88433498583412,67.15685330224639,206102200
2009-05-20,66.663330078125,68.34998440701601,66.58967820396407,67.72392942845357,285722200
2009-05-21,65.70586395263672,66.1404197289376,65.00616245193929,65.88999651800762,258988400
2009-05-22,65.5658950805664,66.28769691950544,65.31547758945713,65.88997006367508,166811900
2009-05-26,67.24519348144531,67.43668724192618,65.05033153605463,65.07979341134664,236318500
2009-05-27,66.04464721679688,67.57663104580818,65.94153346092864,67.34830853199684,246015800
2009-05-28,66.9653091430664,67.27465040779767,65.62482470995279,66.62650600274958,289095000
2009-05-29,68.1511459350586,69.01288501435688,66.78856604039991,67.33359687440736,258641500
2009-06-01,69.80094146728516,70.0955545735814,68.813994023362,68.9907596394287,276246800
2009-06-02,69.85989379882812,70.24289267951835,69.40324863552506,69.52845743067074,230874500
2009-06-03,68.97603607177734,69.32956732727747,68.32052481706278,69.26328232410044,235310500
2009-06-04,69.62416076660156,69.72727448857322,68.71823226366828,69.23380087352655,210102300
2009-06-05,69.6389389038086,70.46384920545806,69.08654120426262,70.33127353279583,284257900
2009-06-08,69.3516845703125,70.04401911964302,68.52676874429393,69.11598951778205,238565100
2009-06-09,69.7052230834961,70.07348821205187,69.24857230114615,69.74205184406364,225125500
2009-06-10,69.52842712402344,70.33124205749253,68.63722657524136,70.32388080400789,296100400
2009-06-11,69.8377685546875,70.78789284981393,69.64626919724995,69.66100294281763,275414200
2009-06-12,70.02928924560547,70.07347925721545,69.23383532095052,69.5284485100019,184361800
2009-06-15,68.42364501953125,69.24855510632707,68.05537998241782,69.2043651000426,224190500
2009-06-16,67.49562072753906,68.71089656704504,67.4514307178665,68.66670655737249,227319000
2009-06-17,67.42935943603516,68.00385224101238,66.89905665627744,67.46618258395777,223445200
2009-06-18,67.92280578613281,68.25424207885912,67.20837069988235,67.53244573759068,211725100
2009-06-19,68.17314910888672,68.66200186314558,67.78798691363345,68.57312262656376,215655600
2009-06-22,66.1288833618164,67.54360570858196,66.1066635387402,67.50656890277284,251913600
2009-06-23,66.18070983886719,66.5732749874582,65.81036450607999,66.26959475310379,188309800
2009-06-24,66.7509994506836,67.46206132826129,66.36583740177643,66.78062773529318,211577700
2009-06-25,68.20278930664062,68.26944874570955,66.34365438643681,66.41772231352026,279411000
2009-06-26,68.02503967285156,68.32131712006534,67.60284614715415,67.97319154341582,167579000
2009-06-29,68.66201782226562,68.75090273052659,67.84725927511339,68.22501307144631,168481300
2009-06-30,68.10651397705078,68.92868118305947,67.60284402788349,68.67684903398687,228888200
2009-07-01,68.38794708251953,69.05456958339,68.29906219873034,68.3953499179041,173041100
2009-07-02,66.52136993408203,68.41013177519388,66.48433882310947,67.4990805498182,212309900
2009-07-06,66.5140380859375,66.61032585844377,65.66965100081326,65.87704352684062,174499600
2009-07-07,65.22522735595703,66.52884469260547,65.18078771811267,66.44736825587607,197088900
2009-07-08,65.18077087402344,65.77332559692282,64.44008029590954,65.61777560262072,248050500
2009-07-09,65.30670166015625,65.84740839070223,65.1141261351043,65.63260739643174,163777600
2009-07-10,65.15117645263672,65.54374175901526,64.69935451294953,64.95859521989539,173520300
2009-07-13,66.73625183105469,66.78809997024447,64.87711600978079,65.41041438488911,217413500
2009-07-14,67.11396789550781,67.17322449284606,66.46216227784754,66.94360659091538,181487400
2009-07-15,69.0767822265625,69.26195481031834,67.16579980595776,68.00277785016738,220877900
2009-07-16,68.96569061279297,70.00265840850007,68.75088969681637,68.88421420842185,231174500
2009-07-17,69.7212142944336,69.86194733724976,69.2842094892995,69.6693661709258,138561700
2009-07-20,70.46192169189453,70.58043494571008,69.76567610430857,70.12861305482849,164179400
2009-07-21,70.78778839111328,71.03221760383666,69.93599321560505,71.0099977937745,217718300
2009-07-22,70.77301788330078,71.20261431129953,70.28415917592629,70.33600731297906,196068100
2009-07-23,72.33584594726562,72.6469346397469,70.75817136921492,70.81742797283634,258795500
2009-07-24,72.63211822509766,72.69137482917738,71.61737572258116,71.99512385879261,154003100
2009-07-27,72.84690856933594,72.88394535424801,72.09880959206778,72.49878313483431,159259400
2009-07-28,72.50619506835938,72.86172900694652,71.8914205761255,72.33583941211448,186685200
2009-07-29,72.32843017578125,72.65433016084025,71.8321688852208,72.1728858452035,194399300
2009-07-30,73.08393096923828,73.9431346698455,73.03208285978923,73.2024441628476,225575400
2009-07-31,73.18762969970703,73.6764881635914,72.86913254472731,73.06912215305101,207358000
2009-08-03,74.39495849609375,74.4616179311737,73.55797458217697,73.95794814571751,175776900
2009-08-04,74.5875244140625,74.69122062270016,73.90609057129515,74.06163488425165,176714600
2009-08-05,74.37274169921875,74.70605019017026,73.75796717935482,74.63938510136767,184726400
2009-08-06,73.98757934570312,74.8245576414138,73.63945387947199,74.71345857859151,193203800
2009-08-07,74.9578857421875,75.57266029054863,74.3579281702562,74.76531025676557,220640900
2009-08-10,74.8023681640625,74.97272954784553,74.26906984216076,74.6171954495701,130898700
2009-08-11,73.86909484863281,74.52090070836609,73.66910517109746,74.46905257919437,157301000
2009-08-12,74.66159057617188,75.22451118124755,73.70609933329429,73.74313046069666,219052400
2009-08-13,75.23197174072266,75.2616000537639,74.2616685054696,75.00235937843172,176449500
2009-08-14,74.65423583984375,75.25419365529844,73.84687982733342,75.19493702756824,199616100
2009-08-17,72.81725311279297,73.29129439755943,72.66911733043516,73.21722650638053,237667500
2009-08-18,73.39503479003906,73.65428104186714,72.84692528390165,72.98024982874819,173461500
2009-08-19,74.0394287109375,74.29126644330854,72.74322021322986,72.81728814003762,192812800
2009-08-20,74.8023681640625,74.97272954784553,73.97279801979114,74.13574526168532,174131300
2009-08-21,76.26892852783203,76.38743611100385,75.268997131165,75.41713302288528,224605000
2009-08-24,76.26148223876953,76.99476414606964,75.98742475879995,76.5799793340242,191279000
2009-08-25,76.40962982177734,77.22438818963677,76.24667701800152,76.5651741387398,215310600
2009-08-26,76.41706085205078,76.76518639746558,75.91339093228459,76.17263155620356,194620700
2009-08-27,76.58740997314453,76.82443074158861,75.50600236392958,76.37260901877006,196230100
2009-08-28,76.57260131835938,77.29107219013883,76.04671160781454,77.20219292420092,147024400
2009-08-31,75.89112854003906,75.98001341167084,75.3948673882202,75.8244691245792,176051600
2009-09-01,74.21719360351562,76.46889363719028,74.06164926036641,75.51340211411309,321276800
2009-09-02,73.93574523925781,74.39497550632929,73.75057256478051,73.90611693321885,171805000
2009-09-03,74.55052185058594,74.63940112003682,73.76538584729897,74.36534917120099,143572300
2009-09-04,75.59489440917969,75.61711422700841,74.47645547097405,74.69865930028307,142687900
2009-09-08,76.24671936035156,76.32819580748607,75.83933712467903,76.29115900387117,132909100
2009-09-09,76.83184051513672,77.09108110198682,76.14299801235165,76.38001878476044,154612500
2009-09-10,77.6169662475586,77.66881436191152,76.45408226762542,76.88368415856141,162902400
2009-09-11,77.60215759277344,77.99472838756473,77.23922075338506,77.76511044136204,152360100
2009-09-14,77.97991943359375,78.11324399151908,76.40225020732879,76.94295127762133,149593800
2009-09-15,78.30580139160156,78.59467023757237,77.59473918221035,78.1058117899171,196795900
2009-09-16,79.49093627929688,79.50574760881896,78.31324062201972,78.58729260084601,206406300
2009-09-17,79.37238311767578,80.03899993285032,78.93537285888587,79.37978595267526,229170900
2009-09-18,79.42301177978516,79.75046978847345,79.15509262321065,79.74302601247486,153799100
2009-09-21,79.22203826904297,79.63136061816087,78.63411079003392,78.80527782480307,151892000
2009-09-22,79.68350219726562,79.90677009585595,79.3337184725121,79.6909459746689,143126700
2009-09-23,79.0211410522461,80.3979444987501,78.87973768363166,79.8695499080567,225947400
2009-09-24,78.150390625,79.36346480346764,77.80805077729633,79.19229771858423,228636800
2009-09-25,77.73362731933594,78.41086894304506,77.46570818005948,77.97922080999554,204059000
2009-09-28,79.12532806396484,79.296500854836,78.01644384534393,78.03132572031899,118285800
2009-09-29,78.88717651367188,79.64627703466181,78.72344750300365,79.26672961313567,133733900
2009-09-30,78.58204650878906,79.22951879466649,77.8601591695612,79.15509806337822,254383000
2009-10-01,76.6321792602539,78.68622389417561,76.61729171072469,76.65450490661124,281840600
2009-10-02,76.27496337890625,76.72893718303806,75.90285407571214,75.92517972543381,224748800
2009-10-05,77.41361236572266,77.6368802056266,76.35682336977631,76.58009120968026,149875000
2009-10-06,78.5224838256836,78.96901372356737,77.92710684321474,77.97175812962242,202491100
2009-10-07,78.73834228515625,78.82020679800698,78.19506012514127,78.34390159690358,159200300
2009-10-08,79.34115600585938,79.75791666062831,78.77554820443147,79.29650470083072,183305800
2009-10-09,79.82488250732422,79.82488250732422,79.1550846830761,79.36346496663398,135008300
2009-10-12,80.13745880126953,80.44258547369944,79.83977022669933,80.19699765177103,118031000
2009-10-13,79.97370147705078,80.15975606052,79.45275091451113,79.92160642079682,157692700
2009-10-14,81.35057067871094,81.43243521651142,79.94399733350618,80.91148422863554,191421600
2009-10-15,81.64823150634766,81.64823150634766,80.91890037240304,80.95610790000708,173873600
2009-10-16,81.0379867553711,81.3207878625634,80.54680528730665,80.97100978706462,192069400
2009-10-19,81.7077865600586,81.96081823849845,80.91891641205304,81.17194809049289,159530400
2009-10-20,81.276123046875,81.85661272084258,80.88168804676565,81.8268432916727,180921100
2009-10-21,80.5467758178711,82.0947460799718,80.48723697142267,81.14959102383492,225379300
2009-10-22,81.36544036865234,81.62591580538769,80.00351864208643,80.51703141589229,238444000
2009-10-23,80.43514251708984,81.6854299124102,80.1002407617019,81.63333484085256,240033200
2009-10-26,79.56441497802734,81.35053511443786,79.34114712200731,80.52445199627616,242028200
2009-10-27,79.19975280761719,79.92164585614755,79.00626003344843,79.653726669519,253266300
2009-10-28,77.7038803100586,79.24441285375059,77.65922332526897,78.9988193101917,248821400
2009-10-29,79.37091064453125,79.52719586094607,78.09829758692172,78.28435222712083,198110600
2009-10-30,77.0713119506836,79.34862577816529,76.98200931136977,79.1104759434285,325608100
2009-11-02,77.63688659667969,78.44808784903405,76.71405709312116,77.49548324123775,254222900
2009-11-03,77.88248443603516,77.99411837138447,77.05640126356319,77.20524272540372,228362600
2009-11-04,78.08344268798828,79.13279402292528,77.88250609084045,78.52253477499931,247996700
2009-11-05,79.5197525024414,79.54207815091243,78.47040727874386,78.63413627144745,180015300
2009-11-06,79.7281494140625,79.9290916480689,78.92439751185161,79.08068276166868,170954100
2009-11-09,81.54405212402344,81.58870343422613,80.27888245947803,80.33841564710204,159495700
2009-11-10,81.55890655517578,81.8119438096958,81.097494697186,81.35052627376919,171899800
2009-11-11,81.97569274902344,82.47431792631829,81.58125773779204,82.09476479112244,169466200
2009-11-12,81.14215850830078,82.28825591075599,80.93377819475214,81.86405150733549,157144500
2009-11-13,81.58123779296875,81.93101573470405,80.93376562392014,81.35052618628514,150963000
2009-11-16,82.76453399658203,83.12176135455753,82.102180023487,82.14683131400784,210922200
2009-11-17,82.8613052368164,82.89851844205043,82.23616427003809,82.54873475342725,147134100
2009-11-18,82.8091812133789,82.92825888615823,82.28823058980925,82.80174311728217,156486800
2009-11-19,81.73008728027344,82.83897141605662,81.21657462395905,82.24359993658783,208734600
2009-11-20,81.43982696533203,81.68542042182831,81.12725657230202,81.30586741432828,134196000
2009-11-23,82.47431945800781,83.15899932712283,82.31059042888504,82.39989872057154,148010200
2009-11-24,82.60084533691406,82.75713060794101,81.87151407212164,82.60828911494553,138420100
2009-11-25,82.89109802246094,82.9804063334251,82.47433726050726,82.7348127367283,109564800
2009-11-27,81.54405212402344,82.10221621331208,80.59145298677436,80.67331750743845,126001800
2009-11-30,81.81938171386719,82.0128744310395,80.46490430397894,81.47704189355878,160874800
2009-12-01,82.8315658569336,83.09948511521974,82.40736131097049,82.54875904099845,159613700
2009-12-02,82.79431915283203,83.35992687799067,82.5487256524153,82.81664480233586,132315100
2009-12-03,82.1468505859375,83.48644639519905,82.0798736344432,83.01759070092629,167324900
2009-12-04,82.6156997680664,83.6352755099566,81.89380689281069,83.233396826476,274907800
2009-12-07,82.48921203613281,83.00272484355928,82.22873658234369,82.54131280482969,127973800
2009-12-08,81.57381439208984,82.43710515517104,81.32077707464205,81.89382866895902,169863700
2009-12-09,81.87889862060547,81.99797627947218,81.13468028649443,81.5514464145926,155063400
2009-12-10,82.34032440185547,82.6975517368331,82.19892108706117,82.38497568950172,138014600
2009-12-11,82.69012451171875,82.8761791513945,82.31801523236729,82.69012451171875,124854000
2009-12-14,83.25574493408203,83.35249131744644,82.70501902833364,83.25574493408203,107141500
2009-12-15,82.8687515258789,83.29295595989328,82.60827611515748,82.95061603752538,120408800
2009-12-16,82.99530029296875,83.4492743367186,82.80924554316768,83.20368638221585,155358200
2009-12-17,81.99800872802734,82.55617269948934,81.92358800075324,82.39988746883247,183390100
2009-12-18,82.46192932128906,82.5292725827949,81.76607939776804,82.4544454681201,174591200
2009-12-21,83.2999267578125,83.57676647447072,82.87343855113048,82.87343855113048,118039600
2009-12-22,83.59920501708984,83.77877746866166,83.37473517124607,83.47948624370508,91707500
2009-12-23,83.76380920410156,83.88352797668075,83.42711014610683,83.80122274765888,111783100
2009-12-24,84.160400390625,84.25018379039406,83.80124966602747,83.94341432700462,39677500
2009-12-28,84.33997344970703,84.54199180901439,84.0406821286715,84.47465425874765,87508500
2009-12-29,84.22025299072266,84.5719198579235,84.21277484651071,84.55695786099257,80572500
2009-12-30,84.19031524658203,84.28758819711632,83.9284375115022,83.97333491502052,73138400
2009-12-31,83.3822021484375,84.39978868226727,83.34478861219947,84.37733713542195,90637900
2010-01-04,84.79638671875,84.84127841643372,83.43461670677748,84.07809101327615,118944600
2010-01-05,85.02086639404297,85.05827995459525,84.43725138387785,84.74402659658446,111579900
2010-01-06,85.0807113647461,85.29021356785614,84.87120916163605,84.93854670898989,116074400
2010-01-07,85.43986511230469,85.5446162175821,84.68415581694015,84.9235877302181,131091100
2010-01-08,85.72418212890625,85.76159568155796,85.04329999699722,85.21538863877906,126402800
2010-01-11,85.84390258789062,86.14318818085562,85.47726803204701,86.10578033598838,106375700
2010-01-12,85.04327392578125,85.45479433625928,84.71405303059488,85.27522189729622,163333500
2010-01-13,85.76155090332031,86.0009826731606,84.82626966042794,85.2602358186672,161822000
2010-01-14,85.99354553222656,86.15067218135538,85.6119489794813,85.6643245291909,115718800
2010-01-15,85.02831268310547,85.92618065461131,84.69909176291749,85.84388113306966,212283100
2010-01-19,86.09081268310547,86.14318823275657,84.99092043192546,85.01337198906745,139172700
2010-01-20,85.21538543701172,85.63438981013572,84.53450333068523,85.50719286950971,216490200
2010-01-21,83.57677459716797,85.49971363993842,83.4720234982238,85.237835892578,344859600
2010-01-22,81.71370697021484,83.6067165903922,81.62391785427282,83.20267413141444,345942400
2010-01-25,82.13268280029297,82.61155220989988,81.86332696336589,82.46190373548971,186937500
2010-01-26,81.78852081298828,82.65646506127828,81.58650245644192,81.81096666277043,211168800
2010-01-27,82.1776123046875,82.36466868940627,81.05527399637495,81.68378070894622,271863600
2010-01-28,81.23481750488281,82.49183618944313,80.7409917940765,82.4469444998714,316104000
2010-01-29,80.3519058227539,82.15513134087391,80.22470890554776,81.58647857597437,310677600
2010-02-01,81.60144805908203,81.60893191034152,80.43421843685972,80.92056601562099,187865000
2010-02-02,82.58912658691406,82.74625325299677,81.4667883647455,81.7511177011396,216327900
2010-02-03,82.1776123046875,82.66396004665785,81.93818036058781,82.21502015652656,172730700
2010-02-04,79.64109802246094,81.57899869413097,79.6261303205877,81.54159085645924,356715700
2010-02-05,79.80570983886719,79.97031460271101,78.24939991111465,79.73088274524953,493585800
2010-02-08,79.22956085205078,80.30700689715532,79.16970146987723,79.86555108925643,224166900
2010-02-09,80.2247314453125,80.92058132292264,79.51391386235198,80.15738818824984,337820500
2010-02-10,80.06758880615234,80.5090389812418,79.39418491249347,80.09751850237116,240511500
2010-02-11,80.90562438964844,80.99541350818451,79.49896245029657,79.96286433330462,223591600
2010-02-12,80.83827209472656,80.88316379155664,79.69348815750591,80.05263314915994,304622100
2010-02-16,82.11024475097656,82.19254999258898,80.67365351129718,81.45180852658338,159317500
2010-02-17,82.49930572509766,82.61154063805752,82.1102254546374,82.50678386639146,168845100
2010-02-18,82.98565673828125,83.15774533143444,82.33469878223275,82.36462847419527,193708600
2010-02-19,83.1577377319336,83.47947475549695,82.57412306326158,82.76866318898709,222684900
2010-02-22,83.1727066040039,83.48695978256704,82.92579094577376,83.46451394245605,132346900
2010-02-23,82.1626205444336,83.20265328232469,81.9456345166605,82.94825941366352,207497000
2010-02-24,82.9183349609375,83.05301575536754,82.20003929347943,82.40954148292472,176350700
2010-02-25,82.80609130859375,82.86595070171542,81.51166475624676,81.73612891769412,259634700
2010-02-26,82.85846710205078,83.14279636598911,82.38708722392462,82.8809129474131,173589300
2010-03-01,83.71894836425781,83.80125362360444,83.18022510617345,83.20267095717574,147709700
2010-03-02,83.95088958740234,84.35493199800459,83.80124678725643,84.07809224688397,160992400
2010-03-03,84.02571868896484,84.52702836070165,83.81621077188163,84.1678776399232,150785000
2010-03-04,84.28010559082031,84.39982439063003,83.82368765643227,84.13794094317292,135770400
2010-03-05,85.48472595214844,85.55206347758632,84.62426586213259,84.82628985545628,176118800
2010-03-08,85.49971008300781,85.68676642455578,85.35006729317203,85.49223193947059,114631200
2010-03-09,85.64189147949219,86.0384500877734,85.20044116718145,85.24533287121099,154556700
2010-03-10,86.02345275878906,86.25540074568903,85.60444847058129,85.67926984940335,186088800
2010-03-11,86.38260650634766,86.40505805994813,85.55955983801223,85.82143754495907,160791100
2010-03-12,86.39010620117188,86.77170276328116,86.15067429540872,86.7567350581358,162074800
2010-03-15,86.41255187988281,86.47241128333222,85.74663171490214,86.2404632305994,146816800
2010-03-16,87.10092163085938,87.1832211731057,86.41254992378745,86.65198182365823,168673000
2010-03-17,87.61717224121094,87.90150147864676,87.10837886256859,87.36277840614247,177468100
2010-03-18,87.5722885131836,87.74437713289736,87.22062171397818,87.62466405507551,196509100
2010-03-19,87.12902069091797,88.12074509819351,86.79092930742907,87.12902069091797,226641100
2010-03-22,87.5948257446289,87.7526051603953,86.58056307364089,86.63315430155838,184477800
2010-03-23,88.21088409423828,88.28601358521149,87.43703371437732,87.72253380489333,182941600
2010-03-24,87.78263092041016,88.22590464623254,86.835989049287,87.88030441410642,196072600
2010-03-25,87.63988494873047,88.78186805355917,87.534702520602,88.37616194562975,223396300
2010-03-26,87.58731079101562,88.21840548268291,87.24171049814827,87.80519035799986,205808500
2010-03-29,88.1432876586914,88.30106135251073,87.66996657723341,88.0305905253878,134513500
2010-03-30,88.2033920288086,88.52645408159371,87.83525341629064,88.24846858854143,145772500
2010-03-31,87.90289306640625,88.29357006905887,87.60988388141283,87.86532543468265,161078700
2010-04-01,88.50389862060547,88.8419842169981,87.9779806870898,88.50389862060547,161215200
2010-04-05,89.22515869140625,89.28525885315375,88.59405827094268,88.84199078369672,105847600
2010-04-06,89.43555450439453,89.5933282310476,88.87207445262693,88.96974226474107,110384200
2010-04-07,88.92462921142578,89.67593563887479,88.51140838352357,89.25520587374756,184576300
2010-04-08,89.23267364501953,89.38293838955262,88.35364638455304,88.61660252246858,158704000
2010-04-09,89.81871032714844,89.85627221961435,89.25523035202708,89.42051299650365,133006500
2010-04-12,89.96147155761719,90.19438055544138,89.82623610895068,89.93141859880066,110279000
2010-04-13,90.029052734375,90.18682640007864,89.40546700896542,89.87127906867137,125043600
2010-04-14,91.05087280273438,91.05087280273438,90.21692179730435,90.35966619133984,161609000
2010-04-15,91.12596130371094,91.33632619557918,90.8705141264328,90.90056707270159,144615300
2010-04-16,89.67594146728516,91.12596319578518,89.21764405819356,90.80290118170444,366786700
2010-04-19,90.01403045654297,90.10418930059454,89.00728249202896,89.4129886922404,217947800
2010-04-20,90.81792449951172,90.89305973251088,90.05910908793912,90.57750665714954,157708000
2010-04-21,90.65265655517578,91.08090108528664,90.14927677991102,90.87053042367592,192910100
2010-04-22,90.923095703125,91.03579280667333,89.49561816488875,90.01401566999061,115360300
2010-04-23,91.51667785644531,91.55424548858781,90.63013561883191,90.86304462048675,177335500
2010-04-26,91.17105102539062,91.7495602935986,91.08089790557635,91.54670430998804,143457300
2010-04-27,89.01482391357422,91.16355588842902,88.84202084354648,90.64515814237673,355853300
2010-04-28,89.69098663330078,89.91638092316695,88.85703578561682,89.44305979286588,300674100
2010-04-29,90.80290985107422,90.99073648807678,90.20937699030448,90.23191526962253,193775000
2010-04-30,89.26273345947266,90.91561138438261,89.24019517906267,90.81793785992018,270000900
2010-05-03,90.41973876953125,90.66767129745604,89.55573512289314,89.69097052612356,182747900
2010-05-04,88.29354095458984,89.428015420767,87.84275818262975,89.41299181224103,360353400
2010-05-05,87.76762390136719,88.50390678339184,87.12901453149658,87.5722826090727,328973200
2010-05-06,84.85253143310547,87.90283303583153,78.88715785266933,87.34686800449987,647356600
2010-05-07,83.59038543701172,85.47616113576012,82.20046918192918,84.62718662432414,637558800
2010-05-10,87.2717514038086,87.63988992315372,86.33261843363339,87.00878958654933,396159600
2010-05-11,87.0238265991211,88.17332453887423,86.33262604779434,86.45283209793178,317849800
2010-05-12,88.2409439086914,88.36867036680336,87.21916663587714,87.36943137129899,235607100
2010-05-13,87.14405059814453,88.413760581568,87.0689210848327,88.00053966033123,234452500
2010-05-14,85.5663070678711,86.64819039160611,84.79997686823506,86.49041669556382,345601400
2010-05-17,85.61138153076172,86.03962604724185,83.9735329755893,85.79920817363922,325739800
2010-05-18,84.44683074951172,86.56551432344091,84.16884535010517,86.31006719630825,360556800
2010-05-19,83.96603393554688,84.7248495351773,82.91420346503136,83.97354287509692,394742700
2010-05-20,80.79547119140625,82.56103965336713,80.74287998554398,82.17787187807826,530418300
2010-05-21,81.97508239746094,82.17793270392778,79.15768200088067,79.57090301851875,500909400
2010-05-24,80.92322540283203,82.18542059852547,80.84809589647215,81.53178185596522,269823000
2010-05-25,81.00589752197266,81.04346515411831,78.42140034118415,78.96985681762484,396505200
2010-05-26,80.51753234863281,82.2455399373791,80.27711444978257,81.5017479584385,349719300
2010-05-27,83.21471405029297,83.24476699976171,81.72712457766734,82.03516301071143,300870500
2010-05-28,82.17041015625,83.18467298465895,81.77972748935711,83.12456707713469,297933500
2010-06-01,80.7879867553711,82.60614710355496,80.66778069642369,81.40405785401248,277909400
2010-06-02,82.89165496826172,82.8991639068865,80.77297067718453,81.20121519138053,240243700
2010-06-03,83.17715454101562,83.44011070949031,82.32818013079316,83.13207797842412,226618300
2010-06-04,80.25457763671875,82.1403589687346,79.98410677905851,81.59941725341412,398475600
2010-06-07,79.25530242919922,80.84807389790355,79.19520227967277,80.54003555402642,264609100
2010-06-08,80.10433197021484,80.26210570818802,78.62425667758885,79.31545754833304,357774300
2010-06-09,79.6760482788086,81.35145838853036,79.33795694998544,80.57009902246678,268023300
2010-06-10,82.00511932373047,82.10278712152495,79.66855525975025,81.03593308894641,317890600
2010-06-11,82.40332794189453,82.45591918726637,81.23129119817025,81.2838824435421,214128200
2010-06-14,82.27558898925781,83.4851930976109,82.19294480307111,83.03440454313268,207196100
2010-06-15,84.14631652832031,84.22144602167516,82.71131855758722,82.85406860737046,238268700
2010-06-16,84.11630249023438,84.46190290512487,83.54530775901655,83.71059616005452,216374000
2010-06-17,84.25151062011719,84.39426068964737,83.43258928484421,84.35669307176667,263185800
2010-06-18,84.3428726196289,84.64482046932184,84.07111494747642,84.41835958205215,174006600
2010-06-21,84.10128784179688,85.45251964902765,83.63325958814792,85.3921335512056,213140700
2010-06-22,82.71226501464844,84.47113815028389,82.59148711653708,84.10124827826054,239355400
2010-06-23,82.45565795898438,83.05955933120705,81.88949718292766,82.76515618840038,254639900
2010-06-24,81.08931732177734,82.15370231833853,80.87795155887345,82.04801943688658,268523600
2010-06-25,81.42901611328125,81.8441972106162,80.59864240004131,81.33087789665197,238726500
2010-06-28,81.1723861694336,81.76874309417428,80.8779829199054,81.5498268236274,169218600
2010-06-29,78.6661148071289,81.15722334963091,78.16789655419802,80.03244699210035,373649500
2010-06-30,77.9188232421875,79.17192279582224,77.66216068924015,78.44723767577709,284101700
2010-07-01,77.57157897949219,78.12263892554412,76.34111917143942,77.86598213078797,382924800
2010-07-02,77.14884185791016,78.06979767056198,76.71101522113398,77.8357863854501,233385200
2010-07-06,77.65458679199219,78.78690794566162,76.90725068388645,78.23584245012455,256935300
2010-07-07,80.10042572021484,80.19855817975063,77.76784036696824,77.85087774014667,253769400
2010-07-08,80.89303588867188,80.98361790611675,79.94943481172834,80.77225218636683,210842100
2010-07-09,81.4969482421875,81.50449866443276,80.71942177018194,80.87039565937896,144999900
2010-07-12,81.5497817993164,81.70830609544075,80.88548868804048,81.22518278555205,131283600
2010-07-13,82.78026580810547,83.1048591585342,82.2292000602511,82.39527482698217,213025900
2010-07-14,82.77272033691406,83.09731946605044,82.17636352946415,82.51605774771296,184426800
2010-07-15,82.79534149169922,83.08219417473265,81.65546966297441,82.74250005642241,232337900
2010-07-16,80.5156021118164,82.44054501229084,80.35707204961889,82.34995722807575,282693400
2010-07-19,80.99120330810547,81.24786014743006,80.18348066775104,80.81003343568304,186709000
2010-07-20,81.88948059082031,81.94986668430774,79.88149468079874,79.91924102860193,258162400
2010-07-21,80.82510375976562,82.33486567234874,80.49295429602626,82.31222016514553,264527000
2010-07-22,82.62928009033203,82.99162553301522,81.77626656635125,81.78381123026152,274781300
2010-07-23,83.3464126586914,83.46719062195653,82.22918626224335,82.46319752557788,222020800
2010-07-26,84.21453857421875,84.29757596079429,83.25584205550942,83.48985336715718,184445700
2010-07-27,84.20699310302734,84.7656035315881,83.87484355990613,84.67501572184067,204855600
2010-07-28,83.6634750366211,84.29002774189532,83.38416695180003,84.0333651689516,163056200
2010-07-29,83.25584411621094,84.4108113735301,82.59155076645048,84.18434472103033,220149100
2010-07-30,83.24071502685547,83.68609775652462,82.26692372562674,82.41034718155049,220070600
2010-08-02,85.12037658691406,85.25625538677264,84.19942091668196,84.53911503668614,188263200
2010-08-03,84.71276092529297,85.12794208923748,84.43345283518467,84.90903163075518,146657300
2010-08-04,85.2789077758789,85.38459065548855,84.667456006811,84.94675829180004,158171700
2010-08-05,85.18832397460938,85.23362075319706,84.60706810951564,84.73539650372935,140473800
2010-08-06,84.84104919433594,84.97692796317078,83.73137354206527,84.35037554247216,239728300
2010-08-09,85.29402160644531,85.43745087141548,84.78825260583695,85.2411801550278,120800400
2010-08-10,84.83355712890625,85.2864905094393,84.07113117420245,84.56934982978676,242916300
2010-08-11,82.50849151611328,83.55777559338729,82.37261271247353,83.52757966376905,273406900
2010-08-12,82.00274658203125,82.29714980328772,81.22521983054433,81.26296619605384,239542600
2010-08-13,81.76116180419922,82.25183562128255,81.66302934449661,81.74606671781618,158698500
2010-08-16,81.72343444824219,81.98764169738696,80.90816142863598,81.20256461472388,147895300
2010-08-17,82.72740936279297,83.33131649086876,82.19144452228618,82.42546155804028,172270300
2010-08-18,82.87837219238281,83.32374914543945,82.21407909384132,82.68965197309767,182922100
2010-08-19,81.43657684326172,82.65193596228913,81.09688262757989,82.44812058473725,265847600
2010-08-20,81.1723861694336,81.48189027033042,80.58357967037723,81.19503168719925,209714200
2010-08-23,80.86286926269531,81.95744460484127,80.82512290222711,81.55735852473669,163490300
2010-08-24,79.66259765625,80.3117958311675,79.23986610394482,79.97964632047889,280677800
2010-08-25,79.97209167480469,80.27403945488618,78.72653692447194,79.2247553690342,272234800
2010-08-26,79.43612670898438,80.4552148628018,79.17191376304842,80.34953198814131,224439500
2010-08-27,80.66658020019531,80.74961756690233,78.74163144003745,79.93434474429773,272649000
2010-08-30,79.49651336669922,80.70432753006163,79.48896870365967,80.45521542692178,167238600
2010-08-31,79.49651336669922,80.00228799530326,78.87751119965414,79.20211024818295,273933100
2010-09-01,81.87438201904297,81.9876153063094,80.51559984969849,80.56844128251826,256828100
2010-09-02,82.63684844970703,82.65194354008936,81.89706231666541,82.07068753213906,156112200
2010-09-03,83.7087631225586,83.78425007926248,82.99917305911372,83.4445558944522,212197300
2010-09-07,82.7651596069336,83.4219082076284,82.69722307545766,83.31622531914219,141973700
2010-09-08,83.3464126586914,83.67855637713417,82.89347945841375,82.93122581153185,149924400
2010-09-09,83.73139953613281,84.3051107114621,83.50493869062639,84.28246520283996,147017900
2010-09-10,84.1541748046875,84.25230730611233,83.69369672387751,83.88241705997054,127819000
2010-09-13,85.0902099609375,85.26382941209505,84.64482705719016,84.9845270534625,178503500
2010-09-14,85.037353515625,85.5204769387065,84.60707153696536,84.92412020349657,209823600
2010-09-15,85.3619613647461,85.46009384037487,84.531593256073,84.78825008123414,168608400
2010-09-16,85.33932495117188,85.39216640665023,84.81090463710167,85.09776318908703,199962900
2010-09-17,85.37115478515625,85.8720462054312,85.1358907611514,85.78856430205205,195836900
2010-09-20,86.67652130126953,86.86625188965077,85.3939406709746,85.66715318145303,214555200
2010-09-21,86.50196075439453,87.15462856363156,86.14526636985005,86.74481564321586,268389100
2010-09-22,86.07697296142578,86.85107701360869,85.83411803704094,86.365367164839,191322400
2010-09-23,85.37874603271484,86.26668360182705,85.13589116449313,85.37115518961257,202354300
2010-09-24,87.13948059082031,87.20019578001165,86.25154266184381,86.32743375327341,209671800
2010-09-27,86.72203826904297,87.26846318590555,86.63856215296609,87.16980538318417,128761800
2010-09-28,87.02565002441406,87.30645346076433,85.89485701229167,86.83591938123354,209207500
2010-09-29,86.87384796142578,87.20777566990623,86.53232940772031,86.80554193463733,179665800
2010-09-30,86.61579895019531,87.87561273197079,86.20598021841718,87.31401185810486,287106700
2010-10-01,86.9801025390625,87.36715461015777,86.46403504097506,87.26849098588946,174638700
2010-10-04,86.32742309570312,87.16223657860492,85.89483755882829,86.79795706866739,166153200
2010-10-05,88.06532287597656,88.27782014165315,87.02559749449755,87.12426107507328,229634100
2010-10-06,88.05776977539062,88.28544882340867,87.70107530221777,88.05017892975837,148626600
2010-10-07,87.95149993896484,88.43720972044777,87.42025667487957,88.41444297914659,164860000
2010-10-08,88.44482421875,88.68767917444282,87.73902609906166,88.07295383443386,177760100
2010-10-11,88.52828216552734,88.77113705541773,88.22471210563502,88.58140649174969,103098300
2010-10-12,88.80150604248047,89.05953686294369,87.76937118039147,88.23989933302866,182210000
2010-10-13,89.49211120605469,89.9702359339082,89.08229249223052,89.29479558800837,194347200
2010-10-14,89.14298248291016,89.56039192263896,88.5813817922788,89.40860403995771,217764300
2010-10-15,89.32515716552734,89.81845784490203,88.61177410269983,89.76533351266893,243705000
2010-10-18,89.76532745361328,90.06130668323624,89.02917190656012,89.35550872256974,141204800
2010-10-19,88.58898162841797,89.4389706972699,88.05014182783556,88.9380851088559,280604700
2010-10-20,89.45419311523438,89.88677868907249,88.69527064954512,88.74839499053861,200051800
2010-10-21,89.6514892578125,90.3800539713499,88.95328213110386,89.85640152137725,221585500
2010-10-22,89.81845092773438,89.9550571701159,89.55282928702518,89.78809334163654,108212400
2010-10-25,90.08409118652344,90.88855290908407,90.01579094627553,90.41801891249649,151145700
2010-10-26,90.09929656982422,90.19036358076796,89.45421348511836,89.62876244950735,158982900
2010-10-27,89.84121704101562,89.93988064267248,88.99122779669491,89.46934674662532,190024000
2010-10-28,89.85639953613281,90.39523366267393,89.42381406608615,90.35728523244698,168576000
2010-10-29,89.92469024658203,90.09924490099014,89.60594431082835,89.7653172787052,144305500
2010-11-01,89.95507049560547,90.88095674333437,89.4390030357296,90.36488928345851,174074800
2010-11-02,90.66844940185547,90.88094672247038,90.3876460624042,90.63050097026664,158345900
2010-11-03,91.03273010253906,91.08585443341289,89.89434662085604,90.82782362348796,226702800
2010-11-04,92.78585052490234,92.83138401423875,91.04791760377209,92.04210405507142,215039400
2010-11-05,93.13495635986328,93.28673852138023,92.72513757562551,92.84656214681542,180654100
2010-11-08,92.96041107177734,93.11219903877547,92.54300719030003,92.84657154405848,156107100
2010-11-09,92.29255676269531,93.30951003508964,91.92068639489187,93.21085220407365,186621600
2010-11-10,92.66439056396484,92.70992982887147,91.57154663818365,92.26975360551093,221387400
2010-11-11,92.31531524658203,92.45192150274909,91.58675047706375,91.86755383421772,158017600
2010-11-12,91.22246551513672,92.09522738868331,90.8050616904792,91.69299946360032,239068800
2010-11-15,91.09344482421875,91.8675488303742,91.05550218242227,91.51085441480431,163940800
2010-11-16,89.67426300048828,90.6836252731051,89.24167172492972,90.53184312703094,299566200
2010-11-17,89.71981811523438,90.09168851584604,89.44660555434278,89.71222726906541,172308900
2010-11-18,91.04032135009766,91.36665818122981,90.57737826895395,90.58496911343177,197723700
2010-11-19,91.290771484375,91.32871412834784,90.50149153425163,90.9947922268435,156852900
2010-11-22,91.21488952636719,91.2528321741337,90.13721526568553,90.83542830798991,181361000
2010-11-23,89.89435577392578,90.3269413094066,89.54525216547795,90.13721070980768,222309000
2010-11-24,91.22246551513672,91.24523804967566,90.44836725423787,90.46354315381238,140046100
2010-11-26,90.15998840332031,90.92649590066502,90.15998840332031,90.43320094558216,76007800
2010-11-29,90.4332046508789,90.67605961060444,89.35553033886026,89.93231303950304,223642300
2010-11-30,89.92469024658203,90.4407575764238,89.40862291674026,89.53764409178838,233930700
2010-12-01,91.83718872070312,92.01173760643228,91.2148726691778,91.22245772325812,221037200
2010-12-02,93.01351165771484,93.08181767294886,91.92825257885093,91.98137690620298,191213600
2010-12-03,93.26395416259766,93.37020281361737,92.67199573831148,92.69476247922752,151288900
2010-12-06,93.1653060913086,93.37780341555462,92.96798466588677,93.06664248353877,103050500
2010-12-07,93.21842193603516,94.11395042820128,93.16529760980994,94.06082610197606,206581000
2010-12-08,93.55995178222656,93.63584286358369,92.8996930052894,93.3322785381552,138019200
2010-12-09,93.92422485351562,94.12154048133742,93.46128179034102,94.08359784065674,123705100
2010-12-10,94.47065734863281,94.56172432560601,93.90146558207806,94.21262073693326,117571700
2010-12-13,94.5313720703125,95.01708194196827,94.5010144795692,94.90324821432895,133812700
2010-12-14,94.6148681640625,95.03986870798566,94.32647969399831,94.67558335463998,147249600
2010-12-15,94.18228149414062,94.81218856145897,94.02290846327439,94.44031815610442,160823100
2010-12-16,94.72871398925781,94.79702003072312,93.91666707924809,94.24300401262319,185035200
2010-12-17,94.83013153076172,94.95219463980631,94.46393056249411,94.66228966282937,141075300
2010-12-20,95.05902862548828,95.28790502222999,94.58602594238928,95.08954586642508,119085500
2010-12-21,95.66175079345703,95.72278528793527,95.265038220488,95.3565841416356,94965500
2010-12-22,95.95926666259766,95.98978390347132,95.67699237051126,95.73039608689803,78878100
2010-12-23,95.82194519042969,95.959269868665,95.58544384146782,95.85246243232295,70053700
2010-12-27,95.86011505126953,95.9516609772504,95.3947371922999,95.46339663678555,58126000
2010-12-28,95.99740600585938,96.08895189965054,95.7456431567976,96.0508097174269,55309100
2010-12-29,96.06607818603516,96.27969306067833,96.05082247523298,96.11185695957926,58033100
2010-12-30,95.91349029541016,96.22628181722949,95.7685348615653,95.9745247749836,76616900
2010-12-31,95.93639373779297,96.02794547334534,95.61597139421373,95.76855179956497,91218900
2011-01-03,96.92819213867188,97.34779119962192,95.89825394231752,96.66879844266778,138725200
2011-01-04,96.874755859375,97.17229164972537,96.27205351414612,97.14177441218072,137409700
2011-01-05,97.3782958984375,97.4393303861695,96.47805757638238,96.56960930798039,133975300
2011-01-06,97.18754577636719,97.52322956332667,96.89764075526352,97.4164221439428,122519000
2011-01-07,96.99681854248047,97.47745193531829,96.2415358335731,97.31724080437235,156034600
2011-01-10,96.874755859375,97.01208051804193,96.27967845810635,96.56958930449649,122401700
2011-01-11,97.21809387207031,97.45459525855155,96.85189273182449,97.22572463889638,110287000
2011-01-12,98.09544372558594,98.20225117661491,97.24097829678468,97.81316938525347,107929200
2011-01-13,97.93521881103516,98.17935676001527,97.69109250319318,98.13358380486603,129048400
2011-01-14,98.64471435546875,98.66760082836053,97.72922051638972,97.7978799350651,117677900
2011-01-18,98.81258392333984,98.90412984054456,98.43875202618891,98.5531844226948,114401300
2011-01-19,97.84365844726562,98.82781176100944,97.58427064564465,98.72864091988167,151958400
2011-01-20,97.71395874023438,97.95808499750788,96.98918745060966,97.62240702833091,175745700
2011-01-21,97.93521881103516,98.5455520423473,97.82841136864089,98.32431221207995,151462900
2011-01-24,98.49215698242188,98.60658937359541,97.85130066843462,97.87418714666933,113715500
2011-01-25,98.54557037353516,98.62949135396556,97.7368836391005,98.23277293364544,167552200
2011-01-26,98.927001953125,99.21691283702283,98.59131811727221,98.78968309726012,141281500
2011-01-27,99.17111206054688,99.33895393138174,98.77439385301592,98.94986066665817,123302700
2011-01-28,97.43934631347656,99.44581322651446,97.27913512241898,99.28559621488682,295637300
2011-01-31,98.17169189453125,98.24798789189461,97.46218801181809,97.70632589047301,149249200
2011-02-01,99.74331665039062,99.91878349845777,98.70575380945812,98.7667882872937,167194300
2011-02-02,99.5525894165039,99.81960216382443,99.43052045943006,99.48391835243957,118323600
2011-02-03,99.77383422851562,99.92641461195636,98.85071534196004,99.37711591866004,145886700
2011-02-04,100.05613708496094,100.09428510199626,99.35425780784438,99.81201072998753,134634800
2011-02-07,100.68170928955078,101.00975655164972,100.2697294241966,100.27736601056768,112439100
2011-02-08,101.13946533203125,101.19286323264184,100.4986090367373,100.77325840868096,99072800
2011-02-09,100.91056060791016,101.1852099028095,100.40703496040553,100.86478766561606,146436700
2011-02-10,100.94877624511719,101.06320867752503,100.17060078131583,100.39947728727418,162708500
2011-02-11,101.55142211914062,101.68111602444367,100.52912076594951,100.55200724093612,137710300
2011-02-14,101.7955551147461,101.87947607561213,101.37596195155356,101.4903943340356,101690700
2011-02-15,101.47515869140625,101.63537570889389,100.94875795655382,101.48279527961172,119575400
2011-02-16,102.11600494384766,102.23806229042543,101.61247910036883,101.81846906199915,130183500
2011-02-17,102.42115020751953,102.55846906697909,101.72689604166257,101.81845358910657,109810500
2011-02-18,102.63477325439453,102.75684223328012,102.27620290462971,102.51270427550895,130002400
2011-02-22,100.57490539550781,102.65765634911284,100.30025602263719,101.55905885763032,233116400
2011-02-23,99.95695495605469,100.75801665904484,99.33899672953456,100.51387869041814,227584000
2011-02-24,99.88825988769531,100.27735322660784,98.94987953356654,99.85012352525284,260431400
2011-02-25,100.95636749267578,101.01740198329988,100.2468517251671,100.3078862157912,141686900
2011-02-28,101.58196258544922,101.71166816897755,100.99452737130395,101.3302112886099,141585500
2011-03-01,99.88825988769531,101.99390861742539,99.85774846951408,101.90236272174539,258565500
2011-03-02,100.10187530517578,100.56725295862452,99.44576929606993,99.75093000866731,200277400
2011-03-03,101.82605743408203,101.94048979325257,101.0021095246485,101.0097344682148,176480100
2011-03-04,101.06315612792969,101.94813861553011,100.39942508279766,101.74977364764304,277202300
2011-03-07,100.26974487304688,101.58959399344216,99.74334418353784,101.3607175486637,216790400
2011-03-08,101.1470718383789,101.46749410704378,99.99507666000264,100.4299312956421,174615000
2011-03-09,101.00215148925781,101.31494892246604,100.39945474532443,100.94875357983742,153806000
2011-03-10,99.13300323486328,100.07900872667422,99.03382073350686,99.94168985507791,301291800
2011-03-11,99.81961822509766,100.17818856848683,98.78969179205205,98.81257827004384,225621800
2011-03-14,99.21692657470703,99.54497386989756,98.46163783946014,99.17115361641429,234974100
2011-03-15,98.08014678955078,98.66759337873673,96.50854701691617,96.57720643040761,359585400
2011-03-16,96.26443481445312,98.0878036077191,95.57781143506386,97.76736966305637,468670300
2011-03-17,97.53850555419922,97.95047960916253,96.96632033684502,97.65294376178386,254303700
2011-03-18,97.89326477050781,98.75144200580515,97.7017078216708,98.72078634663457,230435400
2011-03-21,99.41039276123047,99.61726583625706,98.996623227762,99.11156440559553,153992600
2011-03-22,99.06560516357422,99.5253466040047,98.97366155217232,99.39508925728184,129538600
2011-03-23,99.3490982055664,99.60961284854493,98.32235577144522,98.78974350000233,148603100
2011-03-24,100.29922485351562,100.44481002144461,99.35676783443537,99.91611091336972,159129800
2011-03-25,100.6057357788086,101.04247964627089,100.29157950203943,100.55976397083478,155642800
2011-03-28,100.36051940917969,101.08077545088601,100.32987543987068,100.8202607907779,109762400
2011-03-29,101.0348129272461,101.06545689936857,99.94677069539159,100.27624308547617,129798800
2011-03-30,101.7320785522461,102.03090695675246,101.41792231651362,101.56350748388768,135835000
2011-03-31,101.59415435791016,101.87766663100197,101.48688291968105,101.60182411959717,132537100
2011-04-01,102.02323913574219,102.4983083791105,101.778052290009,102.22246587034205,153850100
2011-04-04,102.10748291015625,102.42163902337586,101.8163243806621,102.23774019550719,100768900
2011-04-05,102.09220886230469,102.54428051400554,101.86233815563499,101.90830995862697,120791500
2011-04-06,102.4140396118164,102.67455433172191,102.00026993506137,102.58261071098154,120411600
2011-04-07,102.15351867675781,102.65922025177399,101.64780541003066,102.23013445880949,170731500
2011-04-08,101.80101776123047,102.66685884671146,101.37959016689426,102.6055592246528,147945400
2011-04-11,101.49452209472656,102.25308000370647,101.24932362883372,101.90827989128775,121385400
2011-04-12,100.73600006103516,101.12677214740266,100.36821388023563,100.92755706857623,161187400
2011-04-13,100.72830200195312,101.27997520828954,100.34518813896209,101.20335945071568,162059000
2011-04-14,100.80492401123047,100.95816722758924,99.81649532776458,100.14596765835056,161220400
2011-04-15,101.1727066040039,101.42556316360498,100.68999107359056,100.98881942735409,170006700
2011-04-18,100.0386962890625,101.16505205202483,99.23415478813112,100.06168218694272,210759300
2011-04-19,100.61337280273438,100.64402846277827,99.94675834313784,100.19194516494574,124258800
2011-04-20,101.98493957519531,102.20714052491176,101.74739910187833,101.81636849953038,156133800
2011-04-21,102.50595092773438,102.55192272361651,101.98492165212612,102.51360899647874,135935400
2011-04-25,102.398681640625,102.56725269017764,102.0615395415197,102.429325607949,65757100
2011-04-26,103.27986145019531,103.48674627280623,102.60558879663255,102.71286024322508,146600000
2011-04-27,103.9541015625,104.10734475075353,103.0576166349258,103.47904417140235,143031000
2011-04-28,104.29130554199219,104.42922098583206,103.75494821864915,103.7702643623784,124791100
2011-04-29,104.53644561767578,104.64372872599381,104.19164547083541,104.32957254459608,115094100
2011-05-02,104.37555694580078,105.11112912234661,104.1686721560246,105.02685528427334,126278700
2011-05-03,104.00010681152344,104.35257678044792,103.47140770399152,104.17634764184048,138375000
2011-05-04,103.31050872802734,104.00010915845992,102.85076731326573,103.95413735532573,182678500
2011-05-05,102.37576293945312,103.40250604850898,101.92369105151725,102.73589117335892,226900000
2011-05-06,102.82777404785156,103.92348594149148,102.42933229637258,103.39478685989052,222787200
2011-05-09,103.22622680664062,103.52505522918754,102.65921393413944,102.82012694245407,114104500
2011-05-10,104.10736083984375,104.29125970919179,103.44074643748196,103.57100375221314,114806900
2011-05-11,103.01168823242188,103.96947317702308,102.53663064124713,103.95414534423045,193564200
2011-05-12,103.50210571289062,103.71664867159232,102.20717819605328,102.73587751989474,171550700
2011-05-13,102.70516967773438,103.70126816102318,102.33738360558611,103.5556830076268,157444900
2011-05-16,102.0538558959961,103.14189768479234,101.88528488869052,102.33735636659851,141675400
2011-05-17,102.03851318359375,102.17644021113266,101.23397198277704,101.67072726299602,192686200
2011-05-18,102.95034790039062,103.057619304117,101.86996410390677,102.09217667057962,135217900
2011-05-19,103.1955795288086,103.4637640005576,102.62857830193877,103.28753483748005,119489500
2011-05-20,102.37576293945312,103.19562113522534,102.18420586574648,102.92744824706557,182594900
2011-05-23,101.18804168701172,101.6937548424695,100.82791368464406,101.12674205983123,168700000
2011-05-24,101.10377502441406,101.70143188629548,100.91221803812616,101.47923092655417,147199600
2011-05-25,101.44093322753906,101.86236100233721,100.6670470896097,100.69769106790756,151050100
2011-05-26,101.90827941894531,102.09217826751257,100.9734807325478,101.16503764874884,164850000
2011-05-27,102.29904174804688,102.57488414923723,101.87762592519667,102.1917703526787,120921900
2011-05-31,103.36410522460938,103.37943305127466,102.5519057869401,103.26450358055017,164731200
2011-06-01,101.0424575805664,103.37945473980623,100.95817205378371,103.06529853164267,233094300
2011-06-02,100.93518829345703,101.32597196759708,100.34520128518587,101.11142911155143,200466800
2011-06-03,99.93141174316406,100.697639416421,99.67089714026625,99.72452699770689,234690200
2011-06-06,98.87403869628906,99.88546509155233,98.74378136205837,99.67858029402859,179951200
2011-06-07,98.81272888183594,99.66324209259206,98.72844336755536,99.37972989453549,161660500
2011-06-08,98.39896392822266,98.98896255546748,98.21506506355084,98.65947855106056,198696400
2011-06-09,99.14987182617188,99.55597162148833,98.4296275211428,98.66715626651187,160964400
2011-06-10,97.77066040039062,98.78973887202066,97.51014576961637,98.72845094030365,238629400
2011-06-13,97.84732818603516,98.2610979165047,97.34928458675455,97.9929133989147,207599800
2011-06-14,99.08855438232422,99.43335444845773,98.70544059957481,98.74374262448592,160570400
2011-06-15,97.32625579833984,99.07326015055784,97.06574114374551,98.26106052640566,300958000
2011-06-16,97.540771484375,98.05414255056009,96.78986589756434,97.35687265953214,308032800
2011-06-17,97.8318862915039,98.5172095264205,97.50077460357949,98.5095076151189,233284900
2011-06-20,98.33238983154297,98.54030029364402,97.46996384012073,97.50076560764815,159479000
2011-06-21,99.67991638183594,99.87242298425342,98.3708738353312,98.84059041521667,193157300
2011-06-22,99.07930755615234,99.95713728917603,99.01770402668221,99.37192138371752,176703000
2011-06-23,98.79439544677734,99.05620161869514,97.16963917449635,97.9165657676574,334286500
2011-06-24,97.64705657958984,98.84829601497142,97.500755542483,98.77130041635591,226129300
2011-06-27,98.51720428466797,98.89450979581584,97.51616736285479,97.70867401129296,168904700
2011-06-28,99.80311584472656,99.8185196616574,98.77128335408366,98.90988245745226,165556300
2011-06-29,100.6578598022461,100.81955877904794,99.81853378067488,100.25744275309408,244295500
2011-06-30,101.62039184570312,101.7820908208634,100.65016274572784,100.98126848036064,223322700
2011-07-01,103.1219482421875,103.26055912305479,101.4740919898357,101.71279832667555,202385700
2011-07-05,103.03723907470703,103.24514950950521,102.71382937039397,103.01413922080405,165936000
2011-07-06,103.16047668457031,103.29137981201757,102.49825326063578,102.79086716297365,143331600
2011-07-07,104.23078155517578,104.49258773029726,103.86117214620009,104.07677861390852,170464200
2011-07-08,103.49154663085938,104.23077716736256,102.7138241729132,103.05263767924089,194100500
2011-07-11,101.62039184570312,102.55211727313082,101.38168552544762,102.221011538498,195918600
2011-07-12,101.18147277832031,102.2441130596756,101.15067688958267,101.40478703293596,214675700
2011-07-13,101.52030181884766,102.5829422626137,101.27389942227295,101.7128084644764,204062600
2011-07-14,100.81957244873047,102.2441262929047,100.62706580760818,101.77440961857936,226111800
2011-07-15,101.40480041503906,101.54339955715608,100.69637738387077,101.38170055801956,220012800
2011-07-18,100.57316589355469,101.0890822604395,99.81854318150985,100.93507930385293,196872100
2011-07-19,102.20565795898438,102.328865071831,101.11222126924373,101.13532113419285,166554900
2011-07-20,102.14402770996094,102.52904102473603,101.96692487507309,102.46744923408505,137145400
2011-07-21,103.5608901977539,103.81500040665452,102.15943603042469,102.72155220483695,245246300
2011-07-22,103.63017272949219,103.73797597465415,102.99874532949174,103.58397301723313,126019400
2011-07-25,103.0526351928711,103.5608554401007,102.53671891147275,102.64452213818777,136653800
2011-07-26,102.66765594482422,103.15277650031715,102.43664559698595,102.98336969521404,131278200
2011-07-27,100.56548309326172,102.12863622019887,100.43456822577774,102.0978285750236,249020100
2011-07-28,100.27284240722656,101.46638572071657,100.11113168747028,100.56545620979944,207939900
2011-07-29,99.58753204345703,100.5269653453953,98.54029549783762,99.26412231241355,307038400
2011-08-01,99.16401672363281,100.84268068799477,98.20148355016248,100.75026951356429,325790900
2011-08-02,96.63063049316406,98.94841206269977,96.63063049316406,98.41709186117032,346653800
2011-08-03,97.15426635742188,97.26206962435676,95.12139635973914,96.76155697423226,370830800
2011-08-04,92.6033935546875,95.96070974666374,92.4493847214376,95.80670091341383,520721800
2011-08-05,92.46479034423828,93.99714154721224,89.98530389153649,93.75843519456807,655619200
2011-08-08,86.44317626953125,92.49558501093428,86.25836568021681,90.02380065850417,702263900
2011-08-09,90.46269989013672,90.58590105354766,84.91080463200687,87.83690716716212,717828700
2011-08-10,86.46629333496094,89.53869802711245,86.20448121873837,88.75327342811897,662607400
2011-08-11,90.34723663330078,91.57157630042474,86.48940111406914,87.21322811214503,487979700
2011-08-12,90.9555435180664,91.79486968671071,90.30871812333906,91.17115002469663,313731600
2011-08-15,92.880615234375,92.97301467108295,91.63316996528442,91.77947690652138,258810600
2011-08-16,92.08747100830078,92.93450490133849,91.10183797804191,91.99507158348668,294095200
2011-08-17,92.14905548095703,93.32719490233634,91.41753276992029,92.5956721912996,238201100
2011-08-18,88.17574310302734,92.17987886838385,87.31331124017738,89.70809431373262,512956300
2011-08-19,86.73580932617188,89.23069425560968,86.62800605529007,86.98221764173563,428281300
2011-08-22,86.80506896972656,88.73013475489465,86.55866078421843,88.68392918116312,275090600
2011-08-23,89.66190338134766,89.76200472909254,86.6896000962164,87.12851504377012,331136600
2011-08-24,90.92472076416016,91.047921936013,89.26146088288189,89.46937130545935,246869700
2011-08-25,89.53868103027344,91.94116583997851,89.222973218248,91.42524949176865,312365400
2011-08-26,90.84001922607422,91.25583420480623,87.66750820769415,89.08435989909606,314495900
2011-08-29,93.45040130615234,93.50430291738942,90.90931191963836,92.06435148172017,190977200
2011-08-30,93.69686126708984,94.27438136713975,91.83339782089001,93.04233966200094,241315700
2011-08-31,94.11262512207031,95.10595985744574,93.40420226229149,94.29742980835282,301828400
2011-09-01,93.12699890136719,95.02126322592797,93.00379185188251,94.16653341334334,254585900
2011-09-02,90.74763488769531,93.0731185417044,90.42422512119184,91.18654982076055,255517200
2011-09-06,90.08541107177734,90.21632005979069,88.07564115832797,88.08334306934917,285130500
2011-09-07,92.62651062011719,92.665008429455,91.14035888345096,91.44837073234025,209803200
2011-09-08,91.66394805908203,93.12699946903564,91.45603763051818,92.07206113202564,250568200
2011-09-09,89.2614517211914,91.67933395334245,88.7686353346915,90.61669972148353,380195100
2011-09-12,89.83901977539062,89.9083252380091,87.82155344438415,88.14496327036929,305793500
2011-09-13,90.66291809082031,91.00173162936932,89.49248040057931,90.13160380290186,272514700
2011-09-14,91.9180908203125,93.01922925459127,89.87751885645973,91.12495837127844,319389500
2011-09-15,93.50434112548828,93.53514289804367,91.94118788603622,92.90372124775176,326777200
2011-09-16,94.05772399902344,94.40603215842847,93.1289140510693,93.87970494652656,284528300
2011-09-19,93.1211929321289,93.6010815245528,91.8905191830917,92.5174657416404,241517000
2011-09-20,93.01283264160156,94.42153139837826,92.88899404260863,93.51594060585703,218932200
2011-09-21,90.27284240722656,93.34566503427612,90.12578442791737,93.05928492888405,316251300
2011-09-22,87.35481262207031,88.39972546195304,86.14735830978188,87.65667620014241,513911300
2011-09-23,87.88113403320312,88.3610225661781,86.70463501856455,86.774299019346,307242500
2011-09-26,89.970947265625,90.09479173663765,87.4476781736511,88.70931271963805,260673700
2011-09-27,90.9771957397461,92.54069436624309,90.43538484147886,91.74346448853419,311753900
2011-09-28,89.11957550048828,91.71250969819157,88.98799512240441,91.16296290863663,286696800
2011-09-29,89.82390594482422,91.04683784341273,88.18300183190641,90.59791631606706,298108900
2011-09-30,87.57926940917969,89.35948961261435,87.5173471659567,88.58547928801751,288392300
2011-10-03,85.0869369506836,88.19845518920803,84.99405360579149,87.06840106655075,365136800
2011-10-04,86.95231628417969,87.13808301225374,83.15192869375666,83.86401676901697,459177500
2011-10-05,88.56226348876953,88.7944689575896,86.36407691292257,87.1690483915403,284108000
2011-10-06,90.1644515991211,90.29603782847195,87.85790438074527,88.51581190658148,257800800
2011-10-07,89.56072998046875,90.75270653613815,89.05762211073629,90.69078429566002,312657900
2011-10-10,92.55615997314453,92.59485694788383,91.07779735571248,91.0855391127525,230666300
2011-10-11,92.64904022216797,92.91220682236695,91.91373272248035,92.00661609406185,209088000
2011-10-12,93.46175384521484,94.53762780629411,93.13667090126944,93.34565110659703,281544900
2011-10-13,93.2759780883789,93.55462225440418,92.20010429937058,92.91219232133312,212538800
2011-10-14,94.87044525146484,94.89366461636638,93.83327425099544,94.3596015079407,211397600
2011-10-17,93.05929565429688,94.85499998341993,92.82709011565242,94.42155003829909,202311600
2011-10-18,94.8781967163086,95.59028487055859,92.26203777208248,92.98960944133789,318857900
2011-10-19,93.7558822631836,95.26520616097159,93.43079929636072,94.72339531103577,226601300
2011-10-20,94.16609954833984,94.50666007786047,92.74191747093393,93.9880745742028,262075600
2011-10-21,95.95407104492188,96.07017378695062,94.98655803673356,95.27293810780961,278999400
2011-10-24,97.13053894042969,97.3704861194576,96.0237041114301,96.10884570637079,203215600
2011-10-25,95.24198150634766,96.71259653327311,95.0329953926818,96.66615779922768,268596800
2011-10-26,96.20951843261719,96.57329844851459,94.59183323327703,96.2482154188707,289053800
2011-10-27,99.56095886230469,100.17242186530949,97.99745458929011,98.78694257782391,393220200
2011-10-28,99.53773498535156,99.73123757139582,98.91852434791782,99.07332405466111,225906500
2011-10-31,97.13829803466797,99.55320652518644,96.99897593673573,98.42315803840201,228146700
2011-11-01,94.42924499511719,95.59800205794717,94.05771749847489,94.45246435642686,416565800
2011-11-02,95.96952819824219,96.2868752317942,95.04071827045539,95.84568963031104,244717600
2011-11-03,97.71878814697266,97.91229069775875,95.66765992759431,96.96025554959036,291174800
2011-11-04,97.12281036376953,97.2930876611739,95.98501433274186,96.9293077980908,249401600
2011-11-07,97.72655487060547,97.8271740968389,96.13208942920262,97.0531636959428,196617200
2011-11-08,98.98043060302734,99.08879747298323,97.30082974454166,98.2373814569493,224426300
2011-11-09,95.32711791992188,97.37050477963632,95.09491245190553,96.66615252382238,337982000
2011-11-10,96.2249755859375,96.7048641742541,95.21875967358137,96.58876142971596,231866500
2011-11-11,98.0361557006836,98.29157463325035,97.36276455700835,97.39372568024714,189924400
2011-11-14,97.10734558105469,98.64762464747264,96.68937924994628,97.67237578011718,159258300
2011-11-15,97.58722686767578,98.10581238769669,96.5345723136221,96.88287461089456,184709400
2011-11-16,96.03921508789062,97.78847439911306,95.89989297498317,96.60423939201519,235782500
2011-11-17,94.514404296875,96.10112787623137,93.83327731485912,95.8611806522104,331219600
2011-11-18,94.41378021240234,95.00976555280303,94.01903330083667,94.81626297530241,215580400
2011-11-21,92.61808013916016,93.15214325832035,91.83632804212476,93.03604052624891,229611600
2011-11-22,92.25428009033203,92.95862632041485,91.73568875451444,92.41682152804346,216494900
2011-11-23,90.21861267089844,92.25426295242626,90.21861267089844,91.38736954044388,224329100
2011-11-25,90.04834747314453,91.10100186010999,89.93998651318303,90.07930859102345,99557000
2011-11-28,92.65680694580078,93.02059286764553,91.96793799367302,92.52522656286226,210686000
2011-11-29,92.9199447631836,93.65525223267029,92.57937831993655,92.9199447631836,199241500
2011-11-30,96.7435302734375,96.921555212271,92.88122114751737,95.58251500909354,324439500
2011-12-01,96.72807312011719,97.24665863058408,96.3101068279523,96.63518975344823,176954800
2011-12-02,96.64293670654297,97.91231325978497,96.5810144587676,97.61819144069787,221109700
2011-12-05,97.69559478759766,98.4386440717528,97.09186761329852,98.1754774619222,225263900
2011-12-06,97.72655487060547,98.384462530321,97.33954967015742,97.68785198846838,178842100
2011-12-07,98.09032440185547,98.50054890131669,96.72806466921293,97.40144982673239,237802500
2011-12-08,95.93856811523438,97.66461357085234,95.70636858339674,97.44789164571206,240862800
2011-12-09,97.5639877319336,97.81167075886087,96.28686972534045,96.37201131946193,209111400
2011-12-12,96.13980865478516,96.72805807506519,95.32710146745352,96.71257456374687,215826100
2011-12-13,95.24198150634766,97.19248510425521,94.77757054497049,96.64293843220494,245159800
2011-12-14,94.22804260253906,95.2265169195967,94.01906235256507,94.86273101664952,238618800
2011-12-15,94.56856536865234,95.35805316513867,94.42150154269515,95.22647284992914,199109200
2011-12-16,94.70877838134766,95.7681089207314,94.48289705314934,95.20729211401202,220481400
2011-12-19,93.69618225097656,95.27738712375587,93.49366161454394,95.07486648732325,183903000
2011-12-20,96.53145599365234,96.69502831134429,93.75850556342024,95.16834740353774,225418100
2011-12-21,96.71839904785156,96.86639560272783,95.61233517109764,96.53146009721141,194230900
2011-12-22,97.57521057128906,97.6764738757966,96.76513979132187,97.07670273314824,119465400
2011-12-23,98.44762420654297,98.47878169620805,97.68428650914058,97.88680127793839,92187200
2011-12-27,98.52549743652344,98.78254222353216,98.19056191054668,98.27624350621625,86075700
2011-12-28,97.23248291015625,98.55664314241345,97.15459218049672,98.54106737355424,119107100
2011-12-29,98.2373046875,98.33856205757967,97.25586470123163,97.55185189716788,123507200
2011-12-30,97.75437927246094,98.40088376480959,97.75437927246094,98.15941472319177,95599000
2012-01-03,99.31217956542969,99.9976321375107,99.25765546925787,99.51470018378825,193697900
2012-01-04,99.46796417236328,99.55364574660656,98.69683594685475,99.07850463223237,127186500
2012-01-05,99.73282623291016,99.88082280793536,98.4787715732292,98.93054621290823,173895000
2012-01-06,99.47576904296875,99.87301949382442,99.14862440940847,99.8574377821224,148050000
2012-01-09,99.71722412109375,99.84184214123313,99.24208300606166,99.7016424115656,99530200
2012-01-10,100.58185577392578,100.98688526358339,100.44164411568613,100.78437051875459,115282000
2012-01-11,100.63636016845703,100.76877500872062,100.10670080740265,100.27026718669603,111540700
2012-01-12,100.8778305053711,101.0258270685149,100.12227786169518,100.92457564533612,118983700
2012-01-13,100.35595703125,100.51953530936372,99.48357124228345,100.20017555255811,179836200
2012-01-17,100.74542236328125,101.50877185712501,100.40269595957436,101.32182694091244,132209200
2012-01-18,101.85929107666016,101.91380925309767,100.54291541729408,100.72206354754098,163395200
2012-01-19,102.39669799804688,102.4823795643219,101.88260860039671,102.20975315743931,126328900
2012-01-20,102.77841186523438,102.77841186523438,101.97612583865123,102.22538575020202,138230200
2012-01-23,102.51356506347656,103.01207291825237,102.02284212262865,102.4356683827384,129295800
2012-01-24,102.39669799804688,102.42784952880105,101.72682717590416,101.88260860039671,103083300
2012-01-25,103.25350952148438,103.49497253036643,101.84366791321551,102.2409123582768,198613200
2012-01-26,102.72384643554688,103.90779481470331,102.3188052082769,103.71306505539138,184880500
2012-01-27,102.6771240234375,102.85627209299652,102.15523775432476,102.22534950794571,135259100
2012-01-30,102.32661437988281,102.38114443039174,101.30623210083016,101.65674337361986,147311800
2012-01-31,102.2876968383789,102.95755608312362,101.78917703423461,102.83293801745384,157212000
2012-02-01,103.18341827392578,103.70529266565217,102.91858862177138,103.04320664990345,166234500
2012-02-02,103.3470230102539,103.61186464611136,102.98094181714501,103.38597135835357,113090400
2012-02-03,104.79578399658203,104.85809895886025,104.19602476971119,104.37517285790872,160598500
2012-02-06,104.72571563720703,104.77244890163867,104.24278939092359,104.35962255200269,107694500
2012-02-07,104.99055480957031,105.16971485311763,104.09480213330738,104.50762851997135,135528100
2012-02-08,105.3021011352539,105.32546776321756,104.61664835401291,105.04505634228853,139361400
2012-02-09,105.43453979492188,105.6136879448815,104.8114018426739,105.47348814544385,148602900
2012-02-10,104.65554809570312,104.74122965356936,104.25050692348454,104.49976668649894,167907500
2012-02-13,105.43453979492188,105.55916976244504,104.95161352747944,105.40338824572503,115841900
2012-02-14,105.3021011352539,105.36441610494538,104.5699150980856,105.15410456790731,165329500
2012-02-15,104.81136322021484,105.80059390918068,104.60105171318921,105.64481244986533,195195100
2012-02-16,105.97196960449219,106.06543611405517,104.63222750238656,104.81917240687741,186567800
2012-02-17,106.25239562988281,106.42375884455662,105.90188428545602,106.33807723721971,129869400
2012-02-21,106.29911041259766,106.75088500135202,105.97196575564404,106.50162513775052,134042300
2012-02-22,105.95636749267578,106.36140876507943,105.76942262417504,106.13551556330403,124455300
2012-02-23,106.4237289428711,106.50161372787916,105.54354648620131,105.90185453040063,137704300
2012-02-24,106.65742492675781,106.86773648711912,106.42375862120804,106.65742492675781,105539100
2012-02-27,106.83655548095703,107.124751768575,105.77722494156818,105.94858810862837,145728900
2012-02-28,107.14810943603516,107.27273934445428,106.65738659998628,106.86769808477327,129355900
2012-02-29,106.7275161743164,107.63885024676125,106.35362638662296,107.30390879762307,185934700
2012-03-01,107.28057861328125,107.48310528841841,106.65744064081845,106.95343385194614,145023500
2012-03-02,106.95342254638672,107.35067905309081,106.71195943035632,107.2104673785579,120638300
2012-03-05,106.51717376708984,106.86768494171926,106.15108088448378,106.7898001725576,140765000
2012-03-06,104.95935821533203,105.48901754624949,104.65558021427918,105.42671447173487,202129900
2012-03-07,105.6915512084961,105.86291438828465,105.0995649927305,105.20082829497758,143692200
2012-03-08,106.74307250976562,106.96118080103467,106.11994671309769,106.33804311900401,116968900
2012-03-09,107.15593719482422,107.43633674174127,106.8132107903269,106.94562564927075,122836800
2012-03-12,107.16373443603516,107.30393422562041,106.78205964433022,107.1403678044376,104003500
2012-03-13,109.0954360961914,109.14996615258653,107.56096411254934,107.74012411039159,184090500
2012-03-14,108.97853088378906,109.39914180130418,108.64358962332695,109.12652735571248,145163600
2012-03-15,109.6095199584961,109.65625321275346,108.8617522342841,109.142163645193,165118500
2012-03-16,109.76129150390625,109.90210567443557,109.52658928223985,109.80822956074935,152893500
2012-03-19,110.1915512084961,110.52794849567694,109.61262078846737,109.69085882325031,125291100
2012-03-20,109.8708267211914,110.0038218724191,109.24495805736268,109.56571738897453,121729700
2012-03-21,109.69087982177734,110.03509620335186,109.4639966399426,109.93340106360387,122388400
2012-03-22,108.90072631835938,109.17454758074692,108.54085990559737,108.88507631944971,135216700
2012-03-23,109.25276947021484,109.37794558174251,108.39221056272689,108.99461015418417,120521000
2012-03-26,110.7861557006836,110.78615570068358,109.99600381727923,110.03511090993582,120164000
2012-03-27,110.4419174194336,110.95825992062123,110.37151033403099,110.88785283521862,119868500
2012-03-28,109.89429473876953,110.55928242623125,109.24495705055857,110.38716824682825,148562100
2012-03-29,109.70655059814453,109.90996481320286,108.81469147718073,109.24497700428036,164963700
2012-03-30,110.16028594970703,110.34805012991343,109.56571728523123,110.24634304012015,135486800
2012-04-02,110.96609497070312,111.2555662593441,109.80824562849709,110.02729788411843,151741100
2012-04-03,110.51231384277344,110.99736823835732,109.86297626376657,110.80960409128133,155806700
2012-04-04,109.41703796386719,109.79255426955459,109.01022166919445,109.69867817749477,146896000
2012-04-05,109.3623046875,109.68306402344773,108.94766922881716,109.04155728900432,137439400
2012-04-09,108.13407135009766,109.40144702685697,107.83678098149304,107.98542616579535,127555900
2012-04-10,106.31900787353516,108.22790154851882,106.20948177435329,107.92279227669434,235360300
2012-04-11,107.17961883544922,107.60207339443765,106.98403558939913,107.40649014838756,154133000
2012-04-12,108.5799789428711,108.66603604016522,107.2030773236179,107.28131538932269,154321500
2012-04-13,107.28912353515625,108.60344889343507,107.18741644754999,108.32962762870359,169246700
2012-04-16,107.21871948242188,107.9932213639702,106.85102208791739,107.83675718145705,147825300
2012-04-17,108.8068618774414,109.0259141358805,107.7272386483824,107.83676477760196,147877600
2012-04-18,108.4391860961914,108.80688358997135,108.2592528345933,108.32184091198724,123884200
2012-04-19,107.74288940429688,108.86161973649276,107.23437778738109,108.45481521794127,198666700
2012-04-20,107.92281341552734,108.61127013806109,107.86022535552866,108.22010371615816,143199600
2012-04-23,107.01528930664062,107.10917735207731,106.35031364598585,106.8197061233686,171844900
2012-04-24,107.42212677001953,107.69594805536397,107.02314129525857,107.10919839029945,137484200
2012-04-25,108.89287567138672,108.93981371703613,108.37653329434717,108.470409385646,150252200
2012-04-26,109.65177154541016,109.77694766231681,108.59561745736896,108.65820551582229,136291600
2012-04-27,109.83169555664062,110.14462388525507,109.37012209382662,109.98034069084018,130725000
2012-04-30,109.42486572265625,109.69086790046178,109.1275874282663,109.61262985920443,115092200
2012-05-01,110.10550689697266,110.82525153802946,109.23711713508193,109.36228129280308,138832200
2012-05-02,109.77694702148438,109.88647313877544,109.10414031885307,109.46400673104453,121081000
2012-05-03,108.9398422241211,109.87863919511521,108.73643999393191,109.7925821097561,143759700
2012-05-04,107.17961883544922,108.97898708660084,107.11703076421871,108.36876831392088,193927300
2012-05-07,107.25784301757812,107.61770945872871,106.75715045003419,106.79625754421615,127765900
2012-05-08,106.82755279541016,106.9996669769881,105.55234643302416,106.61631958393689,213377700
2012-05-09,106.19385528564453,106.87448098061314,105.21593931588468,105.69316278662552,220752500
2012-05-10,106.41291046142578,107.06224811586317,106.17038920418615,106.92924103532744,150600000
2012-05-11,106.09214782714844,107.07788282367517,105.70098144063694,105.74791949702619,153032400
2012-05-14,104.91864013671875,106.0921392008365,104.76217598232634,105.07510429111116,163910000
2012-05-15,104.31623840332031,105.46626841684645,104.15195522278773,104.84823084195088,207629300
2012-05-16,103.91727447509766,105.26288793956667,103.89380544446348,104.78566442091834,207265500
2012-05-17,102.3760757446289,104.0659175411243,102.32130671594582,103.94074142195018,247992900
2012-05-18,101.4998550415039,102.95499443054717,101.35120990936475,102.7750493035101,319615900
2012-05-21,103.24445343017578,103.28357245496038,101.66413794099071,101.82843307010589,177861100
2012-05-22,103.42440795898438,104.23020989851818,102.75160118119906,103.51046505628668,197531200
2012-05-23,103.47917175292969,103.6278169077847,101.69545376957393,102.6811888853909,204958400
2012-05-24,103.68253326416016,103.92505444786762,102.8141436447075,103.76077129517111,167357600
2012-05-25,103.34616088867188,103.93291045025605,103.09580867908645,103.6434392157416,135465600
2012-05-29,104.59788513183594,104.77781831986178,102.61858425120073,104.1754307039817,152883500
2012-05-30,103.08016967773438,104.59007825142182,102.86894840799626,103.70603833101231,162370400
2012-05-31,102.85331726074219,103.62000023437005,101.9692771782979,103.04108147237618,196186000
2012-06-01,100.26376342773438,102.87675182585168,100.26376342773438,101.24167931961509,253240900
2012-06-04,100.21683502197266,100.71752752931516,99.46579029223338,100.44370627825009,202545800
2012-06-05,100.97571563720703,101.12434886443292,99.96649948620464,100.02126255181373,164149400
2012-06-06,103.24445343017578,103.29139148493717,101.6484879435868,101.67978793839463,184202800
2012-06-07,103.30702209472656,104.46487099886517,103.09578895049209,104.41793295291265,184772700
2012-06-08,104.12847900390625,104.15194802807541,102.71244690015814,103.04103711342368,143915400
2012-06-11,102.80635070800781,105.02817287820861,102.70464362937062,104.965584825005,169756100
2012-06-12,103.98766326904297,104.05807034855648,102.61076198516243,103.10362347920693,181931800
2012-06-13,103.32271575927734,104.33191998614828,102.9706563909368,103.68258222197888,172223900
2012-06-14,104.41797637939453,104.83261187434907,103.25229602450261,103.53393635479749,230615500
2012-06-15,105.48587799072266,105.58024052500564,104.66804136189201,104.88822860808891,169444500
2012-06-18,105.6903076171875,105.9498165206274,104.80955885348989,105.04547712928088,131360900
2012-06-19,106.7126235961914,107.14513848166612,105.66672832742645,106.22506790673077,137382600
2012-06-20,106.5396728515625,107.0272407929873,105.58815160973678,106.72055044241323,206451800
2012-06-21,104.14899444580078,106.7755215798354,104.06249148034208,106.66542798736992,205272200
2012-06-22,104.95113372802734,105.14773032709886,104.29056003567594,104.69162477733646,130029200
2012-06-25,103.26827239990234,103.88165285923442,102.89866981552215,103.84233113762498,146375700
2012-06-26,103.7872543334961,104.10181603434503,102.9615463678078,103.56706714255282,141634000
2012-06-27,104.72306823730469,104.92752436747722,103.77940702214198,104.13327847791507,108088000
2012-06-28,104.42420959472656,104.5814964211784,103.23677085053629,104.03101652719732,169242100
2012-06-29,107.02717590332031,107.16086012900001,106.0441930680558,106.31942106234855,212250900
2012-07-02,107.3496322631836,107.45972590907469,106.57111719556357,107.3260416247289,129524500
2012-07-03,108.05738067626953,108.13601213311257,107.21594129283267,107.3260349318583,80450000
2012-07-05,107.56977844238281,108.36403629782156,107.17658528600414,107.65628141675823,126177500
2012-07-06,106.5475082397461,106.76769549367427,106.0442213737238,106.53177715037826,151192100
2012-07-09,106.413818359375,106.61041496852316,105.92625060916036,106.4609996256818,103780500
2012-07-10,105.48587799072266,107.1294227924442,105.12413494379634,106.95641681338878,167884800
2012-07-11,105.5016098022461,105.84762176272719,104.88822932659507,105.54093152490168,141733400
2012-07-12,104.9904556274414,105.55665485839161,104.27485304328135,104.88823354359313,143583200
2012-07-13,106.751953125,106.8620467403317,105.24995223066425,105.26568331836995,129642600
2012-07-16,106.50032043457031,106.81488224153556,106.08353653973413,106.50819197931071,97525200
2012-07-17,107.23165893554688,107.45184618598353,105.8083013526153,106.9249686939169,138860300
2012-07-18,108.02588653564453,108.23821420498835,106.91709092752271,106.97999127466598,113349700
2012-07-19,108.30900573730469,108.66287725085174,107.9000934101996,108.24609337944882,129847300
2012-07-20,107.31814575195312,107.86075425135722,107.20019259960588,107.69560783876769,142904500
2012-07-23,106.23291015625,107.24735508606337,105.24992739442379,105.74535454616061,145210900
2012-07-24,105.32072448730469,106.35876029196434,104.61298152907612,106.31157902798967,173301200
2012-07-25,105.34434509277344,105.81616981232861,104.786005375431,105.54094172574798,129122300
2012-07-26,107.08222961425781,107.31028837914737,106.36661514406511,106.86204239255292,156526500
2012-07-27,109.05609130859375,109.36279361143514,107.05867456237776,107.64846453065867,236768900
2012-07-30,109.05609130859375,109.57510936051477,108.73368191207398,108.93027856816761,106782000
2012-07-31,108.29328155517578,109.2054807029292,108.29328155517578,108.90666201629651,120575900
2012-08-01,108.19889831542969,109.09537830178938,108.04948298448576,109.07178767051442,138293800
2012-08-02,107.45183563232422,108.1831812131833,106.61826798049863,107.38106373720032,199556600
2012-08-03,109.58296203613281,109.81100883823643,107.4832995512239,108.96170999024424,157825000
2012-08-06,109.79521179199219,110.22772650095852,109.74803055088647,109.87385519336729,86326200
2012-08-07,110.34575653076172,110.81758121874016,110.11769773216254,110.2356509043308,109545100
2012-08-08,110.47943115234375,110.60524385857687,109.94468215346167,109.97614432949823,89754700
2012-08-09,110.57383728027344,110.79402460213004,110.2120941090467,110.32218776997499,90291700
2012-08-10,110.7546615600586,110.79398328129125,109.9446844997453,110.12555001824998,99792700
2012-08-13,110.69962310791016,110.75466391936466,110.12555236415466,110.56593885231507,79426900
2012-08-14,110.71533966064453,111.17931677155576,110.3850588015701,111.10853287372906,102379400
2012-08-15,110.8411865234375,111.02992362319222,110.52663668981997,110.59740860248786,71085900
2012-08-16,111.65904235839844,111.79272664611422,110.72324034508014,110.99846846709227,112014200
2012-08-17,111.80845642089844,111.90283098541983,111.5568189138955,111.84777815617326,90813700
2012-08-20,111.81629943847656,111.83989007376071,111.3444627341818,111.65115299218164,78255700
2012-08-21,111.47813415527344,112.52402952981032,111.23435628588973,112.09151460059515,105581100
2012-08-22,111.52533721923828,111.70620275123714,110.93554735465868,111.19504433568486,133243500
2012-08-23,110.6131362915039,111.25796703037697,110.44013028854383,111.25010748453575,111466400
2012-08-24,111.28153228759766,111.5331816888037,110.26709913733251,110.33787103168275,99481200
2012-08-27,111.30512237548828,111.7297777381237,111.1478475001545,111.58036240680026,68785900
2012-08-28,111.19506072998047,111.54107275477111,110.85692025076696,111.02205471758514,75689600
2012-08-29,111.28153228759766,111.58036295170386,110.97484207944271,111.28940383095028,65421300
2012-08-30,110.47943115234375,110.83330263727659,110.24351282928708,110.80184046124003,96589900
2012-08-31,111.00629425048828,111.52531209422455,110.37718280347183,111.1085163111252,151970400
2012-09-04,110.90412902832031,111.24228159069408,110.19638571069748,110.91198857653914,120226200
2012-09-05,110.80974578857422,111.25012039291242,110.58955848640511,110.95128962597948,100660300
2012-09-06,113.05878448486328,113.06664402969751,111.47028047907736,111.47814002391159,158272500
2012-09-07,113.49918365478516,113.54636493265726,113.14531207143676,113.24753417372374,107272100
2012-09-10,112.85432434082031,113.58567003871549,112.81501461455238,113.38907341015202,86458500
2012-09-11,113.16886138916016,113.53059238697293,112.89362136966074,112.92508354295953,88760000
2012-09-12,113.54631805419922,113.67214274278226,113.1609844451522,113.54631805419922,87640900
2012-09-13,115.2763671875,115.63023862985443,113.23176996539496,113.53058860596167,225470200
2012-09-14,115.78752136230469,116.47167359307274,115.41004730457524,115.50442181865886,169777000
2012-09-17,115.39436340332031,115.74823494095129,115.10339222852076,115.55163830901118,119427800
2012-09-18,115.29998779296875,115.44940315174887,115.00902862016915,115.19776570483448,98326600
2012-09-19,115.36290740966797,115.73251005748216,115.13486058408168,115.43367932112852,128318300
2012-09-20,115.37074279785156,115.43364314434352,114.5214441285738,114.8359938582457,154009800
2012-09-21,115.32252502441406,115.95499486087242,115.27509189776747,115.93127829754911,108737500
2012-09-24,115.1485595703125,115.40945374878063,114.66630282769351,114.75326755384957,95682000
2012-09-25,113.9232406616211,115.61509114848026,113.89161052353226,115.39372843531088,133165200
2012-09-26,113.2828369140625,113.93112193276798,113.01404110485528,113.89950386365695,146502200
2012-09-27,114.35009765625,114.61099188859986,113.45673365426636,113.75715950909785,111830300
2012-09-28,113.8204116821289,114.28685347903293,113.41721807074103,113.91527792872418,150696100
2012-10-01,114.1208724975586,115.18025278683928,113.85206461095173,114.25527040918122,135911200
2012-10-02,114.23941802978516,114.75329293952417,113.70972805814962,114.57146194946604,113422200
2012-10-03,114.70590209960938,114.97469793414426,113.94694773582118,114.54778761243368,121283100
2012-10-04,115.52812957763672,115.69414558545056,114.98262428237861,115.140738787132,124311600
2012-10-05,115.53597259521484,116.3423718436221,115.18811362282908,116.14472579688994,124842100
2012-10-08,115.14070129394531,115.52017839445725,114.8798070175435,115.10908322863578,78415400
2012-10-09,114.00226593017578,115.14861087601362,113.96273429824474,115.05374461006743,148872900
2012-10-10,113.27488708496094,114.09710129138959,113.12467417820824,113.98640793832482,124247500
2012-10-11,113.33814239501953,114.23150633035718,113.31442583597133,114.06547835366317,123601500
2012-10-12,112.96658325195312,113.80460062868511,112.72150406404377,113.41722206587032,124181900
2012-10-15,113.9073715209961,114.02595432413042,112.87170816243155,113.23537013428178,107689100
2012-10-16,115.06166076660156,115.14072404053398,114.36595462211625,114.44500583268676,108815500
2012-10-17,115.58343505859375,115.67831338819423,114.96678020131246,115.14070973165954,128834100
2012-10-18,115.28302764892578,115.83643433857806,114.89563693448864,115.28302764892577,148108500
2012-10-19,113.36189270019531,115.07745934106774,113.09309690872814,115.0695578401517,185645200
2012-10-22,113.3777084350586,113.58325603033106,112.48434422850319,113.17214877642589,125578600
2012-10-23,111.80442810058594,112.31040156028635,111.33798626779438,112.15228711600976,192056300
2012-10-24,111.48821258544922,112.34204516299377,111.31428305687383,112.20763520270893,120179400
2012-10-25,111.81230926513672,112.48431061029282,111.13241848473608,112.27876307645239,134457400
2012-10-26,111.74906921386719,112.13644770874458,110.99010315740196,111.7095375955403,146023500
2012-10-31,111.74906921386719,112.28666062037306,111.219367242328,112.1443612704237,103438500
2012-11-01,112.91915893554688,113.06145832155275,111.8834954150843,111.98626317274656,100995600
2012-11-02,111.9150619506836,113.62272617664979,111.7964791836111,113.59109606319466,137702200
2012-11-05,112.14439392089844,112.39737463780388,111.41704570931593,111.74910174925391,98378500
2012-11-06,113.02191925048828,113.464644459466,112.36573293598302,112.48431573718877,107068100
2012-11-07,110.46044921875,112.00998782955241,109.9386606389785,111.99418482776066,264304500
2012-11-08,109.1322250366211,111.00591757697117,109.04526030214615,110.44459755202266,181517300
2012-11-09,109.22712707519531,110.2390739890379,108.74487018161729,108.80020480829869,201055300
2012-11-12,109.3141098022461,109.74102007597749,109.06903056516317,109.56709054062301,97677500
2012-11-13,108.9345703125,110.08882832671019,108.59462496337379,108.73692430114146,123018300
2012-11-14,107.46414184570312,109.4406030322719,107.21906258870648,109.26668554614663,191505000
2012-11-15,107.28229522705078,107.9068636268609,106.87118798215702,107.50365788275664,178128400
2012-11-16,107.81193542480469,108.02539648097004,106.4916616021419,107.44035998247602,239483900
2012-11-19,109.99400329589844,110.00980629710985,107.84361292189632,109.02157587021034,151495800
2012-11-20,110.0414047241211,110.2232356925457,109.1638558753154,109.82004213733734,119807400
2012-11-21,110.24698638916016,110.34186471527268,109.91494240616622,110.1363050614955,81710800
2012-11-23,111.74906921386719,111.78858876883787,110.71339389246992,110.78455563080081,65409200
2012-11-26,111.51191711425781,111.75699631533266,110.83201413868294,111.19567615854916,100124400
2012-11-27,110.94270324707031,111.78072072766057,110.87155355079979,111.40124361752457,128646200
2012-11-28,111.83605194091797,111.8992880643869,109.89120940189885,110.492049081719,177086500
2012-11-29,112.35782623291016,112.66615359822514,111.7648880639692,112.25505848671044,151085900
2012-11-30,112.38158416748047,112.59504536462441,111.99420547504269,112.37368266512787,136568300
2012-12-03,111.82813262939453,112.99029236796498,111.74116788489751,112.89542612428006,124656300
2012-12-04,111.67003631591797,112.16019473894112,111.36961041104081,111.82024926835655,127512200
2012-12-05,111.86767578125,112.38946430200824,110.97431168328748,111.76489596442705,147300500
2012-12-06,112.24715423583984,112.29458736315286,111.59888139029701,111.76489733589258,103220600
2012-12-07,112.58707427978516,112.8084368424724,112.0020377564803,112.68194050283543,108726400
2012-12-10,112.63455200195312,112.90334778262623,112.38155922247749,112.42900441614894,98840700
2012-12-11,113.40142059326172,113.93111065781898,113.04566005000501,113.1009946813135,152570400
2012-12-12,113.45672607421875,114.27894033881778,113.2986116582133,113.84411664728529,145880100
2012-12-13,112.76103973388672,113.70973845735978,112.47642891050893,113.3855960073042,135715000
2012-12-14,112.34201049804688,112.72148750540836,112.16808102314025,112.5159399729535,137701700
2012-12-17,113.66227722167969,113.72552539605093,112.60288538015598,112.6345154990195,143238200
2012-12-18,114.92718505859375,115.02996483246295,113.67806096882434,113.8440889063551,177762800
2012-12-19,114.0733871459961,115.09324750370435,114.0338675872933,115.0537158816442,150895400
2012-12-20,114.72958374023438,114.74539880314569,113.8283181680238,114.14455910945813,168487000
2012-12-21,113.68817138671875,114.72322269773981,113.0114159460292,113.19453657716669,245883800
2012-12-24,113.33784484863281,113.5050382306821,113.21045131541317,113.44134146407228,53874600
2012-12-26,112.86019134521484,113.62454084376681,112.54171947435667,113.56880158445891,106947700
2012-12-27,112.70881652832031,113.12283932536427,111.40306353663965,112.89193708995192,167920600
2012-12-28,111.49069213867188,112.59739781156479,111.3632985859417,111.97636942815254,148806700
2012-12-31,113.38558959960938,113.50501341782355,111.1005126368336,111.19606384031829,243935200
2013-01-02,116.29170989990234,116.36336420767289,115.23277391682248,115.53533052596421,192059000
2013-01-03,116.02894592285156,116.53850783014079,115.71843182542396,116.23596342041274,144761800
2013-01-04,116.53852844238281,116.72961874725735,115.98119690597748,116.22005674984158,116817700
2013-01-07,116.22010040283203,116.33156675198055,115.7901500926014,116.12456128896784,110002500
2013-01-08,115.88570404052734,116.17233353768218,115.43186894131503,116.01309762791197,121265100
2013-01-09,116.18023681640625,116.49872063611267,115.9573042170695,116.1404248203285,90745600
2013-01-10,117.10386657714844,117.11182411984935,116.22009338054166,116.82519464665471,130735400
2013-01-11,117.09585571289062,117.15954032333832,116.72960238378587,117.07195879782945,113917300
2013-01-14,117.0162582397461,117.0958822442187,116.58630805386186,116.95256146595149,89567200
2013-01-15,117.09585571289062,117.20732200454604,116.40316104789693,116.47481534633657,93172600
2013-01-16,117.07994079589844,117.26306140524726,116.72961465702878,116.8570081891479,104849500
2013-01-17,117.83633422851562,118.17073317859132,117.1595666385822,117.59747436448515,133833500
2013-01-18,118.09906005859375,118.22645358564684,117.38248058060665,117.812430697182,169906000
2013-01-22,118.73606872558594,118.73606872558594,117.82044100732159,118.09911295395005,111797300
2013-01-23,118.92708587646484,119.03059462901231,118.52103270317915,118.73600774734903,104596100
2013-01-24,118.95895385742188,119.54017014776359,118.6404700244897,118.75193632878695,146426400
2013-01-25,119.62779235839844,119.62779235839844,118.92713983663158,119.33320534307379,147211600
2013-01-28,119.48448944091797,119.69149490097381,119.03861190177189,119.65964043086016,113357700
2013-01-29,119.9542007446289,120.10547905635343,119.16596687513011,119.24559087569568,105694400
2013-01-30,119.48448944091797,120.17717230438087,119.3730109444409,119.93831237421136,137447700
2013-01-31,119.18986511230469,119.73128164970619,119.11025325166086,119.34114344112156,108975800
2013-02-01,120.41596221923828,120.55927080466142,119.73919483541478,119.94620017510833,131173000
2013-02-04,119.06246185302734,120.43988178289779,118.9748803092143,119.68350234937625,159073600
2013-02-05,120.26470947265625,120.60706593199696,119.659596253109,119.7073779406387,113912400
2013-02-06,120.35224151611328,120.43185333142411,119.75509823118155,119.84267973226132,138762800
2013-02-07,120.19304656982422,120.5035606975234,119.31723126148535,120.39209439909075,162490000
2013-02-08,120.86186981201172,120.93352412989725,120.40007729299735,120.40007729299735,103133700
2013-02-11,120.83796691894531,120.94146353517623,120.53541031246397,120.81408214989848,73775000
2013-02-12,121.03699493408203,121.25992750794622,120.71055361202585,120.84590466409239,65392700
2013-02-13,121.14051055908203,121.5067639301889,120.79815410577685,121.28383132131202,82322600
2013-02-14,121.25198364257812,121.39530441282102,120.63892500834935,120.77427608924077,80834300
2013-02-15,121.10871887207031,121.49088748289844,120.66285346795065,121.36349389631536,215226500
2013-02-19,122.01636505126953,122.04024982781621,121.14851910628676,121.31571254211357,95105400
2013-02-20,120.49564361572266,121.96860305493416,120.43194682467842,121.92879104191643,160574800
2013-02-21,119.76315307617188,120.55934476965706,119.38098446499689,120.19310339404969,183257000
2013-02-22,120.93346405029297,120.93346405029295,119.81880138499928,120.34427827068808,106356600
2013-02-25,118.63253784179688,121.70583763023238,118.63253784179688,121.52271698022749,245824800
2013-02-26,119.4446029663086,119.58791154571969,118.41750955154308,119.2057431850436,186596200
2013-02-27,120.94944763183594,121.28384658724184,119.23762870309625,119.3411374805734,150781900
2013-02-28,120.71058654785156,121.71378340396221,120.55135068720315,120.94147672345414,126866000
2013-03-01,121.10871887207031,121.2918395597078,119.75519542415817,120.29659994375459,170634800
2013-03-04,121.75357055664062,121.75357055664061,120.63890761068531,120.82998574489768,99010200
2013-03-05,122.84441375732422,123.17085527460898,122.32689400468942,122.34282124060906,121431900
2013-03-06,123.01158142089844,123.34598037854144,122.74087923836613,123.28228360343073,94469900
2013-03-07,123.2344741821289,123.39370999392007,123.02746884169177,123.1707774276297,86101400
2013-03-08,123.76001739501953,123.92721081836672,123.13898895332053,123.77594462783512,123477800
2013-03-11,124.22972106933594,124.23767860831029,123.51315379638154,123.66443207929545,83746800
2013-03-12,123.95106506347656,124.28547612564215,123.57686630136939,124.14215536344032,105755800
2013-03-13,124.12625122070312,124.3014143243527,123.59280436828608,124.01478489555507,92550900
2013-03-14,124.7870864868164,124.84282572155219,124.1342157946921,124.45268752515501,126329900
2013-03-15,124.622314453125,124.7902514411229,124.20645014459566,124.6383125196317,138601100
2013-03-18,123.93458557128906,124.4704050508508,123.3187879353346,123.43075003251238,126704300
2013-03-19,123.64664459228516,124.3663989743725,122.830914010423,124.19846197992867,167567300
2013-03-20,124.5103530883789,124.71827914232938,124.16646177278655,124.37440002968637,113759300
2013-03-21,123.44673156738281,124.47038837672234,123.23880547275039,123.76661974419451,128605000
2013-03-22,124.43836975097656,124.43836975097658,123.74259424579482,123.83857043444478,111163600
2013-03-25,123.91853332519531,124.97418595389682,123.4387012054703,124.76624771936275,151322300
2013-03-26,124.91022491455078,124.9422088462227,124.29442745405491,124.43038051882286,86856600
2013-03-27,124.91022491455078,124.95021398135309,123.95854125822532,124.16646732146748,99950600
2013-03-28,125.29412841796875,125.43808665843534,124.55837575267651,124.83028195883712,102932800
2013-04-01,124.7982406616211,125.48601099831374,124.49433845149363,125.23009077863847,99194100
2013-04-02,125.41409301757812,125.72598829525813,125.0542035254486,125.24614377438748,101504300
2013-04-03,124.14253234863281,125.58205398253592,123.81465113995783,125.48608994126086,154167400
2013-04-04,124.64633178710938,124.89424695707187,124.03053422746093,124.30244040077775,131885000
2013-04-05,124.08658599853516,124.23853723422106,122.97495751999288,123.11890361509015,159666000
2013-04-08,124.92623901367188,124.93423194687811,123.75862400913358,124.17448839193577,86571200
2013-04-09,125.35808563232422,125.81393907385828,124.74228811063736,125.15815248139546,101922200
2013-04-10,126.89361572265625,127.05355985947364,125.66203244591142,125.69401639209272,135711100
2013-04-11,127.30944061279297,127.72530500143529,126.78960707625217,126.91756722705775,110142500
2013-04-12,126.99754333496094,127.18947135513908,126.2937747197706,126.90156712192042,116359900
2013-04-15,124.05451965332031,126.46172264055816,124.03853378710407,126.35775349539601,217259000
2013-04-16,125.88591766357422,125.9498977390636,124.68631870478953,124.99020880967453,147507800
2013-04-17,124.04655456542969,125.01423661858962,123.38277487991495,124.99023340797453,226834800
2013-04-18,123.27075958251953,124.28642321272076,122.79892036485592,124.25442708101036,167583200
2013-04-19,124.34248352050781,124.39847068797108,123.25484615153812,123.55874859672231,149687600
2013-04-22,124.89424133300781,125.1901384963545,123.75862248121767,124.58234610049468,106553500
2013-04-23,126.18186950683594,126.30182457350753,124.89429891174754,125.51808966435365,166141300
2013-04-24,126.26175689697266,126.59764304508818,125.98983860311405,126.22176783585097,96781200
2013-04-25,126.77363586425781,127.37343541217336,126.43774958177947,126.6296776272225,131060600
2013-04-26,126.54962158203125,126.83752564818258,126.14175036993267,126.621594547833,95918800
2013-04-29,127.39741516113281,127.67731427032328,126.69364651548462,126.89357968045722,88572800
2013-04-30,127.70130157470703,127.7332977138289,126.84559399894695,127.37342046789333,116010700
2013-05-01,126.5816421508789,127.48534365964862,126.4376961775959,127.42136360387353,138874200
2013-05-02,127.75731658935547,127.86927869480543,126.78164158345393,126.90159662395237,96407600
2013-05-03,129.05279541015625,129.4606666869236,127.78122400093804,128.86886040074043,144202300
2013-05-06,129.38076782226562,129.56470294434112,129.09286353412608,129.1488506859925,66882100
2013-05-07,130.03646850585938,130.07644535593354,129.29271116911636,129.66059337277503,90359200
2013-05-08,130.6282958984375,130.6682849616632,129.82057051425272,129.89254350628974,97419200
2013-05-09,130.2604217529297,130.91619599823238,129.9325285288041,130.57231691167271,106738600
2013-05-10,130.68426513671875,130.79622717665376,129.96449870603908,130.34837901691375,103203000
2013-05-13,130.78826904296875,131.00420027006368,130.21247277563478,130.5163628772649,81843200
2013-05-14,132.1398162841797,132.23579249578648,130.89223535985246,130.89223535985246,119000900
2013-05-15,132.8516082763672,133.11552156361978,131.88393842606172,131.9239275064856,120718500
2013-05-16,132.22775268554688,133.043483154063,132.0278195846423,132.57963689561063,109913600
2013-05-17,133.50733947753906,133.58730540216064,132.5396578269109,132.71559994520695,129801000
2013-05-20,133.4993438720703,134.01917733248615,133.2434358108862,133.37938887510117,85071200
2013-05-21,133.69129943847656,134.19513488956432,133.15548005217033,133.61932643202152,95804200
2013-05-22,132.69956970214844,135.2107407447475,132.09177757001603,133.82719513154242,244031800
2013-05-23,132.31568908691406,132.68357126553377,131.10809786675856,131.2840399257143,211064400
2013-05-24,132.2037353515625,132.25972246607688,131.14009000229967,131.53196319506353,151573900
2013-05-28,132.99557495117188,134.1791761483894,132.6037014629176,133.5873694483032,143679800
2013-05-29,132.1317901611328,132.59563642470727,131.4280217332339,132.29173420303306,160363400
2013-05-30,132.61965942382812,133.22745181089718,132.13182204639403,132.2357911900451,107793800
2013-05-31,130.71630859375,133.00354462520377,130.4604004728982,132.25179392771892,176850100
2013-06-03,131.43605041503906,131.52402148428712,130.08450044338707,131.0201860692345,168390700
2013-06-04,130.80418395996094,132.0357782618483,130.14040483415428,131.507952132468,157631500
2013-06-05,128.97286987304688,130.6922899492729,128.86090780579892,130.4283767472705,211737800
2013-06-06,130.1405029296875,130.14850806682784,128.1571691884036,128.91691283660543,200225500
2013-06-07,131.7958984375,131.91585341311423,130.46833976027997,131.0361551183986,188337800
2013-06-10,131.7958984375,132.27573054290463,131.45200716915974,132.20375755753608,105667100
2013-06-11,130.43637084960938,131.58797535691596,130.14846667204546,130.5963149031562,159505400
2013-06-12,129.3567657470703,131.46805961179464,129.2368107218399,131.33210651554927,177361500
2013-06-13,131.32411193847656,131.55602905200467,128.99688685450147,129.28479111440512,163587800
2013-06-14,130.50030517578125,131.69191064397023,130.28438625030188,131.18008248236848,141197500
2013-06-17,131.508056640625,132.13184721545147,130.53238169990595,131.388089405187,136295600
2013-06-18,132.54769897460938,132.74763214490855,131.57202412731317,131.5800170610623,114695600
2013-06-19,130.71630859375,132.6676583524249,130.6603336497632,132.43574123656066,206149500
2013-06-20,127.47740936279297,130.73232786746954,127.14152303553855,129.44475751151697,321255900
2013-06-21,127.88662719726562,128.4413523467679,126.60027920800205,128.3448805412064,271956800
2013-06-24,126.27061462402344,127.37204164661485,125.20134077155377,126.55200699954916,222329000
2013-06-25,127.48462677001953,128.71469118528083,126.56006045123026,127.41226065866393,162262200
2013-06-26,128.74684143066406,129.0362690669356,128.0313137003707,128.52976763658,134848000
2013-06-27,129.50254821777344,130.09748611180456,129.3980289514859,129.5186309358606,129483700
2013-06-28,128.97198486328125,129.7598666459823,128.5217667017378,129.14082280762247,160402900
2013-07-01,129.72772216796875,130.62815855147394,129.50261307209243,129.64732080478763,131954800
2013-07-02,129.6071014404297,130.4834196592201,129.03628134021778,129.5347353238375,154863700
2013-07-03,129.6633758544922,130.0573228219512,128.81117556378615,129.02020188890478,75216400
2013-07-05,131.06228637695312,131.11052228052475,129.67946655945553,130.62010348167357,122416900
2013-07-08,131.8099822998047,132.16372865596924,131.11053708399535,131.7376284362779,108092500
2013-07-09,132.7586212158203,132.91941161314907,132.06721146653786,132.63801921718303,119298000
2013-07-10,132.80685424804688,133.25707225787954,132.35663623821424,132.62998113453824,121410100
2013-07-11,134.61578369140625,134.75245614963012,132.79881653114654,134.35047400161113,135592200
2013-07-12,134.6720428466797,135.00970634890982,134.36654478324508,134.5755710653341,104212700
2013-07-15,135.18663024902344,135.37958615172826,134.80876594009638,135.04192252263869,69450600
2013-07-16,134.68006896972656,135.35539586702907,134.3182875795658,135.27499455031844,88702100
2013-07-17,135.02577209472656,135.45187209880027,134.84889900614667,135.19460995837792,92873900
2013-07-18,135.76544189453125,136.08703496196676,135.22678730753807,135.3152238676427,103620100
2013-07-19,136.00668334960938,136.05491926047853,135.3152733362585,135.48411129182617,103831700
2013-07-22,136.27195739746094,136.46491325787161,135.8780104494434,136.19960355012785,79428600
2013-07-23,135.98252868652344,136.5372660468219,135.91017483975122,136.5131480978978,80829700
2013-07-24,135.48402404785156,136.5613329219558,135.21066694974337,136.5050495505013,112914000
2013-07-25,135.81365966796875,135.9342616524872,135.01774300073686,135.24285198414785,111088600
2013-07-26,135.95838928222656,135.9985899465968,134.68008912088757,135.24286161950974,107814600
2013-07-29,135.54037475585938,135.91823905963537,135.1544752232355,135.61272861806543,79695000
2013-07-30,135.54037475585938,136.09511223448902,135.21879385659363,135.9504045100769,85209600
2013-07-31,135.6367645263672,136.55328294626267,135.45989147449995,135.82167280149514,142388700
2013-08-01,137.20457458496094,137.3251643442242,136.59355375796358,136.66591988104537,110438400
2013-08-02,137.43763732910156,137.45372004330218,136.71407466778794,136.89898294478738,91116700
2013-08-05,137.23666381835938,137.44570232704422,136.95528375534855,137.13215683153507,54072700
2013-08-06,136.4568634033203,137.26887523442383,136.15136529735628,136.97140008799482,87495000
2013-08-07,136.01463317871094,136.21562419281886,135.50814416507114,136.02268067048675,84854700
2013-08-08,136.51312255859375,136.8186206103193,135.81366536808514,136.65783022506585,102181300
2013-08-09,136.1192169189453,136.75435569423723,135.64488084513536,136.33629075192692,91757700
2013-08-12,135.95838928222656,136.11917967218713,135.37149883848636,135.43581744797464,68593300
2013-08-13,136.36036682128906,136.59351103879087,135.3956122463354,136.19957643671677,80806000
2013-08-14,135.66094970703125,136.5131499607037,135.628784263012,136.29607614990255,79829200
2013-08-15,133.7635498046875,134.60770228886378,133.5303933477577,134.5916318396068,152931800
2013-08-16,133.32142639160156,133.96460040595542,133.05611665064845,133.50633478043895,130868200
2013-08-19,132.4691925048828,133.6269029841683,132.46114501119388,133.16863747465078,96437600
2013-08-20,133.12042236328125,133.6188763489708,132.54156703327664,132.68627473201641,89294400
2013-08-21,132.3003387451172,133.48216702866168,132.00287593480988,132.75055670693996,159530500
2013-08-22,133.50628662109375,133.69924243605269,132.56565002476805,132.57368525007152,101471400
2013-08-23,133.95651245117188,134.12535033261096,133.2731502346809,133.9002413357057,90888900
2013-08-26,133.4580841064453,134.50324023066295,133.36964753591482,134.0932105547841,89702100
2013-08-27,131.3114471435547,133.45802964220368,131.21497538508163,132.13952911716214,158619400
2013-08-28,131.77774047851562,132.24404106458204,131.08633095676433,131.25515652476955,108113000
2013-08-29,131.9868621826172,132.68630743395727,131.36780602788212,131.48840807407836,119200500
2013-08-30,131.56869506835938,132.2761872675871,131.18279580856074,132.26010455373657,134928900
2013-09-03,132.16368103027344,133.12040043945402,131.60894374141944,132.83900804821712,142375100
2013-09-04,133.25709533691406,133.48220438081742,131.9546769732556,132.19585647206435,97389400
2013-09-05,133.42593383789062,133.77966786020008,133.2410131979637,133.33749726543255,63090500
2013-09-06,133.49021911621094,134.24594747652745,132.2360368448435,133.86808329636918,159756500
2013-09-09,134.7685546875,134.84894376602566,133.81987032772204,133.81987032772204,87559300
2013-09-10,135.76544189453125,135.78955984114876,135.27502320077312,135.58053354795655,105847200
2013-09-11,136.1914825439453,136.1914825439453,135.34733024565867,135.5804743837296,94545900
2013-09-12,135.82972717285156,136.32014574625177,135.64481887165684,136.1432726694505,83209000
2013-09-13,136.13523864746094,136.23975790308978,135.66090278617628,135.97444828554458,72727800
2013-09-16,136.92312622070312,137.67081922544065,136.70605247513174,137.60650062425213,106299200
2013-09-17,137.53416442871094,137.56631759966749,137.0437457658608,137.0437457658608,82523300
2013-09-18,139.1260223388672,139.50388653521327,137.1402295682898,137.48592832333924,203460600
2013-09-19,138.89291381835938,139.56825337620728,138.75624131442694,139.50393473891103,146616900
2013-09-20,137.9217987060547,139.22249094193668,137.80869556933962,139.22249094193668,132867100
2013-09-23,137.28355407714844,137.86523083097848,136.84730267543415,137.73597891804016,104616500
2013-09-24,136.9604034423828,137.76828643907112,136.701887293647,137.2593162064163,106333100
2013-09-25,136.5645294189453,137.3239413697374,136.4433519065064,137.04926412333214,117306500
2013-09-26,137.08970642089844,137.47748691724405,136.57266164999774,136.7907935723945,77146900
2013-09-27,136.45957946777344,136.64538918643373,136.10410882176478,136.40302171621678,99141800
2013-09-30,135.73240661621094,136.1605835828776,135.03762680339642,135.30422964954428,143937000
2013-10-01,136.8069305419922,136.9361948053797,135.7001345641184,135.83747322122315,127160000
2013-10-02,136.67762756347656,136.80689179024884,135.5869930092876,136.00709558263998,113350000
2013-10-03,135.41738891601562,136.48380074278336,134.78724095558755,136.36261085665777,176698000
2013-10-04,136.44334411621094,136.58068273157215,135.3446228660063,135.52235809231254,96878000
2013-10-07,135.26382446289062,136.08786845080814,135.11841146183633,135.25575007193686,96295000
2013-10-08,133.68846130371094,135.41733024847468,133.5915192986654,135.23959502101454,178015000
2013-10-09,133.78543090820312,134.2701533160788,132.92099017348445,133.94700504416167,168973000
2013-10-10,136.66958618164062,136.74229270401756,135.10229095359685,135.1507619685148,195955000
2013-10-11,137.55014038085938,137.59862371060203,136.34640272952188,136.4595058442915,105040000
2013-10-14,138.09954833984375,138.2126514883296,136.59688518006388,136.7019139348431,112106000
2013-10-15,137.0977325439453,138.26916034226326,136.91192291926973,137.75211575341115,155485000
2013-10-16,139.01248168945312,139.08518822598256,137.857202190652,137.92183433222945,161676000
2013-10-17,139.94149780273438,140.0222910357142,138.42267377939294,138.44690928382357,129389000
2013-10-18,140.88671875,140.98366076723573,140.17577775076063,140.45854173745352,138316000
2013-10-21,140.8948211669922,141.17758520992822,140.57974722098982,140.93521779131433,104104000
2013-10-22,141.7107391357422,142.13082935825796,140.91900503657857,141.30679769518238,126663000
2013-10-23,141.03211975097656,141.2906358614057,140.53931070292805,141.2260037519698,105484000
2013-10-24,141.500732421875,141.6784677056204,140.9836876857026,141.3149227442571,70350000
2013-10-25,142.14700317382812,142.187399786958,141.5168554564121,141.79153270199023,93625000
2013-10-28,142.37326049804688,142.56715691425083,141.9450833653348,142.0985831539146,84979000
2013-10-29,143.13265991210938,143.18921765118665,142.49443763110517,142.69640842383444,87401000
2013-10-30,142.42169189453125,143.4073101631979,141.9127339754973,143.30229375337763,140002000
2013-10-31,142.0177459716797,142.906422195258,141.80770083125034,142.30858434236748,133795000
2013-11-01,142.3570556640625,142.680203903195,141.55724713033413,142.20355593591427,142805000
2013-11-04,142.85794067382812,142.91448606899442,142.1712352491206,142.74483755618027,85677000
2013-11-05,142.40554809570312,142.79332850647648,141.84003242846762,142.30051935488905,85825000
2013-11-06,143.13265991210938,143.3992628377903,142.62368956968956,143.01955676127375,87348000
2013-11-07,141.3229522705078,143.51232039211084,141.18561365436517,143.39921727721014,157000000
2013-11-08,143.2296142578125,143.2457753742691,141.25838950630475,141.2745382954414,136713000
2013-11-11,143.2538604736328,143.42350904888588,142.92262539028374,143.0922739655368,62614000
2013-11-12,142.9629669189453,143.28611515595537,142.48630662748013,142.94680580890028,83990000
2013-11-13,144.11016845703125,144.15055274376928,142.2601095482789,142.2601095482789,103844000
2013-11-14,144.82916259765625,144.95034009475486,144.00511863544367,144.23939923893897,103435000
2013-11-15,145.45938110351562,145.5159265206053,144.8777041794272,145.06351387460768,102818000
2013-11-18,144.95030212402344,145.82281685651424,144.62715399820203,145.70163939115892,104796000
2013-11-19,144.63531494140625,145.31393380812597,144.38487314492528,144.8776823444685,93891000
2013-11-20,144.18289184570312,145.36239421934215,143.78702470533534,144.92614278750847,124909000
2013-11-21,145.3462677001953,145.4593708537249,144.49798788506374,144.58685552907409,92841000
2013-11-22,146.0733184814453,146.08947959256545,145.23312561293642,145.40277413409225,81296000
2013-11-25,145.9279327392578,146.36418420251587,145.717875237381,146.33187430155232,79486000
2013-11-26,145.9683074951172,146.40457125718515,145.75018794140058,146.0006297212868,86994000
2013-11-27,146.3238067626953,146.42076113293228,145.9441006581766,146.1218359550713,58800000
2013-11-29,146.22686767578125,146.8327801109019,146.06529349187977,146.4853962318797,55870900
2013-12-02,145.84716796875,146.57425799189832,145.6209616358896,146.2995806344708,99726000
2013-12-03,145.2169647216797,145.73400933246396,144.7483911170133,145.37046445926367,116563000
2013-12-04,145.20082092285156,145.80673322620032,144.08595066726562,144.6918629706144,123033000
2013-12-05,144.56259155273438,145.20890044305685,144.42525291672982,144.94229756352445,106934000
2013-12-06,146.17835998535156,146.31569862358324,145.540125477156,145.96022811177562,127728000
2013-12-09,146.54998779296875,146.76811967921225,146.35610374059024,146.6065455264576,70124000
2013-12-10,146.02490234375,146.51771163590058,145.93603469017137,146.21071204584334,80976000
2013-12-11,144.38487243652344,146.10566742977252,144.2071371636377,146.08143192231702,130591000
2013-12-12,143.90818786621094,144.49793894362955,143.60926280452065,144.32020371580776,115565000
2013-12-13,143.8920135498047,144.33635157857773,143.61733634195002,144.20708736524122,107808000
2013-12-16,144.78880310058594,145.26545114776297,144.530274604093,144.57067122258468,96195000
2013-12-17,144.32833862304688,144.94233778653697,144.005190251867,144.91810227506448,89886000
2013-12-18,146.79237365722656,146.81660916682353,143.25385365555826,144.54645936756685,234906000
2013-12-19,146.62266540527344,146.79231390339444,145.99251775762417,146.37221136252353,136531200
2013-12-20,147.47557067871094,147.82485282455733,146.67143223002162,146.76890055247065,197087000
2013-12-23,148.2634735107422,148.35282360490805,147.8898366764068,148.1984904973268,85598000
2013-12-24,148.58834838867188,148.65333138993157,148.2634457766136,148.271564003931,45368800
2013-12-26,149.34378051757812,149.42501237618944,148.90516070610488,148.92139716243395,63365000
2013-12-27,149.33572387695312,149.60376185358072,149.181390718488,149.53879121298692,61814000
2013-12-30,149.31130981445312,149.47376115332324,149.11636077126337,149.35191335348864,56857000
2013-12-31,150.01795959472656,150.01795959472656,149.40062723886555,149.51435679430605,86119900
2014-01-02,148.58026123046875,149.51437812538663,148.22286084592577,149.44126448728082,119636900
2014-01-03,148.55589294433594,149.1326094500334,148.3447074434746,148.83206145951831,81390600
2014-01-06,148.1254119873047,149.1001325496372,147.89797760256857,149.04328015057538,108028200
2014-01-07,149.0351104736328,149.28691187687778,148.60460890145765,148.71832606402768,86144200
2014-01-08,149.067626953125,149.31942838809132,148.5558934599723,149.01076216755573,96582300
2014-01-09,149.1651153564453,149.56313172627782,148.48281220322767,149.54688287189327,90683400
2014-01-10,149.57119750976562,149.6361805102733,148.65332966967455,149.41686443283984,102026400
2014-01-13,147.58119201660156,149.6037343797526,147.29689284066546,149.18948155224749,149892000
2014-01-14,149.18951416015625,149.27074605510526,147.79240984791284,148.06857845994426,105016100
2014-01-15,149.99359130859375,150.22102562916058,149.22193826422478,149.53872266746006,98525800
2014-01-16,149.7986602783203,149.9936093168865,149.31942450203445,149.68494310438396,72290600
2014-01-17,149.1651153564453,149.82305142520838,148.90519565751475,149.5387646418232,107848700
2014-01-21,149.6037139892578,150.08296216859395,148.68585835213213,150.0260973834595,88621200
2014-01-22,149.701171875,149.92048796468725,149.3843874762254,149.85550496054879,61270900
2014-01-23,148.4746856689453,148.97017039024533,147.68679592613515,148.94580330511948,132496900
2014-01-24,145.30685424804688,147.5568436742766,145.25812007323796,147.50810949946768,208677100
2014-01-27,144.59201049804688,145.81854470747868,143.86909153246958,145.44489548747322,180843100
2014-01-28,145.4530029296875,145.6398213127961,144.68133753246457,144.6975863814167,110463200
2014-01-29,144.05592346191406,145.03064385989143,143.67415601028458,144.24274187625116,216597300
2014-01-30,145.58299255371094,146.0541101359483,144.79509050686053,145.25808985973364,118938100
2014-01-31,144.73011779785156,145.6317370912376,143.70666308410694,143.77976433632207,194677900
2014-02-03,141.47288513183594,144.8844123297427,141.19671665643074,144.5595096991767,254837100
2014-02-04,142.4638671875,142.82938577859557,141.42416380230986,142.10646682492052,165012400
2014-02-05,142.28514099121094,142.60192536480608,141.09923534410692,141.96835661761577,164230500
2014-02-06,144.16152954101562,144.16152954101562,142.3258056695776,142.6182230680074,132877600
2014-02-07,145.9485321044922,146.10286524423998,144.3646095543743,144.83572720414566,170787200
2014-02-10,146.21658325195312,146.26532981812616,145.56677776725422,145.96478176749554,92218800
2014-02-11,147.81671142578125,148.19036062500112,146.2409075584375,146.33838826802267,117814100
2014-02-12,147.8898468017578,148.50716688010547,147.59742941848927,148.0360492962704,94717700
2014-02-13,148.6533660888672,148.80769920360365,146.8826253696118,146.89074359882417,100542200
2014-02-14,149.47378540039062,149.7499539606931,148.37721699521146,148.5153012753627,96498400
2014-02-18,149.6524658203125,149.85553309853438,149.17321762408417,149.6037192623751,80460900
2014-02-19,148.6614990234375,150.2291724885674,148.53965121789932,149.2625702448168,126524300
2014-02-20,149.53872680664062,149.87987829693384,148.32032331520438,148.86454205407028,104998100
2014-02-21,149.36817932128906,150.18044850295777,149.29507806955746,149.8230480799445,118116400
2014-02-24,150.19674682617188,151.20395301086091,149.62003006377074,149.68501310701652,114063900
2014-02-25,150.1398468017578,150.74904874577578,149.64436205818672,150.31854703020937,117085000
2014-02-26,150.14794921875,150.75715104831878,149.7255658131943,150.35913472440637,98677200
2014-02-27,150.9358673095703,150.97647085380257,149.75806706497198,149.92864904887574,93880800
2014-02-28,151.31764221191406,152.01619430461466,150.31043621377316,150.91150756253572,150842000
2014-03-03,150.2535858154297,150.63535341397744,149.25449795258524,149.98553543383784,167748500
2014-03-04,152.365478515625,152.69038128162487,151.69129350164152,151.7237788205431,167545900
2014-03-05,152.50350952148438,152.7634415588529,152.25982633501184,152.49539129315727,88376900
2014-03-06,152.85289001464844,153.20217239368193,152.5279871267458,152.87726950577928,82516500
2014-03-07,152.91778564453125,153.4863839646564,152.24360076304183,153.4863839646564,114513500
2014-03-10,152.83657836914062,152.89343076914625,151.95932613020454,152.68224523531234,74939200
2014-03-11,152.08116149902344,153.283328859854,151.7318916861669,153.06401270163911,99009100
2014-03-12,152.12176513671875,152.17862992634963,151.0008297456516,151.34199369494962,104824400
2014-03-13,150.4159393310547,152.69842520521152,149.9935684539253,152.57657744146192,155014300
2014-03-14,149.99359130859375,150.91957744068466,149.81489114325683,150.14792439631572,153919600
2014-03-17,151.35015869140625,151.70755921025466,150.68409183459835,150.749074873866,98359500
2014-03-18,152.43040466308594,152.6334719146159,151.49628786950313,151.65875158612027,101804600
2014-03-19,151.61813354492188,152.657836866733,150.65153145802532,152.4466389957693,176267300
2014-03-20,152.50350952148438,152.61722668927268,151.0170557176677,151.28510598336334,117241000
2014-03-21,151.91201782226562,154.2127321612391,151.77332413110648,153.14396537429047,163128000
2014-03-24,151.28382873535156,152.62184148947756,150.62298886709678,152.43418607213763,121411000
2014-03-25,152.0017547607422,152.51574675768384,151.1532720893715,152.0507040082711,103852000
2014-03-26,150.90847778320312,152.84204729787078,150.86768260357678,152.59728866905363,119843000
2014-03-27,150.59036254882812,151.21040722963974,150.03557524583118,150.72905626234072,142383000
2014-03-28,151.33279418945312,152.09153259062748,150.93302116528645,151.02276562177502,101642000
2014-03-31,152.5728759765625,152.80948064506268,151.35726129332014,152.29548856082428,99745000
2014-04-01,153.5845489501953,153.6742934076991,152.56473122808248,153.07055683458745,89193000
2014-04-02,154.09854125976562,154.3025048044449,153.49480468589405,153.7803586280238,78774000
2014-04-03,153.8945770263672,154.37592800190893,153.42138011095528,154.33513280336626,77435000
2014-04-04,152.07522583007812,154.76754732025324,151.83047951647404,154.73491862808862,169381000
2014-04-07,150.39454650878906,151.96098493589497,150.0845304063785,151.7080721488182,140803000
2014-04-08,151.0145721435547,151.25931837105145,149.78262470341835,150.32924535973348,112660000
2014-04-09,152.63809204101562,152.68704127961806,150.98190974061163,151.4224777859167,100254000
2014-04-10,149.4318389892578,152.70340942774038,149.2441835842156,152.6299855469563,172959000
2014-04-11,148.08563232421875,149.643916212737,147.92246403905722,148.59962424897262,167251000
2014-04-14,149.2523651123047,149.60317643287343,148.0285838469679,149.24419860320984,132382000
2014-04-15,150.28030395507812,150.38636895848958,148.08565470843334,149.5623609020567,157093000
2014-04-16,151.85491943359375,151.8630734925339,150.64744646742048,151.31645276886337,105197000
2014-04-17,152.06703186035156,152.4912794408375,151.3898715228847,151.65095078747436,105255000
2014-04-21,152.5973358154297,152.6462975154731,151.92018790997312,152.10783085549923,68329000
2014-04-22,153.290771484375,153.7068524448286,152.67072707192509,152.7523049833589,85790000
2014-04-23,152.93182373046875,153.31527609114028,152.80945061491127,153.23369816374984,73869000
2014-04-24,153.24183654785156,153.69871273112716,152.50756058277952,153.68239216774094,88170000
2014-04-25,151.98548889160156,152.83398431727164,151.64283158664,152.74423984819015,100380000
2014-04-28,152.466796875,153.1276366117755,150.90035871588006,152.6054905587355,135121000
2014-04-29,153.1765899658203,153.41318215054898,152.62996927446272,152.95630589800794,84098000
2014-04-30,153.6334686279297,153.78848288367536,152.71154960098602,152.92367961366725,101508000
2014-05-01,153.6497802734375,154.06586131816823,153.16026290991834,153.56003583842377,93019000
2014-05-02,153.4295196533203,154.31064357289176,153.20108150183276,153.63348317778744,98122000
2014-05-05,153.72320556640625,153.82927056757083,152.25466591119712,152.67891346691172,75883000
2014-05-06,152.38519287109375,153.4866006331982,152.35256419210924,153.3805356408487,85454000
2014-05-07,153.28268432617188,153.35610821318957,151.75702857410678,152.89923187315065,106500000
2014-05-08,153.1195068359375,154.2372355300772,152.63000179631769,153.14399391441802,93618000
2014-05-09,153.3479461669922,153.413203541645,152.42602702596042,153.1439826366008,83679000
2014-05-12,154.84092712402344,154.91436344614178,153.38055392324713,154.03323962122002,86940000
2014-05-13,154.9796600341797,155.35494597230885,154.82464575362556,155.0449174112006,66454000
2014-05-14,154.24533081054688,154.91433696004708,154.0250467797429,154.84090065048434,72367000
2014-05-15,152.8910675048828,153.9680009920074,152.14048315731722,153.93535985357812,154956000
2014-05-16,153.42137145996094,153.48664128415945,152.3362839744345,152.9808032588575,97458000
2014-05-19,153.98431396484375,154.1066871055497,152.98897092394802,153.1276646330635,63839000
2014-05-20,153.01341247558594,153.9271649258568,152.6218060610332,153.91084436097526,111644000
2014-05-21,154.302490234375,154.37591411577924,153.42952037008365,153.4539949972184,89093000
2014-05-22,154.67776489257812,154.9959474711187,154.08219492740108,154.34326174748693,61549000
2014-05-23,155.29783630371094,155.40388887374235,154.67777920685396,154.81647291300726,61092800
2014-05-27,156.2523956298828,156.30134488872307,155.7873527730069,155.87709723052959,72010000
2014-05-28,156.1381072998047,156.49708497069844,155.87702810317606,156.2523263360944,66723000
2014-05-29,156.94586181640625,156.97033644545286,156.09737896191558,156.49715198458762,64377000
2014-05-30,157.1987762451172,157.29668721126495,156.6684760116826,156.79901566724848,76316000
2014-06-02,157.37826538085938,157.45170171781027,156.61952697358964,157.41906057939948,64656000
2014-06-03,157.2966766357422,157.37825457827606,156.84795438049514,156.9948021464237,65047000
2014-06-04,157.6148681640625,157.7046126201908,156.86428382596523,157.02745216921303,55529000
2014-06-05,158.64280700683594,158.8059753162208,157.2150625140661,157.7943243286681,92103000
2014-06-06,159.401611328125,159.4423940824848,158.91209378632502,158.98551768291057,78696000
2014-06-09,159.56475830078125,159.94821075236345,159.23025510702718,159.37711532945804,65119000
2014-06-10,159.5810546875,159.61368337145882,159.0262674686429,159.3689246704614,57129000
2014-06-11,159.0262908935547,159.18945923527312,158.66731307240624,159.00997032469888,68772000
2014-06-12,157.90042114257812,158.92840543284214,157.54960980151486,158.83866097018333,106350000
2014-06-13,158.38172912597656,158.53674336618246,157.70456886288625,158.21039432129027,82017000
2014-06-16,158.51231384277344,158.84681706687545,157.99833414000085,158.18597712834807,87424000
2014-06-17,158.95291137695312,159.0671304929336,158.1207364182669,158.29207131671257,84834000
2014-06-18,160.11953735351562,160.209281811536,158.60204807631922,158.9528718481977,105267000
2014-06-19,160.29896545410156,160.3968763841256,159.74419079604806,160.25817027067006,85929000
2014-06-20,160.62449645996094,160.75566165000808,160.42774867489018,160.69827218863708,100587000
2014-06-23,160.5752410888672,160.71459935046917,160.2801257970643,160.66541555326793,70611000
2014-06-24,159.60794067382812,161.0835173805604,159.4275917147499,160.28834583606016,96237000
2014-06-25,160.32937622070312,160.49332644903686,159.23908906481287,159.27187410703937,82782000
2014-06-26,160.2145538330078,160.37031087351548,159.14066582773444,160.35391210383145,84312000
2014-06-27,160.5260467529297,160.57523054690193,159.76366042057575,159.83743611153415,71445100
2014-06-30,160.44407653808594,160.8129675270261,160.2883195073212,160.42767776942767,70201200
2014-07-01,161.5179901123047,162.009853181357,160.78020801732367,160.8375849538412,90470000
2014-07-02,161.68197631835938,161.88691722468798,161.46064914571664,161.5344248699309,52475000
2014-07-03,162.4770965576172,162.5508722584569,162.0180310742639,162.14099057566344,52938800
2014-07-07,161.9114532470703,162.2967430186687,161.67372738156718,162.1655903904235,61696000
2014-07-08,160.870361328125,161.67372589384155,160.47686592122255,161.6163364562782,108143000
2014-07-09,161.59173583984375,161.73929973662078,160.92772957583492,161.2720286568545,72992000
2014-07-10,160.952392578125,161.3786731799612,159.9030961032979,160.03426128980146,99040000
2014-07-11,161.1736602783203,161.2884266381002,160.4932552494128,160.85395309689102,64243000
2014-07-14,161.98529052734375,162.19842455783194,161.85412535076654,161.99348366015494,58658000
2014-07-15,161.68197631835938,162.3951791782311,160.96878596708788,162.08366499785953,111307000
2014-07-16,162.2803955078125,162.52631456236603,161.83771619241833,162.40335503508928,79986400
2014-07-17,160.43592834472656,162.39516271020372,160.20638304500383,161.78034005356528,145398000
2014-07-18,162.07545471191406,162.23940491790572,160.87040130954716,160.9605757991324,124330000
2014-07-21,161.7721405029297,161.903305676681,161.02615264939354,161.56719960966808,67592000
2014-07-22,162.4770965576172,162.77221186957235,162.20657314594195,162.32133951678026,67678000
2014-07-23,162.83778381347656,163.00993961279775,162.39511712872925,162.7230174501276,65612000
2014-07-24,162.8459930419922,163.18209903523902,162.68204286508538,162.99355695722602,56888000
2014-07-25,162.0835723876953,162.5262389886533,161.7638652568387,162.3868807530074,76837000
2014-07-28,162.1492156982422,162.38694159904455,161.181888306148,162.11641815486394,69259000
2014-07-29,161.4523468017578,162.68199150323136,161.42775490841575,162.45245882631036,80466000
2014-07-30,161.47703552246094,162.2394221989969,160.80483585371553,162.0262756507652,104222000
2014-07-31,158.28811645507812,160.4932820658571,158.1897488470008,160.35392378488186,183479000
2014-08-01,157.8044891357422,158.83738674335302,157.04211501053885,157.85367294916182,189261000
2014-08-04,158.94395446777344,159.2800605258841,157.43559253538297,158.10779214300518,91340000
2014-08-05,157.40277099609375,158.70620435057154,156.82893909934734,158.29632263738165,152690000
2014-08-06,157.45196533203125,158.12416482875244,156.64039504700978,156.66498694880465,94818000
2014-08-07,156.59945678710938,158.32096554050733,156.20597371809887,158.1652084379445,135733000
2014-08-08,158.4110565185547,158.51761723627695,156.53379165245312,156.95187891963803,117014000
2014-08-11,158.8701629638672,159.57516004830526,158.79638725364177,159.00952125271453,74544000
2014-08-12,158.64881896972656,159.15706830434763,158.16516153783894,158.71440154654823,73632000
2014-08-13,159.7227020263672,159.9030509797662,159.00131872136836,159.2718296428697,69047000
2014-08-14,160.47686767578125,160.47686767578125,159.8374532683185,159.98501717466928,57371000
2014-08-15,160.44407653808594,161.2064504146559,159.28820726529068,161.05889902251803,139951000
2014-08-18,161.7884979248047,161.86227362545847,161.23925797227733,161.32943244260846,75424000
2014-08-19,162.63284301757812,162.75580251097793,161.85407037265662,162.18197069411974,59135000
2014-08-20,163.06736755371094,163.26411531325724,162.37876915819797,162.411554197156,72763000
2014-08-21,163.54281616210938,163.75595016629296,163.07554496894767,163.20671012933673,67791000
2014-08-22,163.28868103027344,163.69856274880576,162.91978998531386,163.4116405423942,76107000
2014-08-25,164.11666870117188,164.43637600187247,163.25591442740878,164.0674848870025,63855000
2014-08-26,164.22320556640625,164.62489414074378,164.18221489415188,164.22320556640625,47298000
2014-08-27,164.15757751464844,164.41990773752332,163.90345292910933,164.30512888357043,47874000
2014-08-28,164.06747436523438,164.17404762816653,163.45265171034686,163.6166019165971,58330000
2014-08-29,164.5347900390625,164.5511763080953,163.80520079182853,164.32164345561287,65907000
2014-09-02,164.45274353027344,164.77245077023,163.83792095277258,164.74785886781774,72426000
2014-09-03,164.36257934570312,165.1085671218544,164.13304656974861,165.083975217902,57462000
2014-09-04,164.1248016357422,165.24787325709067,163.67392935792537,164.64124396433766,85236000
2014-09-05,164.86264038085938,164.92822296284413,163.4690449123296,164.09206067828686,102177000
2014-09-08,164.43637084960938,164.94463276683356,163.9527133472987,164.70689432766434,64146000
2014-09-09,163.39524841308594,164.40355390206463,163.05914241389408,164.28878752534018,88591000
2014-09-10,164.01004028320312,164.11660100041215,162.94434555095089,163.48537979222823,67251000
2014-09-11,164.19859313964844,164.22318503820762,163.2312659314706,163.35423793286193,66774400
2014-09-12,163.239501953125,164.05105977382078,162.77223077633846,164.03467351079502,117409300
2014-09-15,163.11654663085938,163.39527574260777,162.62469600917206,163.26411057338487,76401000
2014-09-16,164.34616088867188,164.64127620935088,162.7230328792357,162.81320735245973,116201000
2014-09-17,164.5675048828125,165.32987885149302,163.74774147119203,164.58390365345207,151266000
2014-09-18,165.4446258544922,165.46921775141394,164.85439531118118,165.0675292540345,94990000
2014-09-19,165.29559326171875,166.28390522229688,164.95791613367513,165.970947517806,121649000
2014-09-22,164.01901245117188,165.0320438017352,163.67310390478488,165.00733694606956,125553000
2014-09-23,163.0801239013672,164.10961817201962,163.03071018710688,163.42603246825817,111393000
2014-09-24,164.35667419433594,164.46374560358373,162.67654533088916,163.10480583374672,107276000
2014-09-25,161.70474243164062,163.93669183485724,161.64709727974255,163.92844783667869,150300000
2014-09-26,162.98953247070312,163.3930987602537,161.7706147388693,162.00122045659276,103547000
2014-09-29,162.6929931640625,162.9812565160014,161.4658443372193,161.58937859258418,95112000
2014-09-30,162.26478576660156,163.31898698069193,161.92710860208533,162.81659323279968,131302000
2014-10-01,160.06573486328125,162.05883377305804,159.70335095840082,162.0011760758881,177798000
2014-10-02,160.09051513671875,160.65055410688262,158.41861709092709,159.925785964721,157285000
2014-10-03,161.8529510498047,162.19885956599353,160.66697181311898,161.1611214503601,121569000
2014-10-06,161.66355895996094,162.74247964662354,161.07881317879534,162.5283367686725,104778000
2014-10-07,159.1680908203125,161.19414164914838,159.13515252381904,160.83175755235882,147913000
2014-10-08,161.95181274414062,162.18241847041213,158.42682513733976,159.2586520380284,186461000
2014-10-09,158.73977661132812,161.9188552516913,158.60799833563883,161.6964809823491,210705000
2014-10-10,156.92782592773438,159.48920753586484,156.88665622084912,158.69856317109682,221909000
2014-10-13,154.35003662109375,157.43027576712726,154.25944061285335,156.86200542496846,230939000
2014-10-14,154.58883666992188,156.3348672670388,154.0452607509968,155.18182629655522,215847000
2014-10-15,153.54286193847656,154.58060003366035,149.82845175174938,152.4969049817077,380715000
2014-10-16,153.4111328125,154.4900408751826,150.62737608253514,150.7673858053878,270391000
2014-10-17,155.22303771972656,156.2772389056614,154.52297655023838,155.18185543321502,214625000
2014-10-20,156.73020935058594,156.8537436355061,154.8935951013836,154.94300881535165,130011000
2014-10-21,159.8351593017578,159.94221815412675,157.7020377449729,157.86675430536727,154949000
2014-10-22,158.69859313964844,160.52697585816037,158.63270400229771,160.11517817501925,151822000
2014-10-23,160.54347229003906,161.58944214272964,159.99166478728418,160.2881596838315,154944000
2014-10-24,161.77882385253906,161.8282501284352,160.18105947644995,160.80698740006008,117927000
2014-10-27,161.5564727783203,161.795309909042,160.6258059773351,161.2023202299979,82954000
2014-10-28,163.4095458984375,163.41777732726365,162.025899264564,162.1000323922669,106736000
2014-10-29,163.16249084472656,163.99431770337648,162.08358284410997,163.52487484400183,142557000
2014-10-30,164.20843505859375,164.67787784507095,162.57770731508273,162.72596100406872,113330000
2014-10-31,166.08627319335938,166.21805149076317,165.3532736937722,166.18510063287715,146903000
2014-11-03,166.17689514160156,166.73693414238272,165.79803561919448,166.3004294602821,93600000
2014-11-04,165.60032653808594,166.0368310773971,164.76848717417494,165.73209224588456,93343000
2014-11-05,166.64625549316406,166.85215430025764,165.91325624259355,166.81097202542574,91709000
2014-11-06,167.31338500976562,167.40398099806993,166.06976059492266,166.6874570877971,107089000
2014-11-07,167.46990966796875,167.68405254564271,166.86868845841477,167.32989993791207,89540000
2014-11-10,167.9969940185547,168.04640773413132,167.29694543610404,167.50284429571937,66319000
2014-11-11,168.16175842285156,168.2688298817678,167.72525372167817,168.06293096358894,54499400
2014-11-12,167.98057556152344,168.21118133988466,167.44523084477083,167.4781817085781,90120300
2014-11-13,168.16998291015625,168.69708357685306,167.3628627633236,168.14527604820728,85357900
2014-11-14,168.21112060546875,168.41701944516876,167.78284750011372,168.09581775791943,80417500
2014-11-17,168.31817626953125,168.49113682111425,167.72518661705757,167.88991573935286,80441000
2014-11-18,169.2899932861328,169.5947194840147,168.3758021254219,168.3758021254219,76068100
2014-11-19,169.01824951171875,169.29003750260048,168.2605432494432,169.09237008184962,82373000
2014-11-20,169.31471252441406,169.42178392807256,168.16167163743387,168.22756076529555,72840300
2014-11-21,170.22068786621094,171.17606152737287,169.64417361105055,171.01134496405106,142327300
2014-11-24,170.69837951660156,170.80545094096468,170.41012866441648,170.62425894607415,65880800
2014-11-25,170.57484436035156,171.13488320200935,170.31953179623883,170.92898435132895,79108300
2014-11-26,171.01138305664062,171.11021050323376,170.50898925800718,170.72311958131596,62167800
2014-11-28,170.64898681640625,171.20079429895137,170.41014964849603,170.8878365513866,57890100
2014-12-01,169.4629669189453,170.1053702571142,169.15000924590606,169.9900674160856,103968400
2014-12-02,170.55836486816406,170.76426371393677,169.47945692704613,169.5041637831734,74507200
2014-12-03,171.21722412109375,171.43135437208167,170.5665893723176,170.73130591669803,68952000
2014-12-04,171.02781677246094,171.5302104485588,170.23715969134693,170.92897678290421,91316600
2014-12-05,171.30787658691406,171.69496750572134,170.93726109809694,171.20080514258456,91025500
2014-12-08,170.1630401611328,171.4066646476086,169.60298877379267,170.91251496508642,108588200
2014-12-09,170.04776000976562,170.1548314437846,167.93935758861193,168.3182044724072,125180100
2014-12-10,167.32162475585938,169.64415697519863,167.1321887879012,169.58651183886957,159856400
2014-12-11,168.16998291015625,169.81717406446768,167.77466055190146,167.91467029196937,159012800
2014-12-12,165.45204162597656,167.86518213186451,165.41910334700742,166.89333324688926,202330200
2014-12-15,164.3155059814453,166.80276749093596,163.71428488657548,166.34978752888287,189965800
2014-12-16,162.99777221679688,166.69570760124464,162.956589932477,163.54957963889098,259543800
2014-12-17,166.19332885742188,166.64630889158917,163.3107446344462,163.43429149852994,253910100
2014-12-18,170.30307006835938,175.40112803201805,167.9475865244209,168.6229408411701,257633900
2014-12-19,171.02767944335938,171.69847161813732,170.2740681156635,170.95313715116183,245084600
2014-12-22,171.81442260742188,171.81442260742188,170.9780047060016,171.21816004761135,148318900
2014-12-23,172.04632568359375,172.44382990148506,171.75647122353746,172.39414345380257,122167900
2014-12-24,172.0628662109375,172.53490002948,172.02145663194236,172.2699014694839,42963400
2014-12-26,172.6177215576172,172.95726241903841,172.46037273713273,172.5100591780374,57326700
2014-12-29,172.84959411621094,173.0566293705053,172.36927080987647,172.43552360762217,79643900
2014-12-30,171.9220733642578,172.55973282382527,171.84753107199853,172.4272398700469,73540800
2014-12-31,170.21609497070312,172.4106761947052,170.09187887571926,172.2450505225838,130333800
2015-01-02,170.12498474121094,171.32579919572484,169.08980858140774,170.91172873180355,121465900
2015-01-05,167.05259704589844,169.2471655561333,166.7461889314505,169.0815398898487,169632600
2015-01-06,165.47915649414062,167.88076056900059,164.6841354981615,167.35902764550087,209151400
2015-01-07,167.54119873046875,167.88073956316435,166.35696320099726,166.80415376773578,125346700
2015-01-08,170.5142059326172,170.72953065352303,168.93246642029644,168.94902014003745,147217800
2015-01-09,169.14781188964844,170.94487647756347,168.53498295474012,170.92831011812547,158567300
2015-01-12,167.8227996826172,169.43768504089866,167.21826017883348,169.28033619992303,144396100
2015-01-13,167.3507537841797,170.16642844907784,166.0505662011731,169.04015605583254,214553300
2015-01-14,166.34042358398438,166.53918199916947,164.44398600526128,165.33836728251805,192991100
2015-01-15,164.81658935546875,167.2927223172649,164.7006501462518,166.97803739877665,176613900
2015-01-16,166.97808837890625,167.13543720440362,164.42741236095966,164.60960440770086,211879600
2015-01-20,167.33413696289062,167.8807129528235,165.76895127275668,167.61570181718582,130991100
2015-01-21,168.17884826660156,168.65917148434727,166.4066273221596,166.87038418441705,122942700
2015-01-22,170.679931640625,170.81242464854992,167.55783531625463,168.93255294450015,174356000
2015-01-23,169.74400329589844,170.67980634712626,169.61149774881008,170.4230721109834,117516800
2015-01-26,170.1416015625,170.23269759703916,168.81658326680397,169.528785181447,92009700
2015-01-27,167.89735412597656,169.04018040750515,167.06921291271397,168.087823066826,134044600
2015-01-28,165.744140625,169.18092074926022,165.55367173160218,169.08154787208377,168514300
2015-01-29,167.2761993408203,167.53292102009297,164.5350421112368,165.9428918715796,173585400
2015-01-30,165.17271423339844,167.42525868672465,164.9077156934692,166.1002407142217,197729700
2015-02-02,167.21823120117188,167.30932721771725,163.85598072283597,165.66961155632973,163107000
2015-02-03,169.6363983154297,169.6446878126908,167.73996099766435,168.11262191798005,124212900
2015-02-04,168.99046325683594,170.08361552524215,168.534983145,168.8745240134986,134306700
2015-02-05,170.6964111328125,170.84548307699293,169.57842841538633,169.65295806926244,97953200
2015-02-06,170.224365234375,171.62392538305807,169.70263242153572,171.0607829977601,125672000
2015-02-09,169.46246337890625,170.29888107447147,169.05666981999815,169.57840259053336,87219000
2015-02-10,171.26792907714844,171.52465090155772,169.50398376739543,170.49776360392056,96164200
2015-02-11,171.3671875,171.7978242989837,170.4562401071207,171.10218898738265,91087800
2015-02-12,173.01522827148438,173.07320421101406,171.40035573613238,172.16224399290283,97545900
2015-02-13,173.7274169921875,173.77710343007948,172.88270963873737,173.1394439618939,93670400
2015-02-17,174.0006866455078,174.17460179617606,173.16426887773315,173.41270104093434,76968200
2015-02-18,174.01727294921875,174.09180260672233,173.3630344806547,173.62804566701706,80652900
2015-02-19,173.8930206298828,174.25740464349113,173.28020445829353,173.4209868932918,91462500
2015-02-20,174.93650817871094,175.01103783545233,172.8578661957788,173.47897194148132,140896400
2015-02-23,174.91168212890625,174.91168212890625,174.30713004551836,174.68808050030484,74411100
2015-02-24,175.4085235595703,175.6072819264432,174.53897307958917,174.83710431168478,72472300
2015-02-25,175.2594451904297,175.76461159438662,174.91990442263014,175.284288404032,73061700
2015-02-26,175.05242919921875,175.3257172152652,174.4478772380732,175.16836842089657,72697900
2015-02-27,174.45619201660156,175.21808024610087,174.406505576743,174.95306905161627,108076000
2015-03-02,175.55760192871094,175.6155652234063,174.50585939965265,174.55554583408522,87491400
2015-03-03,174.837158203125,175.60733605528142,173.97589695405733,175.1270126646053,110325800
2015-03-04,174.10009765625,174.31542242677207,173.1311740981912,174.24088012505203,114497200
2015-03-05,174.29061889648438,174.57218389820966,173.78545221153814,174.42311189725135,76873000
2015-03-06,171.8392791748047,173.85994549150837,171.5080277875941,173.42930857899026,188128000
2015-03-09,172.55145263671875,172.90754718755318,171.88066047431653,172.03800928010043,89818900
2015-03-10,169.75238037109375,171.26788029001222,169.71097078362848,171.18507375151364,157121300
2015-03-11,169.3547821044922,170.18292284827945,169.2719629755435,170.00900773205714,110145700
2015-03-12,171.50799560546875,171.5742357613371,169.93452022039267,169.98420665550796,93993500
2015-03-13,170.456298828125,172.19538770623154,169.42112236385987,171.2347535510814,162410900
2015-03-16,172.73365783691406,172.82475385582055,170.48111322070739,171.18503815193296,136099200
2015-03-17,172.22021484375,172.60115264266457,171.4086275328932,171.99661322656053,94510400
2015-03-18,174.29061889648438,174.96141130971412,171.11054678584864,171.7482191079949,228808500
2015-03-19,173.4955291748047,174.29882690791254,173.10630191705437,173.87647957216197,117917300
2015-03-20,175.02694702148438,175.53436844942433,174.2616579764139,174.44466325815185,177715100
2015-03-23,174.68589782714844,175.60923808051962,174.68589782714844,175.0352680996626,71784500
2015-03-24,173.70431518554688,175.01860728358153,173.6377666615093,174.56110680667695,77805300
2015-03-25,171.15890502929688,174.14521174748526,171.1173233023442,173.9122982280771,159521700
2015-03-26,170.7512969970703,171.66631068398317,169.79467620136552,170.4934293880964,153067200
2015-03-27,171.1422576904297,171.31693646343555,170.443504519906,170.63483629030935,118939000
2015-03-30,173.2301483154297,173.52961030402437,172.15708359378408,172.1737112038828,96180400
2015-03-31,171.71624755859375,173.10542766496235,171.65802552080422,172.40667436163744,126768700
2015-04-01,171.10899353027344,171.70791762382157,170.11910474530265,171.6829635109933,137303600
2015-04-02,171.72457885742188,172.1737656359064,170.85946053116376,171.0424658427631,86900900
2015-04-06,172.88079833984375,173.39653355555777,170.7013880356757,170.83447239619846,114368200
2015-04-07,172.42332458496094,173.65444087797837,172.39005666043033,172.90579199409237,81236300
2015-04-08,173.00559997558594,173.4464729378044,172.2569511284169,172.64791585986887,89351900
2015-04-09,173.7708740234375,174.00378754198945,172.34843879891193,172.83921994922966,85548900
2015-04-10,174.7191925048828,174.76078693025497,173.82081891959464,174.02045185284246,72722900
2015-04-13,173.9289093017578,175.20994622951594,173.87900107989284,174.57774157166983,74436600
2015-04-14,174.2615966796875,174.44460189705313,173.10534336605707,173.7292213272137,75099900
2015-04-15,175.04354858398438,175.55096993640942,174.64427016181077,174.72745898397835,99529300
2015-04-16,174.99368286132812,175.50110433696972,174.51121549982994,174.71086110581254,68934900
2015-04-17,172.98062133789062,174.04537241941927,172.19869198583558,173.8041451072998,191113200
2015-04-20,174.5611572265625,174.89388725002235,173.82082213545306,173.90399829489962,92189500
2015-04-21,174.3531951904297,175.4013061722621,174.05373309664378,175.24325497098113,72559800
2015-04-22,175.20997619628906,175.3929815029831,173.7708878579371,174.69422819886228,78264600
2015-04-23,175.65084838867188,176.29968076672418,174.6942274364306,174.81068420446982,102585900
2015-04-24,176.05841064453125,176.3246047504669,175.6092239568068,176.06673714336273,61327400
2015-04-27,175.3263702392578,176.74880506813145,175.1350385007248,176.62403453676754,79358100
2015-04-28,175.8837432861328,175.9336515110271,174.12856545128815,175.3014595076419,86863500
2015-04-29,175.1600799560547,175.75899145469907,174.35319632844374,174.99370225288143,125684900
2015-04-30,173.40487670898438,174.97704931085852,172.70612345816878,174.58608461209516,161304900
2015-05-01,175.2848358154297,175.32643023772877,174.08698753309534,174.18680399234466,103399700
2015-05-04,175.783935546875,176.3662193542195,175.6009302513046,175.7090605129889,70927200
2015-05-05,173.7708740234375,175.90038899608155,173.62946315094771,175.5426922186258,113326200
2015-05-06,173.05551147460938,174.62768423762452,171.99076022202962,174.3199083468614,135060200
2015-05-07,173.74591064453125,174.17015593221083,172.62293753129305,172.95566748495605,88244900
2015-05-08,176.03347778320312,176.23312338675464,175.33473721002545,175.4179260513807,155877300
2015-05-11,175.1933135986328,176.25806468783728,175.11845126255614,175.99188326195326,75708100
2015-05-12,174.66925048828125,175.20995252786722,173.53795087828436,174.36147464716103,119727600
2015-05-13,174.7025909423828,175.70079383599332,174.4696773569683,175.07691544088195,94667900
2015-05-14,176.5242462158203,176.61574885099893,175.44285489811853,175.71736280365437,95934000
2015-05-15,176.715576171875,176.85698703625127,176.2331088560321,176.715576171875,76510100
2015-05-18,177.2646026611328,177.51414379393768,176.482673264118,176.54922179714424,74549700
2015-05-19,177.2063751220703,177.65557456500738,176.9235533648642,177.38106661495368,72114600
2015-05-20,177.08157348632812,177.83022216944553,176.76547117029347,177.30616047556347,76857500
2015-05-21,177.59735107421875,177.80531050170612,176.77382717194772,176.94020486820656,64764600
2015-05-22,177.17308044433594,177.63058093249938,177.10653191866064,177.21466216665377,57433500
2015-05-26,175.26817321777344,177.1065398297752,174.8522544333493,176.68229454624878,124308600
2015-05-27,176.9318389892578,177.1647524807789,175.31807216026635,175.72567711684493,93214000
2015-05-28,176.73223876953125,176.84036903661448,176.04181197319468,176.62409580961238,74974600
2015-05-29,175.63421630859375,176.70728138630633,175.36803483753582,176.66569965442963,124919600
2015-06-01,175.9918975830078,176.63240343422953,175.2016416617787,176.2996734515906,93338800
2015-06-02,175.8172149658203,176.50764177283756,174.9105149284553,175.5343931970188,91531000
2015-06-03,176.28298950195312,176.90686758457306,175.79220845657179,176.34953802057242,87820900
2015-06-04,174.79405212402344,176.23312772649365,174.4779497504916,175.5759815578114,151882800
2015-06-05,174.4945831298828,175.16836957906196,173.8374242944559,174.64430781066267,121704700
2015-06-08,173.4215087890625,174.53618088064647,173.34664644724396,174.38644350417422,89063300
2015-06-09,173.3965301513672,173.93723216019964,172.76433819958618,173.3965301513672,105034700
2015-06-10,175.47621154785156,175.85886258650407,174.10368401895477,174.16190607469161,134551300
2015-06-11,176.04180908203125,176.42444729989205,175.6841122858548,175.91702581659672,73876400
2015-06-12,174.69424438476562,175.91704691422837,174.41973639929063,175.21830623820307,135382400
2015-06-15,173.94558715820312,174.22840893838293,172.8475552687948,173.55462241208073,124384200
2015-06-16,174.89389038085938,174.97707923463193,173.62117961372883,173.79585843667937,85308200
2015-06-17,175.17672729492188,175.78397805563282,174.1535703079617,175.17672729492188,126708600
2015-06-18,176.9984130859375,177.4642401362793,175.2099672263391,175.77561073237266,165867900
2015-06-19,176.21266174316406,176.83122034648056,175.83651658427985,176.75599386561865,130478700
2015-06-22,177.11541748046875,177.70053358826098,176.90644653093048,177.1321387277127,70696000
2015-06-23,177.24081420898438,177.5751754173251,176.84796051536992,177.32440769971356,68476800
2015-06-24,175.95352172851562,177.34944599980352,175.92844623747123,176.97330087956456,92307300
2015-06-25,175.41856384277344,176.5804417421602,175.34333736656086,176.45506428180593,97107400
2015-06-26,175.38514709472656,176.02041419852873,174.83346071915972,175.77800075112447,104174800
2015-06-29,171.7072296142578,175.39347982436033,171.6320031417022,173.90560784580808,202621300
2015-06-30,172.06671142578125,173.29546181848747,171.5902514653302,173.2452980690375,182925100
2015-07-01,173.44593811035156,173.8889556307009,172.66020507287817,173.63818786805945,135979900
2015-07-02,173.2870635986328,174.0895176357759,172.86912171054405,173.92234343145523,104373700
2015-07-06,172.79391479492188,173.57128067258205,171.79921094792178,171.99982766856422,117975400
2015-07-07,173.88055419921875,174.005931669229,170.61224543215388,172.9945193989469,173820200
2015-07-08,170.9633026123047,172.82731980619712,170.72925618233498,172.5431223918873,164020100
2015-07-09,171.2726287841797,173.32055481517588,171.16397253584222,173.06142005787194,144113100
2015-07-10,173.42919921875,173.847141195784,171.31441383532407,173.27037922674475,129456900
2015-07-13,175.34336853027344,175.45202476370065,174.64958336566815,174.69138011140603,106069400
2015-07-14,176.10398864746094,176.41327431917014,175.2430293744305,175.30154736122591,81709600
2015-07-15,176.04551696777344,176.60555767656038,175.56905700017123,176.1458189590258,97914100
2015-07-16,177.45809936523438,177.45809936523438,176.85626212392506,177.09866276757114,106683300
2015-07-17,177.60862731933594,177.66714532106226,177.0402323261076,177.4498073198817,89030000
2015-07-20,177.70053100585938,178.1936993785049,177.38290384028775,177.83427547271813,70446800
2015-07-21,176.99839782714844,177.82592739564956,176.69747914356392,177.5667926991554,77965000
2015-07-22,176.68081665039062,177.01517794032756,176.27959585704536,176.31302560874954,88667900
2015-07-23,175.68606567382812,176.91481598309016,175.32664173192563,176.8145140001547,90509100
2015-07-24,173.8638458251953,175.84488652548933,173.52949737736176,175.7863812866775,117755000
2015-07-27,172.85240173339844,173.4876815708872,172.40938434913616,172.97779195349062,132361100
2015-07-28,174.9755096435547,175.11760832023498,172.8607252269266,173.68824180021605,123544800
2015-07-29,176.17926025390625,176.4049397326802,174.9588640988521,175.1009628370131,105791300
2015-07-30,176.2210235595703,176.38819776364778,175.05077862187974,175.66933720699794,91304400
2015-07-31,175.95352172851562,176.7476087055919,175.66932432696382,176.72253321454752,103266900
2015-08-03,175.3600616455078,175.97862026628187,174.4071545973059,175.9201150310407,113965700
2015-08-04,175.017333984375,175.74454872522287,174.5325199056187,175.28481013721492,81820800
2015-08-05,175.59417724609375,176.63066535675594,175.3099669614673,175.9118045277907,85786800
2015-08-06,174.1564483642578,175.8867217297326,173.57131932074043,175.77805272086593,116030800
2015-08-07,173.82211303710938,174.14810735779574,172.9193565903055,173.99765432728532,117858000
2015-08-10,176.01210021972656,176.09568096708327,174.93380271583044,174.93380271583044,80270700
2015-08-11,174.42388916015625,175.09259882063466,173.6632317619298,174.67465687715764,126081400
2015-08-12,174.6328887939453,174.81678429962358,171.65714370871953,173.1199407509743,172123700
2015-08-13,174.41552734375,175.15946346067116,173.87219518806353,174.47403258091833,89383300
2015-08-14,175.05084228515625,175.12606879116368,174.08121369246425,174.22331245533792,72786500
2015-08-17,176.02874755859375,176.02874755859375,173.9975562639797,174.45729485573594,79072600
2015-08-18,175.51885986328125,176.1039759160631,175.2848134421685,175.752906284394,71692700
2015-08-19,174.13136291503906,175.5439961767117,173.32055440576607,174.77498441881337,172946000
2015-08-20,170.49517822265625,174.1061887276713,170.43666024869864,172.61831694605596,194327900
2015-08-21,165.3629150390625,170.4701662267819,165.10379306833215,168.62285717821266,346588500
2015-08-24,158.39999389648438,165.07034363018442,152.46521329774097,156.71987190379426,507244300
2015-08-25,156.53598022460938,163.3735043476429,156.243415760208,163.35678309850042,369833100
2015-08-26,162.54598999023438,162.82182045521694,157.45544730866962,160.55658221227628,339257000
2015-08-27,166.56663513183594,166.69201265023833,163.17294758489444,164.6858958283219,274143900
2015-08-28,166.57493591308594,167.04302883764254,165.43813334434464,165.92294751751413,160414400
2015-08-31,165.22918701171875,166.4495832508979,164.67750051642227,165.59697800858308,163298800
2015-09-01,160.2974853515625,162.80513746263742,159.4281588104927,161.4259211487993,256000400
2015-09-02,163.34010314941406,163.3818999022867,160.84080528073778,162.67974761592978,160269300
2015-09-03,163.4570770263672,165.54678649294164,162.96390865335349,164.05054737231268,152087800
2015-09-04,160.98284912109375,162.04442505995004,160.16368661345783,161.20018706006013,207081000
2015-09-08,165.02853393554688,165.17899965322377,163.13944112289605,163.78307522572973,116025700
2015-09-09,162.82179260253906,166.73373524623284,162.45401446061655,166.6083577835972,149347700
2015-09-10,163.7078857421875,164.85304273540885,162.3704662465624,162.62958824462757,158611100
2015-09-11,164.45176696777344,164.51863919563894,162.60445834238698,163.3149646032064,119691200
2015-09-14,163.84158325195312,164.6774670734092,163.35676910495962,164.62731608485382,79452000
2015-09-15,165.8895263671875,166.33254381905883,163.79981659248259,164.34313603207536,113806200
2015-09-16,167.32723999023438,167.51950247858431,165.84773460854305,166.1904500829999,99581600
2015-09-17,166.95108032226562,169.59247638943998,166.57493513497366,167.1934937850058,276046600
2015-09-18,164.22283935546875,166.9367768216482,163.81113514057012,164.441307212403,223657500
2015-09-21,165.07150268554688,166.09657093916724,164.02121575026516,165.05469450473444,105726200
2015-09-22,162.92886352539062,163.3909921957327,161.79454886372204,162.903657672543,153890900
2015-09-23,162.66847229003906,163.56751138693272,162.08871175552784,163.09698481425332,92790600
2015-09-24,162.08030700683594,162.542435914582,160.11417254939417,161.45013472015168,159378800
2015-09-25,162.03823852539062,163.84472653576523,161.16439280417225,163.5422434508639,155054800
2015-09-28,157.9715118408203,161.24841392290182,157.66063109116044,161.13918000723447,178515900
2015-09-29,158.0639190673828,159.42509914181971,157.06404422966952,158.18996114474805,159045600
2015-09-30,161.01318359375,161.18122692999685,159.17307893276782,159.9544862157138,163452000
2015-10-01,161.43325805664062,161.73574111474952,159.49233044247578,161.39124402784296,131079000
2015-10-02,163.84478759765625,163.8699934623849,158.90423297664296,159.45038996116762,211003300
2015-10-05,166.7602996826172,166.98716516916042,164.96220960682004,165.0714435116151,126320800
2015-10-06,166.18894958496094,167.18882451520955,165.52517407124392,166.6258724160111,110274500
2015-10-07,167.55020141601562,167.9030963385812,165.92855148756115,167.12167607934597,124307300
2015-10-08,169.0625457763672,169.34822066588782,166.86113625724226,167.16361932287643,153055200
2015-10-09,169.16336059570312,169.64228461310756,168.53318864272595,169.2053746234112,107069200
2015-10-12,169.3230438232422,169.52469068762636,168.81050334145897,169.2390157491594,56395600
2015-10-13,168.2559814453125,169.86082309690977,168.08793808544954,168.5920681650384,88038700
2015-10-14,167.4493865966797,168.77695118268417,167.155313867299,168.19719058528278,99106200
2015-10-15,170.0204315185547,170.02882919739733,167.7434041055969,168.11310710881224,134142200
2015-10-16,170.7935028076172,170.8102981713744,169.65918753047458,170.4237996707444,114580100
2015-10-19,170.87750244140625,170.87750244140625,169.83562586477734,170.14650673736665,76523900
2015-10-20,170.6590118408203,171.27237577728562,170.18848537882585,170.44055678943275,78448500
2015-10-21,169.60031127929688,171.23034556267947,169.43225514084543,171.07911042313316,102038000
2015-10-22,172.4654541015625,172.67551141754842,169.60028205538418,170.5497324054414,174911700
2015-10-23,174.3560333251953,174.7257363870614,173.3393627259493,174.13757825267706,144442300
2015-10-26,173.92747497558594,174.2383557315556,173.55777201125318,174.17954634407485,69033000
2015-10-27,173.59140014648438,173.92748678002485,172.91080355910756,173.25530069206067,77905800
2015-10-28,175.5659637451172,175.59116960621006,173.26374295939777,173.92751866965267,135906700
2015-10-29,175.46514892578125,175.83485200116365,174.94421067640764,175.0618423075851,90525500
2015-10-30,174.70895385742188,175.9777088988275,174.54932098534687,175.65841751290222,131076900
2015-11-02,176.77587890625,176.96912809584242,174.91056844424497,175.03661055814953,86270800
2015-11-03,177.28839111328125,177.8429455558606,176.19609040480495,176.42295591692965,95246100
2015-11-04,176.7506561279297,177.70851712584357,176.2129098277128,177.5824878448877,96224500
2015-11-05,176.57421875,177.2716107515993,175.68357755931885,176.809481976939,78408700
2015-11-06,176.48182678222656,176.7171028750931,175.1542752421493,176.22976814859592,110471500
2015-11-09,174.83494567871094,176.0196722814713,173.88548229652773,175.8684243134523,131008700
2015-11-10,175.23825073242188,175.2718670898659,174.0871404971983,174.35600725233144,75874600
2015-11-11,174.5492706298828,175.55754340611824,174.48205073534925,175.50713169043908,67846000
2015-11-12,172.1125946044922,173.97790497820498,172.0957992468074,173.50737854535558,121315200
2015-11-13,170.1800537109375,171.9697464006647,170.09603846510834,171.70087966477533,153577100
2015-11-16,172.7679443359375,172.82676654088328,169.87755349640048,169.99519790629205,117645200
2015-11-17,172.64198303222656,173.9611368839341,172.14625062773905,173.07890602949882,121123700
2015-11-18,175.38108825683594,175.52392572381035,173.0788677856342,173.12086900112726,121342500
2015-11-19,175.2298583984375,175.64997313311568,174.9357729558091,175.2634619360227,88220500
2015-11-20,175.86846923828125,176.54905321600907,175.49036845297547,175.98610087861832,94011500
2015-11-23,175.66680908203125,176.43140827614252,175.20468023665438,175.9272782073656,64931200
2015-11-24,175.9020538330078,176.30536040976253,174.27200652498112,174.65850492161297,98874400
2015-11-25,175.8768310546875,176.22972587801155,175.61634916093726,176.02806619859052,51980100
2015-11-27,176.0784454345703,176.28010507679411,175.4902875041859,175.9692115257556,37317800
2015-11-30,175.34744262695312,176.35571515353712,175.23820872277227,176.23808357245034,112822700
2015-12-01,177.0195770263672,177.1372214857632,175.70042313886535,175.97770046268377,97858400
2015-12-02,175.21304321289062,177.28841094488294,174.96097181798655,176.9691196566122,108441300
2015-12-03,172.75961303710938,175.73402025684985,172.0370150495846,175.46515344475668,166224200
2015-12-04,176.12890625,176.42299170763283,172.7595905214948,172.7595905214948,192913900
2015-12-07,175.061767578125,176.22127521308514,174.09549625796402,175.80116059237534,102027100
2015-12-08,173.88548278808594,175.01138717844287,172.9024158662772,173.49898441928113,103372400
2015-12-09,172.53268432617188,175.33904715900064,171.55801524454498,173.2468843716996,162401500
2015-12-10,172.97805786132812,174.28881394212735,172.36469386369993,172.59995711815694,116128900
2015-12-11,169.62550354003906,171.52441723603533,169.3146099655293,170.86064169753504,211173300
2015-12-14,170.48257446289062,170.60861659080248,168.00389979791956,169.78519520283177,182385200
2015-12-15,172.27223205566406,173.17968134195252,170.45733348308715,171.99495481644678,154069600
2015-12-16,174.79298400878906,175.09546721456502,172.07904565919955,173.3981996254394,197017000
2015-12-17,172.12940979003906,175.1710363696927,172.1126016107863,175.1038164735659,173092500
2015-12-18,169.06295776367188,171.52256798272361,168.90236195305133,171.38734094495004,251393500
2015-12-21,170.45758056640625,170.6350845911671,169.12211524257333,170.2378253474932,99094300
2015-12-22,172.00428771972656,172.3001233488802,170.3560919647485,171.34500941773533,111026200
2015-12-23,174.13426208496094,174.1765261580571,172.91712900402382,173.01010480596162,110987200
2015-12-24,173.84693908691406,174.39634644809036,173.62718388075706,173.8807555169008,48539600
2015-12-28,173.44972229003906,173.4919734889312,172.37627615603714,173.15388651464605,65899900
2015-12-29,175.3007049560547,175.6303441554267,174.51464721031633,174.54845073711917,92640700
2015-12-30,174.0582733154297,175.14017998863352,173.91458570893326,175.05565179789863,63317700
2015-12-31,172.31703186035156,174.02440003081537,172.31703186035156,173.38202988913335,114877900
2016-01-04,169.90817260742188,169.91662026614497,167.85425658509027,169.46020164850955,222353500
2016-01-05,170.195556640625,170.6519752820483,169.08830712231494,170.229360174468,110845800
2016-01-06,168.04867553710938,169.09675273703556,167.01749365530566,167.6429557527611,152112600
2016-01-07,164.01687622070312,166.8822052675258,163.62806476457075,165.0987695370902,213436100
2016-01-08,162.2165985107422,165.5383603143507,161.92922330250477,164.98050521799036,209817200
2016-01-11,162.37710571289062,163.47590708862174,160.4415350464869,163.13780741299007,187941300
2016-01-12,163.687255859375,164.43951009387482,161.55727250549293,163.8224957637583,172330500
2016-01-13,159.60476684570312,164.7015022157034,159.2244159623211,164.354954854255,221168900
2016-01-14,162.22499084472656,163.34914831411587,158.61586796094596,160.21335217593364,240795600
2016-01-15,158.7426300048828,159.5455958534582,156.80705915317225,157.86359655845175,324846400
2016-01-19,158.9539794921875,160.68670387418427,157.3818509017829,160.55992451092123,195244400
2016-01-20,156.9169464111328,158.48062709063498,153.00354022959485,156.39290793131943,286547800
2016-01-21,157.79600524902344,159.63860062752195,156.0632810105243,157.39029842299223,195772900
2016-01-22,161.03323364257812,161.23608060151886,159.6470568686722,160.40775875907423,168319600
2016-01-25,158.59898376464844,160.7205067839082,158.4045844426672,160.52610746192698,130371700
2016-01-26,160.7627410888672,161.041668532484,158.92014590624152,159.2582327424634,141036800
2016-01-27,159.01316833496094,161.91230185213396,158.10876579230634,160.23874959702297,185681700
2016-01-28,159.84144592285156,160.76274352814337,158.19325000118587,160.55989658220685,143798800
2016-01-29,163.7379913330078,163.8732312569941,160.4923105404706,160.61064224966137,210529300
2016-02-01,163.67877197265625,164.4648425197933,162.148907851811,162.73211857129021,136061600
2016-02-02,160.72898864746094,162.25885334794796,160.20493711841954,162.2504056883727,182564900
2016-02-03,161.69253540039062,162.09824227403948,158.14257123728788,161.78551123572566,205054900
2016-02-04,161.9460906982422,162.91810014463994,160.5599138640015,161.1938364326577,139531800
2016-02-05,158.86097717285156,162.0052338294124,158.2270546678544,161.4304836155311,180788300
2016-02-08,156.7225799560547,157.31423850838584,154.5080809899628,157.01841568081485,191526700
2016-02-09,156.73101806640625,158.00732382709526,154.84615847267247,154.98139838987723,184513100
2016-02-10,156.5957794189453,159.19062903955063,156.46898716953467,157.559341187404,148214100
2016-02-11,154.55874633789062,155.6068360996528,153.0626857426202,154.11922316074063,219058900
2016-02-12,157.74530029296875,157.7621956092723,155.48853743639367,156.33376755034035,127632400
2016-02-16,160.40774536132812,160.43310122907792,158.5905060542674,159.55406772031768,120250700
2016-02-17,163.02796936035156,163.39987263036465,161.44738046279596,161.57417270331123,136009500
2016-02-18,162.3602294921875,163.35760761031935,162.04749851565145,163.29843531898203,102343000
2016-02-19,162.28416442871094,162.43629964221327,160.97405531352098,161.58262196190358,114793000
2016-02-22,164.6339111328125,164.7775986962907,163.79712872494707,163.86474867785222,103640300
2016-02-23,162.5546417236328,164.24510174373455,162.4362971409267,163.9746219498688,111455300
2016-02-24,163.2984161376953,163.57734355583707,160.0189328548697,161.12618197413295,150812200
2016-02-25,165.27627563476562,165.28473618932878,162.9857094586589,163.74641133250677,110728300
2016-02-26,164.89593505859375,166.23984780551964,164.7353392780452,166.14688487697853,129833700
2016-02-29,163.60275268554688,165.8595157337722,163.40835335404287,164.91286205285977,125918100
2016-03-01,167.4485626220703,167.53309080457262,164.35501686201994,164.82834373077716,141799700
2016-03-02,168.20082092285156,168.25153267465475,166.72166797503755,167.13583544341392,102415000
2016-03-03,168.8600311279297,168.87693933741554,167.44849871970686,168.02324887037653,95172200
2016-03-04,169.40943908691406,170.1870620198103,168.22612227109113,169.05444404216718,129293600
2016-03-07,169.5447540283203,169.9504738852109,168.41214844651543,168.48821608323553,100219000
2016-03-08,167.69361877441406,168.97837192382462,167.53303591577517,168.4712416865313,123974900
2016-03-09,168.52198791503906,168.86852246743945,167.71900897155595,168.50507970117934,94801200
2016-03-10,168.6572265625,169.95044061956992,166.8315391526143,169.01223459208887,156838700
2016-03-11,171.3788604736328,171.4211245605465,168.64032304338957,170.11101524935322,137964500
2016-03-14,171.15908813476562,171.61550669502927,170.54207379862802,170.87171300803712,73612000
2016-03-15,170.88018798828125,171.1844713761723,169.93353429137107,170.19555358982376,93169100
2016-03-16,171.869140625,172.27486048924985,170.35618393495977,170.39844803296813,129303200
2016-03-17,172.9594268798828,173.46655716459603,171.38729849261688,171.78455764242833,134278500
2016-03-18,173.6390838623047,173.97891443318605,173.146320459933,173.46066438618354,138372400
2016-03-21,173.8854522705078,174.11484502690527,173.14631367775516,173.37570643415262,72926700
2016-03-22,173.79202270507812,174.36124610349137,172.9509374130184,173.1123485254018,97471900
2016-03-23,172.6450653076172,173.59660127416686,172.47513705898592,173.4096905716367,81052500
2016-03-24,172.56858825683594,172.60257909122618,171.39616374447115,171.617052313188,84360900
2016-03-28,172.67056274414062,173.19730404944426,172.22028137727668,172.98490668908556,62408200
2016-03-29,174.26779174804688,174.37824252994776,171.95690730202728,172.26276003646242,92922900
2016-03-30,175.03245544433594,175.75459883610552,174.66712517015125,175.27033949853165,86365300
2016-03-31,174.60763549804688,175.3637696250937,174.44621142086157,174.93897488037737,94584100
2016-04-01,175.7970733642578,175.9839841079192,173.2992779386992,173.6136348968796,114423500
2016-04-04,175.22784423828125,175.92451389007496,174.92199148251703,175.7206077316629,63497000
2016-04-05,173.4776611328125,175.2363044443393,173.22278172084626,173.88546041373525,99662200
2016-04-06,175.37222290039062,175.43170037435854,173.2992229206039,173.47764237880367,91839800
2016-04-07,173.27377319335938,174.64161278528653,172.5431257163603,174.28478675657163,113859000
2016-04-08,173.7410125732422,174.88796331849824,173.20576716362885,174.45466447692402,95040600
2016-04-11,173.33326721191406,175.07492841823893,173.23981184092958,174.37825875022577,83757500
2016-04-12,174.94749450683594,175.22786063950423,173.06140449703767,173.50319473309455,115350600
2016-04-13,176.71466064453125,176.79962480147907,175.72913346426168,175.86507092989407,96336400
2016-04-14,176.72312927246094,177.22439699240624,176.37480738642867,176.7741155383348,65212900
2016-04-15,176.52767944335938,176.8590187813295,176.2048313322123,176.72308136993018,75761600
2016-04-18,177.76812744140625,177.80210532039408,175.86504212538503,176.52772095716665,82531000
2016-04-19,178.328857421875,178.58373690257392,177.51325864008908,178.19293293404994,88316100
2016-04-20,178.49879455566406,179.19545134277666,177.89558018693492,178.37134832715026,81100300
2016-04-21,177.5386962890625,178.62616967376115,177.2668214610352,178.5157189044119,85695000
2016-04-22,177.5386962890625,177.8105581533845,176.63813360770632,177.18187030005564,99251700
2016-04-25,177.23289489746094,177.27537697210172,176.32382776224247,176.93553333868448,66166500
2016-04-26,177.4962615966797,178.00602055342202,177.02049348436483,177.59820820254464,75864200
2016-04-27,177.86155700683594,178.25236089517963,176.75708812621428,177.11391414050013,77329400
2016-04-28,176.24732971191406,178.20987927726677,175.83103917605519,177.10542335757836,97216200
2016-04-29,175.29579162597656,175.975465774266,174.19132275546949,175.62713099075808,142424100
2016-05-02,176.6891632080078,176.86756977751688,175.36380540824536,175.79709146933402,62188000
2016-05-03,175.15139770507812,175.6951345387806,174.4037546973465,175.45725048426755,106422100
2016-05-04,174.17437744140625,174.88804263244828,173.67312263628315,174.15739498150063,92243800
2016-05-05,174.1403045654297,174.9983850161413,173.71550995273435,174.64155909712153,67619200
2016-05-06,174.7775421142578,174.82002417935882,173.21430064270663,173.36722052062296,89315000
2016-05-09,174.92196655273438,175.35525249343715,174.4716851936592,174.65010467730497,74374900
2016-05-10,177.09689331054688,177.11388872699033,175.55913869687703,175.6271073989464,77472200
2016-05-11,175.4402313232422,177.17338819499523,175.4402313232422,176.63815562661793,81727000
2016-05-12,175.4911651611328,176.28128995768517,174.4801518117173,176.11136172533998,89586300
2016-05-13,173.96192932128906,175.74607233337468,173.63909414893814,175.19384438205137,96474600
2016-05-16,175.67811584472656,176.15388389072794,174.07239220761835,174.131869695222,77486800
2016-05-17,174.03836059570312,175.6950570171189,173.51160645280717,175.4061997874778,114924900
2016-05-18,174.08941650390625,175.27034558672304,173.0019428001775,173.69010833541265,120062100
2016-05-19,173.48617553710938,173.77503285953244,172.27975998724793,173.36723352412886,115430500
2016-05-20,174.58212280273438,175.10037283251347,174.04687735586444,174.09785064343208,104990400
2016-05-23,174.34429931640625,174.87953198529905,174.15738855466293,174.59916584268407,58682600
2016-05-24,176.60414123535156,176.91849812298545,175.1343552297733,175.15984187421589,93537800
2016-05-25,177.8020477294922,178.21835115357214,176.60412370478156,177.2837977377616,76621400
2016-05-26,177.85308837890625,178.16744535440486,177.53874436711646,177.93805252659968,55280700
2016-05-27,178.61769104003906,178.62618226762407,177.96350353221763,178.01447682514024,64211200
2016-05-31,178.27786254882812,179.00001882948405,177.71713035187463,178.88956804301242,109879400
2016-06-01,178.6431884765625,178.82159501256743,177.47075081370213,177.66615276960985,69936200
2016-06-02,179.18692016601562,179.20390262173052,177.76810729142292,178.24387532557296,63044700
2016-06-03,178.6516571044922,178.99999186804536,177.4452417181497,178.62617045971564,101757100
2016-06-06,179.56076049804688,179.91758656119194,178.8470954080487,179.00851950026603,64887000
2016-06-07,179.841064453125,180.40179652627143,179.6881445951966,179.71363123818466,60974800
2016-06-08,180.4273223876953,180.55476859404234,179.84960773611868,179.97704097875845,66170900
2016-06-09,180.18093872070312,180.2998807295177,179.4248046010163,179.696666493861,73786900
2016-06-10,178.4732666015625,179.14443658039636,177.9295168943366,178.8046059770867,113829200
2016-06-13,177.09689331054688,178.7281032690991,177.01194215573844,177.87002271241877,117751200
2016-06-14,176.7486114501953,177.34333453029458,175.7970752639697,176.71463357084795,125059300
2016-06-15,176.502197265625,177.87003671364448,176.3152865611474,176.74857248677887,109124500
2016-06-16,177.02899169921875,177.19892000064414,174.66713350295012,176.5022502631861,149533100
2016-06-17,176.36964416503906,176.95036304834952,175.7120546980142,176.92474386415176,117055700
2016-06-20,177.50550842285156,179.00855730706354,177.42010243907166,178.3338969472471,82789600
2016-06-21,178.0093231201172,178.419243066188,177.44567504981978,177.88976259288322,72461700
2016-06-22,177.71900939941406,178.91461497918837,177.57381662154108,178.18870321431743,95560500
2016-06-23,180.0333251953125,180.0845635620993,178.718159333675,179.17931766587702,102731400
2016-06-24,173.56851196289062,180.06751041927396,173.12442435540223,173.90157441072643,333444400
2016-06-27,170.45997619628906,172.16799193761008,169.6486582942608,172.15944351898287,230775800
2016-06-28,173.5343475341797,173.55996672054923,171.75801010286608,172.06545337042272,159382400
2016-06-29,176.48924255371094,176.71981526094208,174.83246545427784,174.93494221304724,137328600
2016-06-30,178.89755249023438,178.94879087388307,176.40385124737338,176.95896414285914,165021900
2016-07-01,179.2733154296875,179.76010612958862,178.73528634687574,178.89754991350944,106055300
2016-07-05,177.98377990722656,178.5559636054388,177.3859770158948,178.4449384145037,109803700
2016-07-06,179.05126953125,179.17083009603255,176.83084414971785,177.488433771584,96021500
2016-07-07,178.94024658203125,179.8967311122073,178.17164480330044,179.23060609567406,85593800
2016-07-08,181.60475158691406,181.85242114379284,180.00776118732395,180.23834693966376,133971000
2016-07-11,182.24520874023438,182.81740527485772,181.86090794309075,182.06587444942394,73633900
2016-07-12,183.56900024414062,183.86790822931812,182.2709045538687,183.21031848060366,101275600
2016-07-13,183.54331970214844,183.99594270707593,183.05654212544937,183.98740732191362,87324100
2016-07-14,184.56813049316406,185.03783731031177,184.17529426872974,184.80725159441695,91230900
2016-07-15,184.32049560546875,185.3282185029604,183.87640792347915,185.13180036772673,107155400
2016-07-18,184.81585693359375,184.9781205232326,184.18388638213892,184.44009136414098,58725900
2016-07-19,184.6279296875,184.6620842623495,184.1496874528655,184.39734395611424,54345700
2016-07-20,185.3965301513672,185.63565126705168,184.62792842682754,184.62792842682754,58159500
2016-07-21,184.69619750976562,185.50750199268026,184.25210998068152,185.28546474369807,67777300
2016-07-22,185.52464294433594,185.57588132287663,184.55107465869187,184.81581496856785,62787500
2016-07-25,185.02076721191406,185.37091350436867,184.4400482176101,185.31967512617993,55873100
2016-07-26,185.10614013671875,185.46482175110378,184.26066795423316,184.91825742949973,70080500
2016-07-27,184.9097900390625,185.55029594979942,184.1411751275025,185.48197375558567,84083900
2016-07-28,185.12327575683594,185.4136352834083,184.25218414599388,184.71334262754263,65035700
2016-07-29,185.42210388183594,185.78078546742793,184.57664479834062,184.85846883654582,79519400
2016-08-01,185.26846313476562,185.87480140452143,184.8158400214689,185.48196509504243,73311400
2016-08-02,184.08132934570312,185.17445796327624,183.24440559843146,185.02072982864698,92295500
2016-08-03,184.6193389892578,184.67912577045664,183.72264152023993,184.02153633287236,53993600
2016-08-04,184.81585693359375,185.1318356937578,182.97119670053107,184.7304509292175,46585500
2016-08-05,186.32736206054688,186.3700650445132,184.81577807088328,184.81577807088328,71892200
2016-08-08,186.21640014648438,186.61778484796963,185.95165981808444,186.5152950525933,39906500
2016-08-09,186.32736206054688,186.82268800608992,186.00284805086918,186.28467210770165,51251700
2016-08-10,185.8662109375,186.51525201319865,185.5160646989387,186.43839445774518,57941100
2016-08-11,186.72879028320312,186.97645982940347,186.13098746136046,186.39572778023904,72504300
2016-08-12,186.56654357910156,186.78004552207213,186.16515888382693,186.42135079049206,61313500
2016-08-15,187.1045379638672,187.45468423729244,186.92520364995283,186.9337390354792,49813500
2016-08-16,186.13949584960938,186.75436931190202,186.13949584960938,186.68606017363058,53213600
2016-08-17,186.48963928222656,186.62628362850955,185.33673681715914,186.1736606336789,75134300
2016-08-18,186.90811157226562,186.94226614398184,186.35301182180146,186.46402395322087,52989300
2016-08-19,186.6348114013672,186.814158727439,185.95161576006123,186.4383933060478,75443000
2016-08-22,186.62625122070312,186.85683688612406,186.0284485984265,186.3956655552822,61368800
2016-08-23,187.00204467773438,187.54007363414905,186.9422578909675,187.24116576255827,53399200
2016-08-24,186.04559326171875,186.95083939033645,185.6271247736624,186.85689801673703,71728900
2016-08-25,185.91746520996094,186.33593365509222,185.50754518135895,185.66126030541366,69224800
2016-08-26,185.5672607421875,187.1300958355405,184.67909878691606,186.10528956988307,122506300
2016-08-29,186.48110961914062,186.7458499037358,185.66125654740873,185.6954241505889,70502200
2016-08-30,186.1736297607422,186.67749104409376,185.6185301138118,186.39566701329034,58114500
2016-08-31,185.64418029785156,185.96015894676873,184.86703023747037,185.8405984014118,85269500
2016-09-01,185.6527557373047,185.94311526279898,184.49130460420253,185.63567193253297,97844200
2016-09-02,186.48963928222656,186.91664309101938,185.9174557421788,186.50672308329246,79293900
2016-09-06,187.0532989501953,187.1301565130392,186.054111539856,186.77147485531145,56702100
2016-09-07,187.03628540039062,187.21563281218025,186.42994702426833,186.8911056056694,76554900
2016-09-08,186.60923767089844,186.97646779711627,186.30179434497467,186.7031790491286,74102900
2016-09-09,182.14279174804688,185.345321159921,182.11717255524192,185.2940827743111,221589100
2016-09-12,184.7560272216797,185.15741189301355,181.31437714876296,181.38269933017335,168110900
2016-09-13,182.10003662109375,183.7397296468542,181.47661472276025,183.4749893762381,182828800
2016-09-14,182.03172302246094,183.35543746900495,181.4766232696146,182.15128357066425,134185500
2016-09-15,183.85081481933594,184.2351157579724,181.69017593182593,181.86952331979018,134427900
2016-09-16,183.14002990722656,183.4146990372313,182.45338327610466,183.23444578354756,155236400
2016-09-19,183.1743927001953,184.43612634084118,182.84822634230284,183.79238522201967,80250500
2016-09-20,183.1829833984375,184.18721803903782,183.14865629913766,184.03272644676736,69665300
2016-09-21,185.2429656982422,185.42320589187506,183.20015619075215,183.8868160593742,110284400
2016-09-22,186.41029357910156,186.71071140169641,186.00689444431455,186.25580196538942,76678700
2016-09-23,185.38890075683594,186.1528065132363,185.29448485000222,186.01547190385105,73630900
2016-09-26,183.88685607910156,184.73658622790907,183.68943264717916,184.55634599505012,89827300
2016-09-27,185.02838134765625,185.12278414433544,183.35464386091715,183.72372893489282,78494800
2016-09-28,185.94676208496094,186.10126675943127,184.29020794020332,185.25152379220998,87411000
2016-09-29,184.26449584960938,186.1442224638383,183.71517048673903,185.7408102180015,128070600
2016-09-30,185.65493774414062,186.35875454354033,184.84811346177176,185.09702092697563,117202900
2016-10-03,185.20864868164062,185.43180760066994,184.57348593170434,185.24298888269087,83512100
2016-10-04,184.26449584960938,185.54339989459726,183.6722648793966,185.32024096800765,119948100
2016-10-05,185.07992553710938,185.50908641765957,184.8224263893891,184.89109370191122,72816000
2016-10-06,185.20864868164062,185.43180760066994,184.3159999085741,184.8567336540969,62927400
2016-10-07,184.57351684570312,185.65501071178545,183.84395116305785,185.48334896863076,89788300
2016-10-10,185.53480529785156,185.9982932119312,185.38889219347558,185.53480529785156,51855000
2016-10-11,183.1915283203125,185.174261736317,182.46196299562885,185.10559445335647,130367400
2016-10-12,183.43191528320312,183.95549198417868,182.83107968438495,183.32890778506237,73866100
2016-10-13,182.83106994628906,183.32889802045077,181.28610162289814,182.10150448178726,101357000
2016-10-14,182.92550659179688,184.27307787424564,182.84826078625434,183.8095768470923,93346200
2016-10-17,182.29039001464844,183.15729032697007,182.11013667207192,182.89979116483994,58275700
2016-10-18,183.43191528320312,183.94690038611378,183.05425168289966,183.88682468440092,76869700
2016-10-19,183.92117309570312,184.23016943203046,183.33752062539025,183.6980141682805,66519200
2016-10-20,183.5778350830078,184.13573890575714,182.91692375835873,183.5692434846294,73639800
2016-10-21,183.66371154785156,183.74954897432067,182.61655781030055,183.57788721833495,89089100
2016-10-24,184.44473266601562,184.81381777356535,184.09281765803647,184.53914856823081,60146600
2016-10-25,183.82676696777344,184.52200548727242,183.6636837403452,184.26450634380416,66542300
2016-10-26,183.45767211914062,184.0413245480299,182.76242058903588,183.00276269752138,75705500
2016-10-27,182.9683837890625,184.2129472848537,182.8911380010425,184.17862018916017,77220200
2016-10-28,182.42764282226562,183.62070916360392,181.71524751439193,182.94264095250443,140623200
2016-10-31,182.43621826171875,182.98554344008085,182.27313509835503,182.76237149150086,61272500
2016-11-01,181.11444091796875,182.81392716097056,179.90421738346265,182.7624168621641,122781800
2016-11-02,180.0243682861328,181.19168612886682,179.58661590951533,180.80543095021665,103330800
2016-11-03,179.2003936767578,180.4535490528735,178.9257375581942,180.23896863961014,88939300
2016-11-04,179.00299072265625,180.1531386417637,178.85707760727243,179.31198705433658,109122100
2016-11-07,182.95123291015625,182.985573106403,179.0029616433653,179.0029616433653,109794900
2016-11-08,183.7752685546875,184.34176404721688,182.29037560937599,182.55645325366845,106772100
2016-11-09,185.7236785888672,186.34167134365006,182.25605112070207,182.28179972740537,258429000
2016-11-10,186.18710327148438,187.38016966505043,184.7279593011942,186.513269641377,172113300
2016-11-11,185.7579803466797,185.99830937441178,184.81383433686068,185.46615411256926,100552700
2016-11-14,185.90382385253906,186.48748919915772,185.1570884457667,186.28148735383144,94580000
2016-11-15,187.35443115234375,187.35443115234375,186.08411889656378,186.2901076912078,91652600
2016-11-16,187.00253295898438,187.2342834707186,186.61629083739328,186.73645534404272,65617700
2016-11-17,187.9638671875,188.02394289397336,187.04545671426322,187.15704272236283,69797200
2016-11-18,187.5432586669922,188.20416992760926,187.36300537884298,188.03250823700608,86265800
2016-11-21,188.9595184326172,188.9852670360542,187.9724537089983,188.11836682745806,72402600
2016-11-22,189.32859802246094,189.5088382412324,188.59901935461593,189.26850921823745,67429000
2016-11-23,189.4315643310547,189.48306152877836,188.6161614742189,188.8135717644755,56620200
2016-11-25,190.13543701171875,190.16976411893134,189.69768453881755,189.77494344970924,37872300
2016-11-28,189.24276733398438,190.1010890457094,189.13977291960137,189.82643290837134,76572500
2016-11-29,189.61184692382812,190.06675636995516,188.9766841608632,189.27710198994313,69886700
2016-11-30,189.1569061279297,190.39289124725988,189.09681733329265,190.2298080583278,113291800
2016-12-01,188.46170043945312,189.45734364976184,188.10119380303743,189.45734364976184,79040500
2016-12-02,188.55612182617188,189.0453715259651,188.19562825119576,188.5475433232978,74840300
2016-12-05,189.6890411376953,190.0323644801616,189.19121312325697,189.3886233903278,67837800
2016-12-06,190.2899169921875,190.32425719424867,189.39726819284246,189.8779262461013,59877400
2016-12-07,192.77906799316406,192.8391437045344,190.01527094331936,190.13543546301042,110738100
2016-12-08,193.25112915039062,193.72320871365824,192.48722334690305,192.7533140803448,99714400
2016-12-09,194.41844177246094,194.43561187344972,193.43995556729564,193.47429576927317,88005800
2016-12-12,194.19534301757812,194.80475737048076,193.7747605432113,194.32408607250997,102016100
2016-12-13,195.4912872314453,195.98911524024462,194.83896764936995,194.85613774538257,110477500
2016-12-14,193.87771606445312,195.89476426659184,193.4399636012316,195.1909472602173,142501800
2016-12-15,194.67591857910156,195.5342401728347,193.88626428450084,194.11801478195426,124972600
2016-12-16,194.29513549804688,195.19305856587152,193.97568893933607,195.1326156092827,156420200
2016-12-19,194.71824645996094,195.14130774183513,194.32972778329568,194.47650092007393,90341100
2016-12-20,195.4693603515625,195.6161466451417,195.0204119300411,195.2535152040126,89838800
2016-12-21,194.9254913330078,195.51258396675533,194.9254913330078,195.3399104376617,67909000
2016-12-22,194.5887451171875,194.8995626941334,194.1915842011451,194.77868992388466,56219100
2016-12-23,194.8736572265625,194.88228629058872,194.441966890667,194.63189851824896,36697800
2016-12-27,195.3571014404297,195.7542490766812,195.12398502619658,195.14125632425026,42672500
2016-12-28,193.7426300048828,195.63343590620065,193.63039946871237,195.61617777703253,64095000
2016-12-29,193.69949340820312,194.16571325719877,193.25916075588654,193.81172395706275,48696100
2016-12-30,192.991455078125,194.11385243836685,192.30074799688836,194.0275091129091,108998300
2017-01-03,194.4678497314453,194.97724112010118,193.29365159666258,194.2951630733348,91366500
2017-01-04,195.624755859375,195.77152896391962,194.78727571792442,194.79590478025963,78744400
2017-01-05,195.4693603515625,195.62477570835244,194.67505178947582,195.3571298332533,78379000
2017-01-06,196.16868591308594,196.6349055786483,195.03764641076808,195.58158033237478,71559900
2017-01-09,195.5211639404297,196.04782659963823,195.48662134112396,195.90968255069856,46939700
2017-01-10,195.5211639404297,196.3759022481929,195.13263215601918,195.53842206594092,63771900
2017-01-11,196.07373046875,196.07373046875,194.77001739154568,195.43482411158368,74650000
2017-01-12,195.58160400390625,195.77154878764264,194.22610332812465,195.55570364013695,72113200
2017-01-13,196.0305938720703,196.33276921767424,195.71977628786865,195.75430571982696,62717900
2017-01-17,195.33993530273438,195.79752614144545,194.9514165192822,195.39173605064167,61240800
2017-01-18,195.7715301513672,195.8147018115871,195.03765145005184,195.59021444809997,54793300
2017-01-19,195.04632568359375,195.98740742972183,194.6146353588587,195.84926336401224,66608800
2017-01-20,195.762939453125,196.25505958847907,195.09813264304947,195.72839684852326,129168600
2017-01-23,195.25352478027344,195.8233591595471,194.49375878205151,195.7629293658233,75061600
2017-01-24,196.5054168701172,196.91983584202634,195.35711916695035,195.46934967913188,95555300
2017-01-25,198.206298828125,198.206298828125,197.2911042881558,197.45514871677426,84437700
2017-01-26,197.99913024902344,198.32721918499564,197.7228420557529,198.05956005746,59970700
2017-01-27,197.6882781982422,198.223570011819,197.50696245620986,198.0767968750042,59711100
2017-01-30,196.4622802734375,197.0234724569335,195.4780268056416,196.99757208995024,79737300
2017-01-31,196.44496154785156,196.50540450565055,195.40027853400153,195.97009964421937,75880800
2017-02-01,196.52273559570312,197.36021603464965,195.93564296897333,196.44503448466165,79117700
2017-02-02,196.6522216796875,196.93713888571978,195.83201266640026,196.52270667286717,69657600
2017-02-03,198.0077362060547,198.1890519584961,197.24797011152236,197.55878770560432,80563200
2017-02-06,197.6537322998047,197.99909247550636,197.31701436233536,197.60193156698534,57790100
2017-02-07,197.66236877441406,198.2840038984072,197.47242397685267,198.0422583695369,57931200
2017-02-08,197.92137145996094,198.05087327897783,197.11842065962912,197.66235464778478,51566200
2017-02-09,199.09559631347656,199.39777165645472,197.9213980249341,197.9213980249341,65955200
2017-02-10,199.8812255859375,200.1057129594876,199.1128174264858,199.44090624989494,66015900
2017-02-13,200.96908569335938,201.22810248207932,200.3474506700879,200.37335103154578,55182100
2017-02-14,201.77203369140625,201.78067592843365,200.44243342922505,200.7877803826342,71109000
2017-02-15,202.8253936767578,203.0153384858259,201.50442225178497,201.55622298623192,86785800
2017-02-16,202.65274047851562,203.03263013472082,201.90160340547516,202.85131437184273,84722400
2017-02-17,202.97216796875,202.97216796875,201.9706431832733,201.98791448623507,77204100
2017-02-21,204.18089294433594,204.35356643805537,203.33477042906745,203.34341266694642,88946100
2017-02-22,203.99961853027344,204.22409280015881,203.6110997971794,203.7751442603881,62115200
2017-02-23,204.13775634765625,204.5349041340255,203.3779770357911,204.51764600358885,74615900
2017-02-24,204.39674377441406,204.43990226843368,203.2484459068218,203.29161757498488,82381600
2017-02-27,204.71621704101562,204.8888905619911,204.06005239165071,204.3104270209434,56515400
2017-02-28,204.1636199951172,204.57803901152806,203.77510134384804,204.33629348744313,96961900
2017-03-01,207.0214080810547,207.4876410025438,205.80403822111904,205.82130952261866,149158200
2017-03-02,205.71771240234375,206.8401098889274,205.6659116708949,206.8314676509237,70246000
2017-03-03,205.84722900390625,206.01127344802936,205.25149420120417,205.63138382461676,81974300
2017-03-06,205.23419189453125,205.58816790002123,204.6298149833005,205.05287618633375,55391500
2017-03-07,204.62118530273438,205.28599199859568,204.41396923315463,204.9320028200333,65103700
2017-03-08,204.24130249023438,205.17375507284743,204.10315843929723,204.91473827087572,78168800
2017-03-09,204.50038146972656,204.82847039692095,203.53339916744304,204.36223737678725,90683900
2017-03-10,205.21693420410156,205.50185137922537,204.2672102870221,205.45867971496864,81991700
2017-03-13,205.32058715820312,205.36375883328833,204.82846694983928,205.15654269736663,57256800
2017-03-14,204.53488159179688,204.8284410407562,203.92188867522026,204.77662713272062,59880800
2017-03-15,206.3047637939453,206.7278249733386,204.87154903026095,205.10466544944833,96081800
2017-03-16,205.89901733398438,206.52065246681713,205.57094163964848,206.4429513687489,78344000
2017-03-17,205.53738403320312,206.3524945415205,205.53738403320312,206.16172343398011,89002100
2017-03-20,205.31195068359375,205.823558137421,204.9217418329027,205.53740145185947,52537000
2017-03-21,202.6758270263672,206.0403211557688,202.54576183330434,205.91892256509212,131809300
2017-03-22,203.15284729003906,203.43900407652959,202.086272526909,202.71061220080466,97569200
2017-03-23,202.93597412109375,204.07192093148615,202.56311174028892,203.15275826754893,100410300
2017-03-24,202.78860473632812,203.81181976966536,202.00818693908641,203.23951955970136,112504900
2017-03-27,202.58047485351562,202.8406185139592,200.83753482201902,201.115011690091,87454500
2017-03-28,204.05459594726562,204.47948442330474,202.16423123366232,202.27696322842604,93483900
2017-03-29,204.24537658691406,204.47950720541104,203.54299796287933,203.7684619775269,61950400
2017-03-30,204.89572143554688,205.09517239970486,204.01125154367315,204.18467623434705,56737900
2017-03-31,204.4188232421875,205.0865090164155,204.36678392250064,204.55755506698202,73733100
2017-04-03,204.063232421875,204.6702253204953,202.83190018997306,204.47078763197425,85546500
2017-04-04,204.19334411621094,204.28006307781868,203.39557994895193,203.77712220969664,56466200
2017-04-05,203.58633422851562,205.84956133200993,203.3782166767564,204.86969271906057,108800600
2017-04-06,204.15866088867188,204.67893495482306,203.28284437874893,203.72509255115142,69135800
2017-04-07,203.9505615234375,204.6442735716667,203.4649670591141,203.90720203952503,74412300
2017-04-10,204.07196044921875,204.86972467488317,203.54300650018013,204.08930688910144,67615300
2017-04-11,203.8291015625,203.93315370740874,202.33762573869492,203.6903565483198,88045300
2017-04-12,202.93597412109375,203.74241802626318,202.71052337210392,203.5516469188663,81864400
2017-04-13,201.6179656982422,203.33490603007775,201.6179656982422,202.59783448274314,92880400
2017-04-17,203.404296875,203.404296875,201.93883348420877,202.13827125452727,68405400
2017-04-18,202.79725646972656,203.33489022290559,202.11222429628782,202.66719125687618,83225800
2017-04-19,202.42442321777344,203.73379506455018,202.1989591743911,203.3609325796608,68699900
2017-04-20,204.07196044921875,204.51420866175764,202.71922923042013,203.0400655952371,92572200
2017-04-21,203.42161560058594,204.04595514547796,203.02274008835104,203.99392905531317,110389800
2017-04-24,205.6588134765625,205.8669310518589,203.39558611710683,205.66748008040375,119209900
2017-04-25,206.85543823242188,207.2022875792635,206.213752386165,206.30047133860262,76698300
2017-04-26,206.7253875732422,207.70525629530476,206.68204132265512,206.82077314115497,84702500
2017-04-27,206.8988037109375,207.20229359036477,206.36117000684501,207.04621534919443,57410300
2017-04-28,206.44790649414062,207.18496474801913,206.31782805066376,207.15895170561492,63532800
2017-05-01,206.96820068359375,207.3931024699073,206.55197873322894,206.96820068359375,66882500
2017-05-02,207.0462188720703,207.22831015653398,206.63866359347344,207.10691155640652,57375700
2017-05-03,206.79476928710938,207.1416319274124,206.11840367783955,207.04624635526116,73137700
2017-05-04,207.0375518798828,207.1762969261933,206.1877616262789,207.0982577994396,61462700
2017-05-05,207.85267639160156,207.8700228314147,206.96819320152605,207.4104414122922,62001300
2017-05-08,207.8179473876953,208.04339812589566,207.39304571765436,207.89598650113538,48385700
2017-05-09,207.62721252441406,208.2775650461545,207.28034990727892,208.07812731096178,51363200
2017-05-10,208.00006103515625,208.00006103515625,207.3757215975435,207.58383915389945,54293800
2017-05-11,207.57516479492188,207.739922866949,206.49124403837968,207.54915175528123,62358300
2017-05-12,207.22833251953125,207.6185414026606,206.95952224963003,207.32371808931455,53912700
2017-05-15,208.3729705810547,208.49436920082206,207.6358990265303,207.6532454669134,61918900
2017-05-16,208.18218994140625,208.69379744200063,207.7919810550454,208.66778439834033,51241800
2017-05-17,204.48818969726562,208.18218739791666,204.42748377516224,208.18218739791666,172174100
2017-05-18,205.31195068359375,206.16174090554728,204.14997750334095,204.4101211476201,107047700
2017-05-19,206.64732360839844,207.3150225035401,205.74550735498167,205.79753343459836,115011400
2017-05-22,207.6965789794922,207.86133706388557,207.08958595656034,207.15894524650494,61010600
2017-05-23,208.15615844726562,208.32091653014805,207.68789723997293,208.06943948844685,48341700
2017-05-24,208.64173889160156,208.745791050053,208.05207912031636,208.3902750981925,46927700
2017-05-25,209.63894653320312,209.91643660540873,208.94524781559892,209.15335213829823,64071700
2017-05-26,209.5956268310547,209.76037169690403,209.37016281097016,209.44820194186562,46629900
2017-05-30,209.41351318359375,209.66497700491354,209.11868988095512,209.2747681359558,35201900
2017-05-31,209.3614959716797,209.74303825312643,208.6677839355453,209.70834537401862,91796000
2017-06-01,211.02639770507812,211.0437441446966,209.53492145284687,209.82107816499718,68962000
2017-06-02,211.72877502441406,211.88486651709152,210.78359915869203,211.0784224730804,88666100
2017-06-05,211.57264709472656,211.84145730247263,211.373196165825,211.55530065928872,44698800
2017-06-06,210.8963165283203,211.56400224135808,210.81826417167153,211.00903529866966,50375400
2017-06-07,211.28651428222656,211.511965042533,210.566789292094,211.23448820149852,54144300
2017-06-08,211.39056396484375,211.86749175168293,210.8616100978866,211.3818973619757,65950700
2017-06-09,211.0697021484375,212.4571126326239,209.8036770155574,211.65934862713976,132256400
2017-06-12,211.02639770507812,211.07842379247697,210.1766074041648,210.82695995956365,86108100
2017-06-13,212.05828857421875,212.11031466064384,211.21716489312982,211.56401429026786,60067000
2017-06-14,211.78945922851562,212.33574631822515,210.96566882947198,212.3270797150871,78602300
2017-06-15,211.3818817138672,211.50328030230716,210.15921599578732,210.43669281302704,66464900
2017-06-16,211.42808532714844,211.59364686891837,210.54801112129442,211.54136707593415,84553100
2017-06-19,213.18829345703125,213.24928213013328,212.16007521918544,212.25592595918818,65123800
2017-06-20,211.75048828125,212.83969496548008,211.73307054740792,212.83098609855904,56906400
2017-06-21,211.6981964111328,212.25586966980615,211.22766500061877,212.1426012223742,55977600
2017-06-22,211.6023712158203,212.20361547108342,211.428100794464,211.7069441054188,44148100
2017-06-23,211.85507202148438,212.18618182919283,211.27996767170237,211.66337057155704,66986800
2017-06-26,211.99449157714844,212.9442900095876,211.7853723814404,212.5260250262087,56700500
2017-06-27,210.28662109375,212.0729228867936,210.26919006225233,211.7766485352585,82247700
2017-06-28,212.16876220703125,212.3691725225431,211.0708333133998,211.30610569003233,70042600
2017-06-29,210.3040771484375,212.36920921125852,209.0928795868699,212.3169294065263,106949700
2017-06-30,210.6961669921875,211.48911273716445,210.50446553085283,211.11441868238066,86820700
2017-07-03,211.0534210205078,212.07291695089415,211.0534210205078,211.63723424751635,39153800
2017-07-05,211.54139709472656,211.75051629633847,210.6090296676008,211.41940646179233,54427600
2017-07-06,209.60694885253906,210.896565916886,209.42395626898553,210.77457529317726,65400800
2017-07-07,210.9662628173828,211.11439332953753,209.61564388235107,210.18203933045078,57972300
2017-07-10,211.19288635253906,211.56758049243246,210.66135277919113,210.966336072221,36663300
2017-07-11,211.0359649658203,211.34965700689543,209.868338650255,211.19280433836818,50354600
2017-07-12,212.62185668945312,212.78741823519627,212.00319472965325,212.00319472965325,59610400
2017-07-13,212.9791259765625,213.09240773141693,212.4040216309671,212.63058514067592,39471600
2017-07-14,213.97247314453125,214.32973612894273,212.8832664574085,212.9791171777145,60262700
2017-07-17,213.94631958007812,214.27744264652375,213.7720491804675,213.89403978979286,33531900
2017-07-18,214.05963134765625,214.11191114527443,213.19697479901293,213.53680677951223,42742500
2017-07-19,215.21853637695312,215.22724524405382,214.36458874579398,214.37331090887497,51034300
2017-07-20,215.3144073486328,215.5932373778615,214.76544286211356,215.4712467470774,47135200
2017-07-21,215.12269592285156,215.14883582138162,214.5127295012009,214.73929301643605,82340800
2017-07-24,215.0703887939453,215.20979713639554,214.59984408824064,215.04423560275796,46622300
2017-07-25,215.59320068359375,215.92432375192794,215.36665049240574,215.81975087478176,54915600
2017-07-26,215.6019744873047,215.91566662126573,215.34057545565656,215.88081784904043,47575400
2017-07-27,215.40150451660156,216.09859943202983,214.0770255068858,216.06375066944926,70766600
2017-07-28,215.14881896972656,215.27951845213977,214.4691550692181,214.92225547223714,50088400
2017-07-31,215.02685546875,215.6455174914915,214.81772297453762,215.54966676030853,65838700
2017-08-01,215.5060577392578,215.66289710053402,214.9832332763803,215.62804834113211,55050400
2017-08-02,215.61062622070312,215.75004785602735,214.67825899244878,215.63676611532904,47211200
2017-08-03,215.1923370361328,215.52344674223932,214.913493814173,215.49730685217764,40856000
2017-08-04,215.58448791503906,215.9155976814008,215.20108506306107,215.68033862803355,60191800
2017-08-07,215.98532104492188,215.98532104492188,215.54963837800045,215.65421125932787,31995000
2017-08-08,215.45379638671875,216.8915572233861,215.07911566005964,215.67163772900346,61719400
2017-08-09,215.44508361816406,215.4973634120088,214.4081567203093,214.76541970622196,62632600
2017-08-10,212.404052734375,214.73931922391805,212.35177293093446,214.6086064193342,120479500
2017-08-11,212.7176971435547,213.31023247361526,212.3952962306565,212.6305685893555,74869900
2017-08-14,214.82640075683594,215.04424208745883,213.96375759699626,213.99860635966488,73291900
2017-08-15,214.80026245117188,215.22723624890662,214.4952925636297,215.20980521945344,55242700
2017-08-16,215.17498779296875,215.72395228486332,214.7480139330528,215.3231183249441,56715500
2017-08-17,211.8202362060547,214.87873762051356,211.8202362060547,214.56504550867118,128490400
2017-08-18,211.4891357421875,212.77875301655217,211.04473080803385,211.65468402591017,136748000
2017-08-21,211.65469360351562,211.9161059361441,210.72233934885384,211.4281433397622,65469700
2017-08-22,213.86795043945312,214.0247898473758,212.2210701763533,212.2385012092277,63140100
2017-08-23,213.10113525390625,213.52810911682874,212.75259438750788,212.90072492052627,50203800
2017-08-24,212.6044464111328,213.6413600571869,212.3953139308632,213.48452066897022,50741700
2017-08-25,213.10113525390625,214.01607164817918,212.95300472088786,213.39739631994303,64445900
2017-08-28,213.1098175048828,213.65876860184878,212.69155258836295,213.63262870656368,40565600
2017-08-29,213.3538055419922,213.61520450319526,211.6807724144142,211.79405416158866,51135700
2017-08-30,214.36456298828125,214.6346973877078,213.15336580780374,213.33635836277287,62030800
2017-08-31,215.6542510986328,215.8982323735028,214.39948265874023,214.98329594474924,103803900
2017-09-01,215.95916748046875,216.38614125358123,215.81103697860829,216.02887829828177,62007000
2017-09-05,214.40814208984375,215.68034126916962,213.44092608177485,215.45377778332872,91398800
2017-09-06,215.1400909423828,215.47121401677666,214.55627777688488,215.0878111508426,57916900
2017-09-07,215.11398315429688,215.4625373098888,214.7044403314648,215.44510627811383,58034700
2017-09-08,214.86126708984375,215.3230896562732,214.61728585837085,214.82640503050195,63832800
2017-09-11,217.1529541015625,217.23137378819135,216.1160272584276,216.13344499146996,71364800
2017-09-12,217.8849334716797,217.91978223945418,217.33596898336484,217.51896157813033,56896000
2017-09-13,217.98947143554688,218.0243334958429,217.4840779290966,217.5973596810883,59228000
2017-09-14,217.91976928710938,218.12019290184045,217.49280875133618,217.66707917181387,95446300
2017-09-15,218.21316528320312,218.30072625480452,217.6702418285857,217.7753203392943,95432400
2017-09-18,218.67724609375,219.02751665001276,218.29194046468183,218.58091968648296,46235200
2017-09-19,218.8961639404297,218.98373825864107,218.57216301458448,218.9224335635001,47108100
2017-09-20,218.97494506835938,219.08878899521864,217.97665943225823,218.983710516249,59574100
2017-09-21,218.38821411132812,218.90486773368465,218.21307887550782,218.8173067967555,48211400
2017-09-22,218.4320526123047,218.59843580213592,218.06426452202962,218.09053414548032,51214000
2017-09-25,217.9854278564453,218.52836454972967,217.24109963801683,218.17808065697133,57064400
2017-09-26,218.11680603027344,218.65972940317045,217.88036605480062,218.414537340445,54082000
2017-09-27,218.9662322998047,219.35153794116275,217.93291141052939,218.81736664054645,81001400
2017-09-28,219.22894287109375,219.30775174481863,218.59844515736341,218.6860061186247,44778800
2017-09-29,219.99949645996094,220.0783186797669,219.0362459084111,219.220133243378,85578000
2017-10-02,220.9540557861328,220.9540557861328,220.05208300305776,220.22723165186667,59023000
2017-10-03,221.4269256591797,221.45319528449488,220.87523680362833,220.95405904154,66810200
2017-10-04,221.68960571289062,221.93479775778118,221.16418655271696,221.27803048854625,55953600
2017-10-05,223.00314331054688,223.02064748401895,221.72463046296645,222.02236175556584,63522800
2017-10-06,222.74917602539062,223.03815521855543,222.29382701976476,222.55652322994743,80646000
2017-10-09,222.38140869140625,223.03817600199042,222.11869909477954,222.97688466789108,35803100
2017-10-10,222.9681396484375,223.34469322256305,222.4076986932,222.95063547249964,43057400
2017-10-11,223.31837463378906,223.31837463378906,222.7053945612021,222.87176436793303,47674300
2017-10-12,222.985595703125,223.35338372590607,222.74915577349336,223.00311323619914,47065100
2017-10-13,223.25709533691406,223.53732246594643,222.98563365689205,223.42347852453142,54800400
2017-10-16,223.55487060546875,223.74752345407535,223.14330864195566,223.48482717140053,38221700
2017-10-17,223.71240234375,223.75618949206412,223.28330966941027,223.5022320490192,31561000
2017-10-18,223.93138122558594,224.13278612429528,223.7387284139631,224.0889989649328,40888300
2017-10-19,223.99264526367188,224.02768033167854,222.7316634166635,223.15199069899964,61903800
2017-10-20,225.14857482910156,225.17487117611148,223.97516715360754,224.78956555498408,89176400
2017-10-23,224.27291870117188,225.49890589243145,224.19410982012243,225.47263626541496,63915300
2017-10-24,224.66697692871094,224.90340355828232,224.30794089748093,224.7020120040323,66935900
2017-10-25,223.55487060546875,224.44807805246592,222.42523650406423,224.33423408866176,103715300
2017-10-26,223.8437957763672,224.4392583557997,223.7211997534273,224.16781004996602,69798000
2017-10-27,225.67401123046875,225.8316557049051,223.8525882021322,224.58816442841805,85562500
2017-10-30,224.83338928222656,225.57773106670172,224.53565791322364,224.58819717105146,54285700
2017-10-31,225.18360900878906,225.43756651350975,224.88587770708503,225.209878631765,60304800
2017-11-01,225.4813690185547,226.3045196085102,225.11359425006668,225.96301446634277,54202700
2017-11-02,225.56893920898438,225.7090527881011,224.34297879662896,225.41132145395284,56449500
2017-11-03,226.3220672607422,226.36584106653882,225.31500248806788,225.7265778135099,59589700
2017-11-06,226.67230224609375,226.80365036677094,226.1206134153186,226.19065683836942,49652600
2017-11-07,226.51467895507812,227.1101415701888,226.00676393565465,226.77737519000038,57502200
2017-11-08,226.8999786376953,226.99631841527642,226.05932388502706,226.33955104389406,50469600
2017-11-09,226.07684326171875,226.26949608312867,224.49182016688687,225.69153761889893,95085500
2017-11-10,226.0067901611328,226.18193882069187,225.3762924002271,225.69155464264665,59984700
2017-11-13,226.21693420410156,226.44462210368795,225.28870515430896,225.32374022899884,50228600
2017-11-14,225.6915740966797,225.79665261189925,224.6319700456992,225.41134690680374,61315200
2017-11-15,224.56187438964844,225.24491130367502,223.85256785292583,224.7194921258247,80811500
2017-11-16,226.47093200683594,226.83873354666386,225.46389390283716,225.5076677110358,67777000
2017-11-17,225.8053436279297,226.44460675902482,225.72653475816674,226.12060583091156,75756800
2017-11-20,226.1906280517578,226.383280845543,225.80532246418747,226.05054122348457,48075500
2017-11-21,227.67056274414062,227.85447682737197,226.15563662524804,226.9612562057613,69176800
2017-11-22,227.4691619873047,227.81066706930315,227.30277880861132,227.6793189608422,45033400
2017-11-24,227.9945526123047,228.09965782216804,227.81943071038896,227.9595442662785,27856500
2017-11-27,227.8807830810547,228.33613219002166,227.6793647915844,228.0384008429355,52274900
2017-11-28,230.19256591796875,230.21883554215188,228.24853355662276,228.34487332791497,98971700
2017-11-29,230.05242919921875,230.8580754663208,229.6058456330416,230.32389086310647,77512100
2017-11-30,232.06658935546875,232.97728761182418,230.89316809429405,230.97197697855933,127894400
2017-12-01,231.58489990234375,232.32924152209492,228.3448639162651,231.84762285727766,164390900
2017-12-04,231.3047332763672,233.63404479524854,231.25216729855987,233.2049653139705,94040600
2017-12-05,230.47279357910156,232.18913805211622,230.34144545788914,230.47279357910156,77994500
2017-12-06,230.51657104492188,230.94567721294945,230.05245652663484,230.56911029424256,75898600
2017-12-07,231.24337768554688,231.5586131394181,230.2538440821267,231.24337768554688,77218600
2017-12-08,232.50442504882812,232.51316377521968,231.2083944255536,232.19792825071,76563900
2017-12-11,233.2049560546875,233.2662607564171,232.4781452556727,233.2049560546875,83077500
2017-12-12,233.6165313720703,234.08941136214892,233.23999115956917,233.99307158457145,85195800
2017-12-13,233.59027099609375,234.29957764733308,233.50269666499167,233.86173271575652,102905400
2017-12-14,232.6357421875,234.0018160595599,232.58320294041542,233.8879721162332,100666700
2017-12-15,234.57305908203125,235.03954600715178,233.58727741842074,233.64008523179018,144610300
2017-12-18,236.0604705810547,236.41253151743066,235.86683303696876,235.9724486318288,83653600
2017-12-19,235.15391540527344,236.35092803483727,235.08348709734065,236.3069304877763,82382900
2017-12-20,235.03065490722656,236.17485961736992,234.73140178088948,236.12205182216493,76751500
2017-12-21,235.51475524902344,236.22771426568343,235.26830989703402,235.65558500166438,67032300
2017-12-22,235.45318603515625,235.56761189864133,234.91627087431047,235.53239774206176,78720900
2017-12-26,235.17153930664062,235.3915807913124,234.90750026924763,235.0483031821687,45244400
2017-12-27,235.2859649658203,235.64683622362304,235.0131156739141,235.33877277325166,57751000
2017-12-28,235.7700653076172,235.81408972453278,235.4004106245225,235.78768581859745,45116100
2017-12-29,234.88101196289062,236.3684941837051,234.6874012899225,236.35090053903332,96007400
2018-01-02,236.56210327148438,236.59731741711977,235.35628067357126,235.74355569399162,86655700
2018-01-03,238.05848693847656,238.20812696947078,236.72942775097104,236.72942775097104,90070400
2018-01-04,239.06182861328125,239.54593593694952,238.12007158752897,238.70098425961316,80636400
2018-01-05,240.65496826171875,240.77817751822775,239.36112333545296,239.85401408255126,83524000
2018-01-08,241.0950469970703,241.25347040718765,240.26768893019437,240.55813184874282,57319200
2018-01-09,241.64076232910156,242.26567261945058,241.23586666107144,241.51752620564912,57254000
2018-01-10,241.2710418701172,241.53510772322946,240.21485903925273,240.88376677397508,69574300
2018-01-11,243.0313720703125,243.0313720703125,241.65831559560675,241.82554924347087,62361500
2018-01-12,244.61570739746094,244.78291419901413,242.99617857933265,243.2954586087151,90816100
2018-01-16,243.77952575683594,246.52563878958108,243.08418724517006,245.8743246847843,106555100
2018-01-17,246.10321044921875,246.49048565078004,243.77958610038664,244.71255994218367,113258800
2018-01-18,245.68951416015625,246.41122976047913,245.19659656063544,245.98876733307662,100728000
2018-01-19,246.80731201171875,246.80731201171878,245.68951103937377,246.27039686967373,140920100
2018-01-22,248.81407165527344,248.81407165527344,246.54322885390033,246.5960635134814,91322400
2018-01-23,249.3421630859375,249.6326059650939,248.53239877650185,248.85805580664078,97084700
2018-01-24,249.2452850341797,250.58315392012776,248.06586636824062,249.9846209056405,134816100
2018-01-25,249.3509521484375,250.20471402062026,248.5588083267436,250.10790867887582,84587300
2018-01-26,252.2379150390625,252.2819394474555,249.93188483201155,250.18714044699553,107743100
2018-01-29,250.56558227539062,252.10587235640565,250.4071588850128,251.66578947611563,90118300
2018-01-30,247.99554443359375,250.61842153870128,247.52024734225674,248.7348805420454,131796400
2018-01-31,248.11871337890625,249.3509400261391,247.04491011620485,248.8492659751229,108364800
2018-02-01,247.8369903564453,249.1396449698331,247.04484677635952,247.38812421535775,90102500
2018-02-02,242.44166564941406,246.64885684381446,242.4064514986019,246.51681049340058,173174800
2018-02-05,232.30215454101562,242.7937427585855,231.75645603942664,240.68135019801932,294681800
2018-02-06,236.87908935546875,237.38079044207066,227.69896405469055,228.7903613429874,355026800
2018-02-07,235.59405517578125,239.72200918170705,235.51481659510125,236.32458116857907,167376100
2018-02-08,226.75714111328125,236.034097056527,226.7219269569538,235.89326729174834,246449500
2018-02-09,230.16343688964844,232.0205744816272,222.6116100829371,229.54730987077647,283565300
2018-02-12,233.5432891845703,235.0131785125208,230.30428411357207,232.21422966760323,143736000
2018-02-13,234.12413024902344,234.66982881131727,231.7564818205949,232.33739453996532,81223600
2018-02-14,237.2838897705078,237.64476096412412,232.62780526622583,232.63661551940828,120735700
2018-02-15,240.3116455078125,240.3204557603827,236.5621309444541,239.02661107728906,111200300
2018-02-16,240.3820343017578,242.32721978062207,239.64269835895715,239.68672275896623,160420100
2018-02-20,238.87709045410156,240.87508482806538,238.08494628220217,239.43159943259303,86369700
2018-02-21,237.6887664794922,241.7991526348577,237.59196113335105,239.31707860169553,98883700
2018-02-22,237.9969024658203,240.32933720381092,237.327994510731,238.61302946553275,110511300
2018-02-23,241.7903289794922,241.7903289794922,238.74496296365007,239.22025999611984,92766400
2018-02-26,244.5980987548828,244.69493097156393,242.274474741448,242.86417085379668,86491400
2018-02-27,241.5439453125,245.4959088584199,241.4823272468954,244.78294969741594,99099200
2018-02-28,239.09707641601562,243.093037374543,238.7802295651227,242.64414414191137,121907800
2018-03-01,235.62039184570312,240.4348997734121,234.12409926408978,238.8857993934386,176855100
2018-03-02,236.8350067138672,237.39832573097647,233.08551859078392,233.94806390250494,139083200
2018-03-05,239.5723876953125,240.18851464468656,235.54121233965114,235.646854823385,97307400
2018-03-06,240.1796417236328,240.62853486564214,238.68334915728698,240.54929630838222,79213200
2018-03-07,240.0916290283203,240.44368998087577,237.82081305288796,238.0144506058728,87063500
2018-03-08,241.25338745117188,241.37659666316466,239.7747157441296,240.76928027267917,66901200
2018-03-09,245.4518280029297,245.4518280029297,242.3448438583557,242.66171750822073,113625300
2018-03-12,245.14370727539062,246.3671503226627,244.75643227197514,245.74224028281935,71924800
2018-03-13,243.55950927734375,246.80732360191908,242.9521926566162,246.3056225916604,91968900
2018-03-14,242.3096160888672,244.70366796236553,241.75513423868796,244.51884067897245,105895100
2018-03-15,242.04559326171875,243.46264729648829,241.54389231279492,242.8201434578408,83433000
2018-03-16,242.30812072753906,243.35971533877714,242.25510141672984,242.57321728158507,100343700
2018-03-19,239.02955627441406,242.48479112275547,237.37705851392633,241.55692641312461,109208400
2018-03-20,239.4361114501953,240.0723701132613,238.7556520517941,239.4272659095059,59757300
2018-03-21,238.9765167236328,241.4861955710921,238.76443954354212,239.39185251338063,78709600
2018-03-22,233.0028533935547,237.59803111393998,232.72888433108503,236.74969517554956,148785900
2018-03-23,228.0364532470703,233.77162621271538,227.8420401470805,233.4446648554846,183534800
2018-03-26,234.27532958984375,234.55811720817164,229.2383066079222,231.6419474274861,141956100
2018-03-27,230.28985595703125,235.74221375579822,228.73455132957181,235.21202078562462,129941400
2018-03-28,229.60939025878906,232.09258645062064,228.50477665506375,230.42239773709733,146452300
2018-03-29,232.54330444335938,234.40790666269632,229.6182890991537,230.7494126132141,111601600
2018-04-02,227.5238800048828,232.52557335921296,225.04954297400147,232.01301757358857,186286300
2018-04-03,230.44004821777344,230.91724881743016,226.96714972539726,228.76104103303032,119956900
2018-04-04,232.90562438964844,233.612566483105,226.7551418786171,226.8876901501262,123715300
2018-04-05,234.74366760253906,235.6273585175287,233.57718912240716,234.66411168825624,82652600
2018-04-06,229.51223754882812,234.27531822190647,227.992287884209,232.78190517782255,179521200
2018-04-09,230.64334106445312,234.03671112210202,229.70663080225304,230.970302405471,105442900
2018-04-10,234.3106689453125,235.0971668991006,232.3930745308955,233.53301653153406,103529000
2018-04-11,233.0823211669922,234.74366437925775,232.7553598478326,232.82604325409434,91140200
2018-04-12,234.99990844726562,235.9454641579969,234.23110169917575,234.40785066181715,68890500
2018-04-13,234.3106689453125,236.42270343128394,233.30327520427028,236.30781928359713,85079200
2018-04-16,236.2371368408203,237.00597077363312,235.12370436040914,235.9455306352184,63405300
2018-04-17,238.76443481445312,239.3653381248785,237.49191782290248,238.00444665400536,64682000
2018-04-18,238.941162109375,239.74529698441955,238.481625645804,239.20625855520262,57303900
2018-04-19,237.61570739746094,238.49055293668692,236.5817769681026,238.28729427980818,77655900
2018-04-20,235.60081481933594,237.765868283229,234.71712393090704,237.54494556112178,99953100
2018-04-23,235.56552124023438,236.73199985683402,234.487417119094,236.175270200361,65558000
2018-04-24,232.39306640625,236.81152135905498,230.89078093505276,236.59059861141472,112885500
2018-04-25,232.96743774414062,233.40928319691392,230.5107781054454,232.33117921342284,103840900
2018-04-26,235.33575439453125,236.16642611436546,233.55070823494597,233.9925537468531,67731900
2018-04-27,235.55665588378906,236.2459337414099,234.61994564056346,235.94548205661184,57053600
2018-04-30,233.74510192871094,236.73198165607022,233.67439155053606,236.17525204240047,82182300
2018-05-01,234.16041564941406,234.2664542385587,231.62420020788073,233.17950476361585,74203400
2018-05-02,232.5874481201172,234.77898422141712,232.19862197928552,233.96600372193657,86368900
2018-05-03,232.07498168945312,232.72890455627947,228.92019759150364,231.75686579795348,136311500
2018-05-04,235.0794677734375,235.75992709625967,230.77589696113725,231.1028583129879,91222100
2018-05-07,235.8748016357422,236.84684011200807,235.1589871513474,235.8482919858096,55304900
2018-05-08,235.8748016357422,236.2370911954513,234.31065138539753,235.5036395685785,67499200
2018-05-09,238.15475463867188,238.48171603515163,236.02505582298372,236.54643034279098,59666100
2018-05-10,240.38160705566406,240.7085953665572,238.7909741028311,238.89701270393888,72063900
2018-05-11,241.11508178710938,241.38017828562056,239.99277701782748,240.505332872426,59871500
2018-05-14,241.22991943359375,242.20195771953226,240.6820084954234,241.54803517049672,54790600
2018-05-15,239.5685272216797,240.01919108968994,238.62297180667312,240.00152698619243,87036100
2018-05-16,240.57598876953125,241.0355252718733,239.57741379249362,239.6039504074176,53942600
2018-05-17,240.37278747558594,241.45089152917097,239.59513511324812,240.31092263582997,56536400
2018-05-18,239.77182006835938,240.39041443409954,239.4183491314095,240.02809795909218,64368000
2018-05-21,241.5745849609375,242.11365045107684,240.86764300493607,241.25646917116896,58025900
2018-05-22,240.9029541015625,242.35222006688994,240.57599279594973,242.0959421646103,52966400
2018-05-23,241.56576538085938,241.5923020009654,239.47142196883436,239.6305068489211,64694200
2018-05-24,241.07089233398438,241.44205441736767,239.28584623493438,241.16811236672407,76043800
2018-05-25,240.49644470214844,241.12385761614667,239.99273447615838,240.49644470214844,56374800
2018-05-29,237.73052978515625,239.63048690313875,236.6170975258855,238.87049866232422,115908600
2018-05-30,240.9029541015625,241.34479953468355,238.967695915149,239.03837931848213,69678400
2018-05-31,239.42721557617188,240.79692568949417,238.82631223407603,240.49647401844624,93519900
2018-06-01,241.7779083251953,242.07836008535472,240.65560328518157,240.72631368058035,71258400
2018-06-04,242.9266357421875,243.18291366768244,242.3610875599762,242.5996744069565,45385200
2018-06-05,243.1033935546875,243.4833742030585,242.290385988581,243.05919282490183,51135000
2018-06-06,245.1358184814453,245.24185706079913,243.09449492457702,243.71308926161092,62732200
2018-06-07,245.10940551757812,245.91356768567496,244.19920472830162,245.62196147743086,72969400
2018-06-08,245.83401489257812,245.8870341980291,244.4819686673565,244.6498721239882,72139700
2018-06-11,246.16094970703125,246.87673722150333,245.9400269687841,246.05491110756986,58892500
2018-06-12,246.4791259765625,246.84141558459777,245.83402178467537,246.57631904991064,72329000
2018-06-13,245.69259643554688,246.97395911429703,245.48933780630622,246.71768118492542,79070600
2018-06-14,246.31126403808594,246.84145719683949,245.71917905332324,246.5586965015429,77097600
2018-06-15,245.99688720703125,246.33420188479369,244.4168556289836,245.52642912730911,120041600
2018-06-18,245.49098205566406,245.61526732414296,244.06186400338112,244.54118038098923,52917600
2018-06-19,244.5500946044922,244.77200939088465,242.8014050041513,243.21860588613742,97531500
2018-06-20,244.9673309326172,245.63307538812606,244.63001607421887,245.23361787913623,53785500
2018-06-21,243.4315948486328,244.97613992521215,242.9345079770817,244.95836940816923,71061400
2018-06-22,243.8753662109375,244.8074241898082,243.6534515144249,244.69202421335024,54898500
2018-06-25,240.5555877685547,242.88125000237676,238.86904109502896,242.72147788460333,137854200
2018-06-26,241.08822631835938,241.94037150239652,240.36922458663946,241.12374026871296,68547400
2018-06-27,239.09100341796875,243.1032131236618,238.94008943946332,241.67409485943062,105110700
2018-06-28,240.4580078125,241.22138170301798,238.32760411321343,239.03774770937838,76650500
2018-06-29,240.8041229248047,242.91675559562933,240.68872292509045,241.54975320464837,97592500
2018-07-02,241.31898498535156,241.47878420787828,238.99332252521182,239.23300781439923,63554800
2018-07-03,240.46688842773438,242.31323486088476,240.04082931947724,242.2155782557686,42187100
2018-07-05,242.42852783203125,242.49067046122133,240.52006646800746,241.59415332388662,56925900
2018-07-06,244.47906494140625,244.8518665685956,242.07348943656189,242.45520341190885,66493700
2018-07-09,246.6804656982422,246.7337230786658,245.4377483396801,245.48212046029752,50550400
2018-07-10,247.56813049316406,247.66578708564802,246.84024349176497,247.1331861800095,51966800
2018-07-11,245.7572784423828,246.804736738426,245.45547760766024,246.01470715904813,77054700
2018-07-12,247.98529052734375,248.0385479002143,246.41414384925648,247.01774546792475,60124700
2018-07-13,248.18057250976562,248.48237331413685,247.35505615464416,247.80777090580222,48216000
2018-07-16,247.95870971679688,248.36702535070975,247.51488013104566,248.2250237217725,48201000
2018-07-17,248.9617462158203,249.35231838280768,247.13317065638194,247.1864280346797,52315500
2018-07-18,249.48544311523438,249.5919578638405,248.5977840912453,249.04161360323985,44593500
2018-07-19,248.54454040527344,249.20139945065603,248.06519692094298,248.81971255072858,61412100
2018-07-20,248.26048278808594,248.97062629930204,248.1007106565142,248.34036885387178,82337700
2018-07-23,248.7220458984375,248.9261901176102,247.71010170371684,248.0563016932374,47047600
2018-07-24,249.9736785888672,250.81696561151827,249.1037899646664,250.13347782261658,68026900
2018-07-25,252.10401916503906,252.42356337421796,249.6807005552971,249.72507266572734,78882900
2018-07-26,251.5093536376953,252.19284146729845,251.28743883843612,251.3850954364988,57919500
2018-07-27,249.80502319335938,251.93539950765498,248.88185019112294,251.83774292521235,76768700
2018-07-30,248.50021362304688,250.04473202308338,247.97647083599927,249.8849598622265,63742500
2018-07-31,249.7251434326172,250.33763042964327,248.88188347107697,249.2635704143807,68570500
2018-08-01,249.30792236328125,250.4352667598153,248.65994855596927,249.92929457030976,53853300
2018-08-02,250.66607666015625,250.8347069740888,247.7989278959903,248.0030992495822,63426400
2018-08-03,251.74005126953125,251.79330863254742,250.61270721089437,250.7902498137468,53935400
2018-08-06,252.66331481933594,252.97397385214276,251.38508346931644,251.77565566455615,39400900
2018-08-07,253.49757385253906,253.87928770274732,253.19577312830583,253.32894361213408,43196600
2018-08-08,253.3911895751953,253.79064705391855,252.92961653979822,253.32907401852145,42114600
2018-08-09,253.04486083984375,253.84374821642274,252.91171745861266,253.45317623868323,35717000
2018-08-10,251.34957885742188,252.14846670856605,250.63943525368703,251.6070076068513,77076000
2018-08-13,250.4086151123047,252.23719052748174,250.11567246557237,251.62470363617254,65732900
2018-08-14,252.00636291503906,252.24604816142605,250.7459024138653,251.13647450726577,43842000
2018-08-15,250.12454223632812,250.79917171871017,248.68653904636793,250.65714303351385,102925400
2018-08-16,252.14842224121094,253.01833784391988,251.52705008367542,251.5625640299013,69967900
2018-08-17,253.03604125976562,253.47987070519272,251.53589556708604,251.9442110719031,65618500
2018-08-20,253.5775909423828,253.84387784082335,253.0361047966119,253.48881961316718,39807500
2018-08-21,254.17225646972656,255.0332867211678,253.61302700580478,254.092370416195,67272000
2018-08-22,254.0215301513672,254.54524600384076,253.49778720967558,253.76410131228084,44993300
2018-08-23,253.68408203125,254.7048844989658,253.36451069373325,253.84385415540646,49204900
2018-08-24,255.21080017089844,255.35282883511957,254.20774135366042,254.2609987165936,57487400
2018-08-27,257.225830078125,257.33234482639574,256.24939973697053,256.40917185937667,57072400
2018-08-28,257.3501892089844,257.79401884697023,256.88858904838384,257.68747697891615,46943500
2018-08-29,258.7348327636719,258.9656056631164,257.3234583260667,257.56311648329,61485500
2018-08-30,257.6874694824219,258.6283861204424,257.0927529547803,258.25558440533797,61229500
2018-08-31,257.6962890625,258.1401185744521,256.790886610231,257.27908823769684,66140800
2018-09-04,257.2524719238281,257.6075301326266,256.24941284429883,257.2791006122579,57594400
2018-09-05,256.5601501464844,257.10163637158024,255.54823269496327,256.89746499339486,72452400
2018-09-06,255.7877960205078,256.9683704573946,254.75810842911469,256.666569677207,65909900
2018-09-07,255.29078674316406,256.26721726343226,254.50075706656256,254.7404423833425,73524800
2018-09-10,255.73452758789062,256.56892909844845,255.5392415516069,256.3026151821348,50210900
2018-09-11,256.5778503417969,257.0216798888951,254.74041660460662,255.08658956495626,50530500
2018-09-12,256.6399841308594,257.24358579269136,255.8499816506508,256.58672675418035,59810800
2018-09-13,258.157958984375,258.3443869536564,257.4212136370128,257.7052711327822,51034200
2018-09-14,258.20220947265625,258.54838233623184,257.4210653538625,258.3619815635373,55079900
2018-09-17,256.8352355957031,258.18446743841525,256.56006349021055,258.1489805848816,68244000
2018-09-18,258.2289733886719,258.82368995702524,257.0217426394385,257.04837133519743,61930400
2018-09-19,258.5040588378906,258.92125965755014,258.15785882001853,258.28214408465055,49080600
2018-09-20,260.5989990234375,260.91857045003917,258.5218795627664,259.76462422384793,100360600
2018-09-21,260.3608703613281,261.45764333870767,260.2003749632241,261.34172092502115,105479700
2018-09-24,259.4959716796875,259.9239866684046,258.9163867572712,259.7813150054989,53409600
2018-09-25,259.25518798828125,260.05769215619654,259.0144449014566,259.95069522871887,44370000
2018-09-26,258.47943115234375,260.58377660882445,258.0603417149148,259.3978577222201,79739700
2018-09-27,259.20166015625,260.28950748207143,258.67557384787006,258.95199161647935,59249500
2018-09-28,259.2283630371094,259.7277000273732,258.54178147845295,258.577428969311,70091400
2018-10-01,260.12908935546875,261.1990860385844,259.46033122408215,260.4679039507607,62078900
2018-10-02,259.9773864746094,260.69071730657924,259.6028973119646,259.9773864746094,47258200
2018-10-03,260.1201171875,261.44870772895086,259.763451690474,261.02961828669123,64694600
2018-10-04,258.0870361328125,259.69204411596644,256.4998518963773,259.6385456639831,111545900
2018-10-05,256.642578125,258.8271712774559,255.21588894088282,258.31001039427775,105951700
2018-10-08,256.642578125,256.9992436180711,254.57388016862174,255.95596915870948,87742200
2018-10-09,256.26800537109375,257.5698463801317,255.7062444172972,256.25910710370897,74339000
2018-10-10,248.15379333496094,255.83114939791164,247.77930409003628,255.75979997194213,214731000
2018-10-11,242.6878204345703,248.6887911916292,241.07385950184556,247.0659319900336,274840500
2018-10-12,246.05838012695312,247.0748781744301,242.86615991682004,246.7895348863604,183186500
2018-10-15,244.67623901367188,247.03028008323682,244.58706584373425,245.7016624383773,102263700
2018-10-16,250.02627563476562,250.40079202327806,246.16532542157915,246.63791323813768,118255800
2018-10-17,250.07089233398438,250.69505007361667,247.49393205394864,250.06196685381698,110626000
2018-10-18,246.45960998535156,249.73207777845568,245.18451792696698,249.13464199071754,134557500
2018-10-19,246.32591247558594,249.0455180000834,245.63040510530487,247.110593039357,139901600
2018-10-22,245.22019958496094,247.31561961237918,244.68518772636827,246.99462882432368,82415800
2018-10-23,243.97177124023438,245.0952931537513,239.51338550320153,241.59993397454068,146352700
2018-10-24,236.57981872558594,244.1055770269243,236.02698317460644,243.72213512158604,177806700
2018-10-25,240.82420349121094,242.36681508232206,237.39126750912948,238.4166910055369,138061500
2018-10-26,236.58876037597656,241.64458337402075,233.87808058304793,237.1148740057523,201574600
2018-10-29,235.27793884277344,240.97576935563563,231.70233168496316,239.682826498413,160749100
2018-10-30,238.76437377929688,239.0764662151694,234.61808059363685,235.1085193391012,157116000
2018-10-31,241.31463623046875,243.63300269297002,240.85987209180985,241.3324599805179,128296300
2018-11-01,243.88262939453125,244.07879945873134,241.0916755223415,242.17952274893688,99495000
2018-11-02,242.43814086914062,245.4163396224673,240.38726686446276,244.98832474567004,122634100
2018-11-05,243.77574157714844,244.32857731133188,241.9567117325451,242.9286370090676,65622500
2018-11-06,245.3182830810547,245.47877848296474,243.65085068915243,243.71327463828462,60085900
2018-11-07,250.57025146484375,250.6504991579241,247.0659389293435,247.49395383760404,102752100
2018-11-08,250.1154327392578,250.75744135561771,248.97408711148753,249.76766559997583,65584900
2018-11-09,247.67233276367188,248.9919979503533,246.26346717939185,248.80475330853633,98812600
2018-11-12,243.04449462890625,247.40478259123662,242.52730654258272,247.1640395101199,99673600
2018-11-13,242.5897216796875,245.5054966258056,241.86746525072402,243.50814820119857,98176600
2018-11-14,240.93121337890625,244.86348626076756,239.37077812959166,244.4622478094711,125335900
2018-11-15,243.4457244873047,243.90941409475818,238.08676246595184,239.66502147667336,135101400
2018-11-16,244.0789337158203,244.9884351254824,241.8318886150138,242.349076892309,126668000
2018-11-19,239.95037841796875,243.76675635712672,239.03195184325043,243.47248759534176,103061700
2018-11-20,235.50982666015625,238.07786188380766,234.64489850791026,236.61549791018174,136021300
2018-11-21,236.31227111816406,238.21154782262516,236.3033728506078,237.06127666705356,75563700
2018-11-23,234.73403930664062,236.13397913932772,234.57354393026174,234.67161536743865,42807900
2018-11-26,238.52365112304688,238.74657042316187,236.59762510463386,236.98996524978256,79981400
2018-11-27,239.326171875,239.326171875,236.8829848828991,237.48931889071778,75502400
2018-11-28,244.83677673339844,244.83677673339844,239.26379279641728,240.39624054798665,127629600
2018-11-29,244.30178833007812,245.7017011927657,242.91967200762178,244.06101801208686,82346400
2018-11-30,245.7908477783203,246.3526088437282,243.8291740017175,244.15016477518927,98204200
2018-12-03,249.0454864501953,250.02633703065183,247.44940349982502,249.91934009675379,103176300
2018-12-04,240.97569274902344,248.6441198662871,240.66360037802966,248.2161051393396,177986000
2018-12-06,240.6101837158203,240.7261061111731,234.0117775673874,237.11482416580566,204185400
2018-12-07,235.0194091796875,241.840735566678,234.18123028122503,240.27137469945745,161018900
2018-12-10,235.4651641845703,236.43708889977236,230.6055133967361,234.84097936733187,151445900
2018-12-11,235.51870727539062,238.8535713534547,234.04744531223463,238.66632675751862,121504400
2018-12-12,236.70460510253906,239.86114978594813,236.6243574256507,238.49688485519258,97976700
2018-12-13,236.62445068359375,238.51480260463467,235.5098538233727,237.64987435262964,96662700
2018-12-14,232.2552032470703,235.42957247444892,231.70236763728906,234.47547116758975,116961100
2018-12-17,227.69871520996094,232.4156821266384,226.06694412299714,231.30108550488026,165492300
2018-12-18,227.44903564453125,230.0081586162255,225.84401386571423,229.33940067554468,134515100
2018-12-19,224.0428466796875,231.30109978443372,222.3397532769953,227.52930839320615,214992800
2018-12-20,220.3958740234375,224.36383524071718,218.14884344413474,222.79448810925254,252053400
2018-12-21,215.88003540039062,223.9609712201748,215.23427764806652,221.29722391317975,255345600
2018-12-24,210.1759033203125,216.00565237267747,210.11312852383378,214.391257590333,147311600
2018-12-26,220.7949981689453,220.7949981689453,209.65569540447513,211.63781597827943,218485400
2018-12-27,222.4901123046875,222.68741427560954,214.31949514400904,217.55724826813972,186267300
2018-12-28,222.203125,225.47674780536732,221.03717246474218,223.844425204303,153100200
2018-12-31,224.14932250976562,224.3914851025564,221.95195871285873,223.82644361450068,144299400
