issue_d,target,baseline_pd,macro_conditioned_pd,macro_stress_score,environmental_confidence,dominant_field
2018-06-01,0,0.3240781845932341,0.33101618079934325,0.109,0.79285,TRAJECTORY_DEGRADATION
2018-03-01,1,0.2706746102568502,0.27814081240693367,0.113,0.84345,TRAJECTORY_DEGRADATION
2018-02-01,0,0.04007932061410066,0.04007932061410066,0.0365,0.902725,NONE
2018-09-01,0,0.07391318712318404,0.07484259449543985,0.097,0.79705,TRAJECTORY_DEGRADATION
2018-12-01,0,0.2511307301651212,0.2826527769141877,0.1955,0.7170749999999999,TRANSITIONAL
2018-03-01,1,0.15979525262441455,0.16489448682995428,0.113,0.84345,TRAJECTORY_DEGRADATION
2018-01-01,0,0.47685156496582687,0.4768515649658269,0.039,0.89535,NONE
2018-07-01,0,0.10180040569349304,0.10359732475693692,0.101,0.79565,TRAJECTORY_DEGRADATION
2018-02-01,0,0.10749024350075698,0.10749024350075698,0.0365,0.902725,NONE
2018-06-01,1,0.2550702640202929,0.2611015956349334,0.109,0.79285,TRAJECTORY_DEGRADATION
2018-06-01,1,0.27969798296609655,0.2860880094454322,0.109,0.79285,TRAJECTORY_DEGRADATION
2018-06-01,0,0.14926654361321515,0.15331095258813696,0.109,0.79285,TRAJECTORY_DEGRADATION
2018-10-01,0,0.0649542514394391,0.0649542514394391,0.0805,0.809325,NONE
2018-06-01,0,0.10512072574899985,0.10812101364036832,0.109,0.79285,TRAJECTORY_DEGRADATION
2018-08-01,0,0.09682738920162645,0.09934856553347517,0.107,0.79355,TRAJECTORY_DEGRADATION
2018-03-01,1,0.07833495709756914,0.08108557594478925,0.113,0.84345,TRAJECTORY_DEGRADATION
2018-06-01,0,0.48239224330637287,0.4902611910783078,0.109,0.79285,TRAJECTORY_DEGRADATION
2018-05-01,0,0.07236463570219101,0.0785349568170328,0.147,0.78605,TRAJECTORY_DEGRADATION
2018-02-01,1,0.19017733975597986,0.19017733975597984,0.0365,0.902725,NONE
2018-05-01,0,0.04221552361846196,0.045942436840120414,0.147,0.78605,TRAJECTORY_DEGRADATION
2018-02-01,0,0.21525532832500427,0.21525532832500427,0.0365,0.902725,NONE
2018-05-01,0,0.19199686027752386,0.20610148826759464,0.147,0.78605,TRAJECTORY_DEGRADATION
2018-02-01,1,0.2945920029503636,0.2945920029503636,0.0365,0.902725,NONE
2018-07-01,0,0.16978120399773144,0.1725475628230162,0.101,0.79565,TRAJECTORY_DEGRADATION
2018-07-01,0,0.0243683207198133,0.024836248699640174,0.101,0.79565,TRAJECTORY_DEGRADATION
2018-01-01,0,0.055596820668227555,0.055596820668227555,0.039,0.89535,NONE
2018-04-01,0,0.19226647073953892,0.20601756031293808,0.1455,0.825575,MIXED
2018-06-01,0,0.061972309968173225,0.06382892366769381,0.109,0.79285,TRAJECTORY_DEGRADATION
2018-01-01,0,0.31681849071465734,0.31681849071465734,0.039,0.89535,NONE
2018-06-01,0,0.11062573269001703,0.11376316672281955,0.109,0.79285,TRAJECTORY_DEGRADATION
2018-01-01,0,0.2941981306930168,0.2941981306930168,0.039,0.89535,NONE
2018-04-01,0,0.2462154265211653,0.26257071835077256,0.1455,0.825575,MIXED
2018-02-01,0,0.05744751530217261,0.05744751530217261,0.0365,0.902725,NONE
2018-04-01,1,0.20828347041557957,0.22286403933991472,0.1455,0.825575,MIXED
2018-10-01,0,0.1247865061726824,0.1247865061726824,0.0805,0.809325,NONE
2018-09-01,0,0.03920593506188211,0.0397176396625629,0.097,0.79705,TRAJECTORY_DEGRADATION
2018-05-01,0,0.10931489627873109,0.11823428470536519,0.147,0.78605,TRAJECTORY_DEGRADATION
2018-07-01,0,0.03202263679012377,0.032632629138726894,0.101,0.79565,TRAJECTORY_DEGRADATION
2018-04-01,0,0.4204863050780657,0.4416354283876876,0.1455,0.825575,MIXED
2018-03-01,0,0.42903008296704553,0.4382396364524067,0.113,0.84345,TRAJECTORY_DEGRADATION
2018-06-01,0,0.06891562277345126,0.07096451273990521,0.109,0.79285,TRAJECTORY_DEGRADATION
2018-07-01,0,0.06080818715663736,0.061931427015181194,0.101,0.79565,TRAJECTORY_DEGRADATION
2018-03-01,1,0.06019325773798154,0.06234995091877681,0.113,0.84345,TRAJECTORY_DEGRADATION
2018-04-01,0,0.3569722245162618,0.37700502334101693,0.1455,0.825575,MIXED
2018-05-01,0,0.14327730065999944,0.15448715889020723,0.147,0.78605,TRAJECTORY_DEGRADATION
2018-06-01,0,0.18895132504007497,0.19382601912210665,0.109,0.79285,TRAJECTORY_DEGRADATION
2018-03-01,0,0.1156184453479644,0.11950846723814794,0.113,0.84345,TRAJECTORY_DEGRADATION
2018-07-01,0,0.1918507465129817,0.1948922852011416,0.101,0.79565,TRAJECTORY_DEGRADATION
2018-01-01,0,0.08357323439431844,0.08357323439431844,0.039,0.89535,NONE
2018-02-01,0,0.3703953898083336,0.3703953898083336,0.0365,0.902725,NONE
2018-01-01,0,0.09545890343903358,0.09545890343903358,0.039,0.89535,NONE
2018-04-01,0,0.1102703336942949,0.11902111534396126,0.1455,0.825575,MIXED
2018-07-01,0,0.18362022175607834,0.18656139867209187,0.101,0.79565,TRAJECTORY_DEGRADATION
2018-01-01,0,0.12562935110234047,0.12562935110234047,0.039,0.89535,NONE
2018-05-01,0,0.13119700010699456,0.14161794397775151,0.147,0.78605,TRAJECTORY_DEGRADATION
2018-06-01,0,0.5009563807894728,0.5088304636855068,0.109,0.79285,TRAJECTORY_DEGRADATION
2018-01-01,0,0.05633322548222238,0.05633322548222238,0.039,0.89535,NONE
2018-03-01,0,0.32045314130392966,0.3286736363470301,0.113,0.84345,TRAJECTORY_DEGRADATION
2018-02-01,0,0.16599611635565373,0.16599611635565373,0.0365,0.902725,NONE
2018-07-01,0,0.21371953359861628,0.21701467233861002,0.101,0.79565,TRAJECTORY_DEGRADATION
2018-02-01,0,0.2376872051446779,0.2376872051446779,0.0365,0.902725,NONE
2018-02-01,0,0.2574226030334411,0.2574226030334411,0.0365,0.902725,NONE
2018-02-01,0,0.12235280452534493,0.12235280452534493,0.0365,0.902725,NONE
2018-05-01,0,0.19418762696400585,0.2084116829172489,0.147,0.78605,TRAJECTORY_DEGRADATION
2018-08-01,0,0.5118135422190008,0.5189316863832636,0.107,0.79355,TRAJECTORY_DEGRADATION
2018-05-01,0,0.0461124565337969,0.050165383461909914,0.147,0.78605,TRAJECTORY_DEGRADATION
2018-03-01,0,0.24906979856487263,0.2561493630938883,0.113,0.84345,TRAJECTORY_DEGRADATION
2018-06-01,1,0.27315362095926926,0.2794521399300399,0.109,0.79285,TRAJECTORY_DEGRADATION
2018-06-01,0,0.21793195929355041,0.22334842252200038,0.109,0.79285,TRAJECTORY_DEGRADATION
2018-04-01,0,0.47984721398622604,0.5013987866910041,0.1455,0.825575,MIXED
2018-03-01,0,0.2219045108097022,0.2284468299622894,0.113,0.84345,TRAJECTORY_DEGRADATION
2018-03-01,0,0.08707235479908698,0.09009978259798829,0.113,0.84345,TRAJECTORY_DEGRADATION
2018-07-01,0,0.046864440308671235,0.04774320657630266,0.101,0.79565,TRAJECTORY_DEGRADATION
2018-07-01,0,0.033415662282543834,0.03405125661837654,0.101,0.79565,TRAJECTORY_DEGRADATION
2018-01-01,0,0.08721724242137784,0.08721724242137784,0.039,0.89535,NONE
2018-08-01,0,0.1034690273961327,0.10614281408621985,0.107,0.79355,TRAJECTORY_DEGRADATION
2018-06-01,1,0.17924692325236954,0.1839280329282885,0.109,0.79285,TRAJECTORY_DEGRADATION
2018-08-01,0,0.2702988952946829,0.2759568177852305,0.107,0.79355,TRAJECTORY_DEGRADATION
2018-01-01,0,0.06987199023500473,0.06987199023500473,0.039,0.89535,NONE
2018-03-01,0,0.06055544907275858,0.0627242532661679,0.113,0.84345,TRAJECTORY_DEGRADATION
2018-02-01,0,0.3902676435469562,0.3902676435469562,0.0365,0.902725,NONE
2018-07-01,0,0.08261939074685466,0.08410944277506535,0.101,0.79565,TRAJECTORY_DEGRADATION
2018-05-01,1,0.15249085218414424,0.16428333830574712,0.147,0.78605,TRAJECTORY_DEGRADATION
2018-03-01,0,0.3601998605216028,0.3688864792640872,0.113,0.84345,TRAJECTORY_DEGRADATION
2018-03-01,0,0.17449296932001537,0.17996076529051563,0.113,0.84345,TRAJECTORY_DEGRADATION
2018-07-01,0,0.11284323886722318,0.11481016397864045,0.101,0.79565,TRAJECTORY_DEGRADATION
2018-05-01,0,0.01501752936657668,0.01638439687718943,0.147,0.78605,TRAJECTORY_DEGRADATION
2018-03-01,0,0.11334740169365927,0.11717113706414198,0.113,0.84345,TRAJECTORY_DEGRADATION
2018-08-01,0,0.2188997005864485,0.22381172481309736,0.107,0.79355,TRAJECTORY_DEGRADATION
2018-02-01,0,0.32350972283942275,0.32350972283942275,0.0365,0.902725,NONE
2018-01-01,1,0.547962799659173,0.547962799659173,0.039,0.89535,NONE
2018-03-01,0,0.1830182884577058,0.18869216517969067,0.113,0.84345,TRAJECTORY_DEGRADATION
2018-04-01,0,0.02449552271373962,0.026643261254599697,0.1455,0.825575,MIXED
2018-01-01,0,0.13972836039441178,0.13972836039441178,0.039,0.89535,NONE
2018-08-01,0,0.1744165730128004,0.17855859683524655,0.107,0.79355,TRAJECTORY_DEGRADATION
2018-10-01,0,0.11440269077254799,0.11440269077254799,0.0805,0.809325,NONE
2018-02-01,0,0.016977395459837435,0.016977395459837435,0.0365,0.902725,NONE
2018-03-01,0,0.09964391560668927,0.10305910150432322,0.113,0.84345,TRAJECTORY_DEGRADATION
2018-01-01,0,0.28967069975370185,0.28967069975370185,0.039,0.89535,NONE
2018-07-01,0,0.25520302193054,0.2589271326899936,0.101,0.79565,TRAJECTORY_DEGRADATION
2018-04-01,0,0.06999325051143378,0.07582012054210956,0.1455,0.825575,MIXED
2018-09-01,0,0.11769813902568074,0.11910730179478854,0.097,0.79705,TRAJECTORY_DEGRADATION
2018-03-01,1,0.29330621889115754,0.30113892548964377,0.113,0.84345,TRAJECTORY_DEGRADATION
2018-01-01,0,0.15712661843966247,0.1571266184396625,0.039,0.89535,NONE
2018-01-01,0,0.1895768903268805,0.1895768903268805,0.039,0.89535,NONE
2018-09-01,0,0.027831396756242122,0.02819900132277988,0.097,0.79705,TRAJECTORY_DEGRADATION
2018-04-01,0,0.06862096623445836,0.0743427271385674,0.1455,0.825575,MIXED
2018-04-01,0,0.23117646836722017,0.24685993398461475,0.1455,0.825575,MIXED
2018-01-01,0,0.2477777234064404,0.2477777234064404,0.039,0.89535,NONE
2018-10-01,0,0.06583398270263428,0.06583398270263428,0.0805,0.809325,NONE
2018-02-01,0,0.04625917181091538,0.04625917181091538,0.0365,0.902725,NONE
2018-06-01,0,0.3452710329634277,0.3524261720348252,0.109,0.79285,TRAJECTORY_DEGRADATION
2018-01-01,0,0.24416834601867057,0.24416834601867057,0.039,0.89535,NONE
2018-04-01,1,0.3676904284846428,0.3879618171733315,0.1455,0.825575,MIXED
2018-08-01,0,0.3313257016417864,0.33766991620345227,0.107,0.79355,TRAJECTORY_DEGRADATION
2018-05-01,0,0.06670184875595166,0.07242702001095509,0.147,0.78605,TRAJECTORY_DEGRADATION
2018-01-01,0,0.0861524333837638,0.0861524333837638,0.039,0.89535,NONE
2018-04-01,1,0.3169392856498144,0.33589904576726115,0.1455,0.825575,MIXED
2018-01-01,0,0.05851423834721643,0.05851423834721643,0.039,0.89535,NONE
2018-04-01,0,0.2620269511122029,0.2790437372791209,0.1455,0.825575,MIXED
2018-01-01,0,0.13468578859875663,0.13468578859875666,0.039,0.89535,NONE
2018-05-01,1,0.1608777191759206,0.1731862470630095,0.147,0.78605,TRAJECTORY_DEGRADATION
2018-02-01,0,0.2722469612371736,0.2722469612371736,0.0365,0.902725,NONE
2018-04-01,0,0.14611043522061742,0.15720287145754483,0.1455,0.825575,MIXED
2018-01-01,0,0.041135200781456494,0.041135200781456494,0.039,0.89535,NONE
2018-05-01,1,0.38714989151026896,0.4083456859490837,0.147,0.78605,TRAJECTORY_DEGRADATION
2018-08-01,0,0.02915148840967888,0.029969001284854593,0.107,0.79355,TRAJECTORY_DEGRADATION
2018-01-01,0,0.17578245185095423,0.17578245185095423,0.039,0.89535,NONE
2018-09-01,0,0.4288489227144368,0.4321587082037798,0.097,0.79705,TRAJECTORY_DEGRADATION
2018-03-01,0,0.06132112796150255,0.06351550102674035,0.113,0.84345,TRAJECTORY_DEGRADATION
2018-03-01,0,0.21461502078214834,0.22100346893265757,0.113,0.84345,TRAJECTORY_DEGRADATION
2018-08-01,0,0.0654778070249777,0.06724348163808386,0.107,0.79355,TRAJECTORY_DEGRADATION
2018-11-01,0,0.042301299972346725,0.05297700610398337,0.2455,0.732075,MIXED
2018-04-01,0,0.2595878198063666,0.27650555303266067,0.1455,0.825575,MIXED
2018-04-01,1,0.07959400055092417,0.08614608924455379,0.1455,0.825575,MIXED
2018-12-01,0,0.19290764747290753,0.21926126856596434,0.1955,0.7170749999999999,TRANSITIONAL
2018-06-01,0,0.25197655515960976,0.25796006568992413,0.109,0.79285,TRAJECTORY_DEGRADATION
2018-04-01,0,0.09945854425926057,0.10745495147937772,0.1455,0.825575,MIXED
2018-07-01,0,0.2339888343986482,0.23750208925659735,0.101,0.79565,TRAJECTORY_DEGRADATION
2018-04-01,0,0.0901918521144258,0.09752390638712989,0.1455,0.825575,MIXED
2018-04-01,0,0.16392678828853924,0.1760928733562367,0.1455,0.825575,MIXED
2018-05-01,1,0.2292907519187333,0.2453033384233361,0.147,0.78605,TRAJECTORY_DEGRADATION
2018-05-01,0,0.04304645613628089,0.046843138835643054,0.147,0.78605,TRAJECTORY_DEGRADATION
2018-03-01,1,0.3815151005719895,0.3904020955258336,0.113,0.84345,TRAJECTORY_DEGRADATION
2018-04-01,0,0.15463696821784434,0.1662506914584054,0.1455,0.825575,MIXED
2018-01-01,0,0.08090289111043399,0.08090289111043399,0.039,0.89535,NONE
2018-02-01,0,0.04327202066601011,0.04327202066601011,0.0365,0.902725,NONE
2018-05-01,0,0.13469774332662188,0.14535023053003265,0.147,0.78605,TRAJECTORY_DEGRADATION
2018-01-01,0,0.03119072896734571,0.03119072896734571,0.039,0.89535,NONE
2018-01-01,0,0.11629544342508277,0.11629544342508277,0.039,0.89535,NONE
2018-04-01,0,0.2189450900434913,0.2340513694661311,0.1455,0.825575,MIXED
2018-11-01,0,0.024929021399079942,0.03136401621879864,0.2455,0.732075,MIXED
2018-05-01,1,0.05668018969570935,0.061601955118834546,0.147,0.78605,TRAJECTORY_DEGRADATION
2018-02-01,0,0.24459650927336674,0.24459650927336674,0.0365,0.902725,NONE
2018-02-01,0,0.1029795408524221,0.1029795408524221,0.0365,0.902725,NONE
2018-05-01,0,0.04038327324852484,0.043955853440641734,0.147,0.78605,TRAJECTORY_DEGRADATION
2018-04-01,0,0.07000820980928966,0.0758362236367176,0.1455,0.825575,MIXED
2018-06-01,0,0.2057184160781644,0.21091318942043671,0.109,0.79285,TRAJECTORY_DEGRADATION
2018-02-01,1,0.22337495343539648,0.22337495343539648,0.0365,0.902725,NONE
2018-08-01,0,0.2918177742254819,0.29774233938787004,0.107,0.79355,TRAJECTORY_DEGRADATION
2018-04-01,0,0.198817913630613,0.21291405761389282,0.1455,0.825575,MIXED
2018-06-01,0,0.095060472154996,0.0978050087493311,0.109,0.79285,TRAJECTORY_DEGRADATION
2018-03-01,0,0.24617555511702485,0.2532005922900468,0.113,0.84345,TRAJECTORY_DEGRADATION
2018-09-01,0,0.24944285593053828,0.25197888065981405,0.097,0.79705,TRAJECTORY_DEGRADATION
2018-06-01,0,0.02700828152187937,0.027848514152086824,0.109,0.79285,TRAJECTORY_DEGRADATION
2018-02-01,0,0.28480739145423484,0.28480739145423484,0.0365,0.902725,NONE
2018-04-01,1,0.22695229774043402,0.24243955574394116,0.1455,0.825575,MIXED
2018-06-01,0,0.0546536158447734,0.056304131320428566,0.109,0.79285,TRAJECTORY_DEGRADATION
2018-02-01,0,0.11908063606960574,0.11908063606960574,0.0365,0.902725,NONE
2018-04-01,1,0.15801375781018673,0.1698301398170344,0.1455,0.825575,MIXED
2018-07-01,0,0.35108418981900863,0.3555395559813152,0.101,0.79565,TRAJECTORY_DEGRADATION
2018-10-01,0,0.22404305052083037,0.22404305052083037,0.0805,0.809325,NONE
2018-03-01,0,0.24839049909650227,0.25545732369485075,0.113,0.84345,TRAJECTORY_DEGRADATION
2018-06-01,0,0.12890243032098628,0.1324809940104876,0.109,0.79285,TRAJECTORY_DEGRADATION
2018-09-01,0,0.257740934257379,0.2603320615381398,0.097,0.79705,TRAJECTORY_DEGRADATION
2018-02-01,0,0.035138086903657884,0.035138086903657884,0.0365,0.902725,NONE
2018-04-01,1,0.24823183811320107,0.26467404239265097,0.1455,0.825575,MIXED
2018-01-01,0,0.04002630779701537,0.04002630779701537,0.039,0.89535,NONE
2018-05-01,0,0.15959426802870663,0.17182470799696856,0.147,0.78605,TRAJECTORY_DEGRADATION
2018-01-01,0,0.06016909415232571,0.06016909415232571,0.039,0.89535,NONE
2018-03-01,0,0.02469064131354253,0.02560995757752774,0.113,0.84345,TRAJECTORY_DEGRADATION
2018-01-01,0,0.23592576457208694,0.23592576457208694,0.039,0.89535,NONE
2018-02-01,0,0.14366912487310912,0.14366912487310912,0.0365,0.902725,NONE
2018-06-01,0,0.15062779377588517,0.1547023790274304,0.109,0.79285,TRAJECTORY_DEGRADATION
2018-05-01,0,0.17097984405589695,0.18389189202362283,0.147,0.78605,TRAJECTORY_DEGRADATION
2018-08-01,0,0.07170344473526931,0.07362377389141024,0.107,0.79355,TRAJECTORY_DEGRADATION
2018-01-01,0,0.33941042921760284,0.3394104292176028,0.039,0.89535,NONE
2018-01-01,0,0.13813492956920634,0.13813492956920634,0.039,0.89535,NONE
2018-02-01,0,0.13618867590584902,0.13618867590584902,0.0365,0.902725,NONE
2018-05-01,0,0.48527358152915,0.5073937820627517,0.147,0.78605,TRAJECTORY_DEGRADATION
2018-10-01,1,0.17945440395049106,0.17945440395049106,0.0805,0.809325,NONE
2018-02-01,0,0.08431995388088126,0.08431995388088126,0.0365,0.902725,NONE
2018-05-01,0,0.3203463380535339,0.33991329419360045,0.147,0.78605,TRAJECTORY_DEGRADATION
2018-06-01,0,0.07033015203775528,0.07241782562871545,0.109,0.79285,TRAJECTORY_DEGRADATION
2018-10-01,0,0.023095654875256694,0.023095654875256694,0.0805,0.809325,NONE
2018-02-01,0,0.25925235963886584,0.25925235963886584,0.0365,0.902725,NONE
2018-08-01,0,0.32072963315444697,0.3269701657812277,0.107,0.79355,TRAJECTORY_DEGRADATION
2018-02-01,0,0.02304758057127397,0.02304758057127397,0.0365,0.902725,NONE
2018-03-01,0,0.19330298924855163,0.19921796038773648,0.113,0.84345,TRAJECTORY_DEGRADATION
2018-08-01,0,0.0673618367103336,0.06917455543611047,0.107,0.79355,TRAJECTORY_DEGRADATION
2018-11-01,0,0.2497079482644615,0.2965208911364155,0.2455,0.732075,MIXED
2018-06-01,0,0.13791700145658403,0.14170511491193577,0.109,0.79285,TRAJECTORY_DEGRADATION
2018-03-01,0,0.2238613077689814,0.2304442322055254,0.113,0.84345,TRAJECTORY_DEGRADATION
2018-09-01,0,0.09586077285717144,0.0970372386942111,0.097,0.79705,TRAJECTORY_DEGRADATION
2018-01-01,0,0.20234899766368344,0.20234899766368344,0.039,0.89535,NONE
2018-11-01,0,0.35461444736545045,0.4103383683498079,0.2455,0.732075,MIXED
2018-01-01,0,0.026774526267610343,0.026774526267610343,0.039,0.89535,NONE
2018-10-01,0,0.21661322941412675,0.21661322941412675,0.0805,0.809325,NONE
2018-05-01,1,0.08280381412788146,0.08977810635771315,0.147,0.78605,TRAJECTORY_DEGRADATION
2018-05-01,0,0.10938484188821168,0.11830917935215665,0.147,0.78605,TRAJECTORY_DEGRADATION
2018-02-01,0,0.14826172136409208,0.14826172136409208,0.0365,0.902725,NONE
2018-01-01,0,0.12566335683995128,0.12566335683995128,0.039,0.89535,NONE
2018-10-01,0,0.2040313135257948,0.2040313135257948,0.0805,0.809325,NONE
2018-03-01,1,0.0591987208066045,0.061322105336250064,0.113,0.84345,TRAJECTORY_DEGRADATION
2018-03-01,0,0.13823319784182986,0.14276127555961382,0.113,0.84345,TRAJECTORY_DEGRADATION
2018-01-01,0,0.14043801434641115,0.14043801434641115,0.039,0.89535,NONE
2018-04-01,0,0.31912816038991004,0.33815403854652265,0.1455,0.825575,MIXED
2018-02-01,0,0.19253718691984684,0.19253718691984684,0.0365,0.902725,NONE
2018-04-01,0,0.037099721880605716,0.04030691917469932,0.1455,0.825575,MIXED
2018-02-01,1,0.3249461560892373,0.3249461560892373,0.0365,0.902725,NONE
2018-01-01,0,0.10554266197995903,0.10554266197995903,0.039,0.89535,NONE
2018-08-01,0,0.10195345839432005,0.10459264969956913,0.107,0.79355,TRAJECTORY_DEGRADATION
2018-05-01,0,0.22957092693562683,0.2455968445426085,0.147,0.78605,TRAJECTORY_DEGRADATION
2018-04-01,0,0.021047266386808993,0.022899763225693714,0.1455,0.825575,MIXED
2018-06-01,0,0.058174896369390425,0.059925012079073615,0.109,0.79285,TRAJECTORY_DEGRADATION
2018-03-01,0,0.10144901640774315,0.10491886066943822,0.113,0.84345,TRAJECTORY_DEGRADATION
2018-05-01,1,0.29809779291462657,0.3169395086928617,0.147,0.78605,TRAJECTORY_DEGRADATION
2018-12-01,0,0.040190273677494,0.046892942735780985,0.1955,0.7170749999999999,TRANSITIONAL
2018-01-01,0,0.09764811833951795,0.09764811833951795,0.039,0.89535,NONE
2018-03-01,0,0.5587650409375324,0.5679891331074265,0.113,0.84345,TRAJECTORY_DEGRADATION
2018-08-01,0,0.04998618144527725,0.05135706634208672,0.107,0.79355,TRAJECTORY_DEGRADATION
2018-02-01,0,0.24182401178956345,0.24182401178956345,0.0365,0.902725,NONE
2018-02-01,0,0.017925562362808737,0.017925562362808737,0.0365,0.902725,NONE
2018-06-01,0,0.5047936993662941,0.5126661358190815,0.109,0.79285,TRAJECTORY_DEGRADATION
2018-07-01,0,0.06035016795080188,0.06146550104202275,0.101,0.79565,TRAJECTORY_DEGRADATION
2018-01-01,0,0.21990829173009,0.21990829173009,0.039,0.89535,NONE
2018-10-01,0,0.21139221022861424,0.21139221022861424,0.0805,0.809325,NONE
2018-10-01,0,0.24969172585796415,0.24969172585796415,0.0805,0.809325,NONE
2018-02-01,0,0.02827561487730764,0.02827561487730764,0.0365,0.902725,NONE
2018-07-01,0,0.4073562125005709,0.4120722167872988,0.101,0.79565,TRAJECTORY_DEGRADATION
2018-05-01,0,0.24698230302742522,0.26380748443483126,0.147,0.78605,TRAJECTORY_DEGRADATION
2018-07-01,1,0.4028037939460013,0.4075033336920427,0.101,0.79565,TRAJECTORY_DEGRADATION
2018-04-01,0,0.15455375444221683,0.16616245647530284,0.1455,0.825575,MIXED
2018-07-01,0,0.06922367946535568,0.07049070183238766,0.101,0.79565,TRAJECTORY_DEGRADATION
2018-07-01,0,0.2567649611746478,0.26050389272143304,0.101,0.79565,TRAJECTORY_DEGRADATION
2018-01-01,0,0.19279086109938637,0.19279086109938637,0.039,0.89535,NONE
2018-01-01,0,0.10402244249690576,0.10402244249690576,0.039,0.89535,NONE
2018-01-01,0,0.11841350868185027,0.11841350868185027,0.039,0.89535,NONE
2018-02-01,1,0.07843560195442248,0.07843560195442248,0.0365,0.902725,NONE
2018-05-01,1,0.055179302438503816,0.05997902650870841,0.147,0.78605,TRAJECTORY_DEGRADATION
2018-11-01,0,0.3286865991855694,0.38275253054189406,0.2455,0.732075,MIXED
2018-05-01,0,0.29719239394155306,0.3160026467755184,0.147,0.78605,TRAJECTORY_DEGRADATION
2018-03-01,1,0.1882607492690219,0.19405854637355782,0.113,0.84345,TRAJECTORY_DEGRADATION
2018-06-01,0,0.02075885632031563,0.021408946059481695,0.109,0.79285,TRAJECTORY_DEGRADATION
2018-10-01,0,0.09708921255832657,0.09708921255832657,0.0805,0.809325,NONE
2018-11-01,0,0.31885980141596554,0.37220552759755293,0.2455,0.732075,MIXED
2018-01-01,0,0.21026675446473833,0.21026675446473833,0.039,0.89535,NONE
2018-04-01,1,0.03467807151233618,0.03768411495009318,0.1455,0.825575,MIXED
2018-03-01,0,0.29905671605784506,0.3069762822659232,0.113,0.84345,TRAJECTORY_DEGRADATION
2018-04-01,0,0.31553198276447547,0.3344487766480122,0.1455,0.825575,MIXED
2018-01-01,0,0.0644862481124057,0.0644862481124057,0.039,0.89535,NONE
2018-04-01,0,0.2583253484419307,0.2751913847133319,0.1455,0.825575,MIXED
2018-01-01,0,0.3589918704589515,0.3589918704589515,0.039,0.89535,NONE
2018-07-01,0,0.11715636065082889,0.11918836567826799,0.101,0.79565,TRAJECTORY_DEGRADATION
2018-11-01,0,0.028406222813440046,0.0357059286378806,0.2455,0.732075,MIXED
2018-10-01,1,0.2736415774692829,0.27364157746928286,0.0805,0.809325,NONE
2018-01-01,0,0.30164360887849895,0.30164360887849895,0.039,0.89535,NONE
2018-04-01,0,0.10059904332136209,0.10867608030395948,0.1455,0.825575,MIXED
2018-02-01,0,0.049186342199899466,0.049186342199899466,0.0365,0.902725,NONE
2018-04-01,0,0.27036816984583806,0.2877154637449869,0.1455,0.825575,MIXED
2018-06-01,1,0.17822732844076425,0.18288774427113635,0.109,0.79285,TRAJECTORY_DEGRADATION
2018-10-01,0,0.176652697328822,0.17665269732882202,0.0805,0.809325,NONE
2018-02-01,0,0.16510417087747897,0.165104170877479,0.0365,0.902725,NONE
2018-10-01,0,0.15630812971691155,0.15630812971691155,0.0805,0.809325,NONE
2018-04-01,0,0.5199481721609909,0.5414260843692175,0.1455,0.825575,MIXED
2018-06-01,0,0.215549074539996,0.2209230436845685,0.109,0.79285,TRAJECTORY_DEGRADATION
2018-02-01,0,0.4733250613742277,0.4733250613742277,0.0365,0.902725,NONE
2018-11-01,0,0.14945759317007398,0.1820363393938391,0.2455,0.732075,MIXED
2018-04-01,0,0.12754088420787313,0.13745048407010194,0.1455,0.825575,MIXED
2018-01-01,0,0.08177749047862612,0.08177749047862612,0.039,0.89535,NONE
2018-01-01,0,0.05068071587864822,0.05068071587864822,0.039,0.89535,NONE
2018-08-01,0,0.07324521738331348,0.07520349250986727,0.107,0.79355,TRAJECTORY_DEGRADATION
2018-06-01,0,0.08592137494712511,0.0884278357674973,0.109,0.79285,TRAJECTORY_DEGRADATION
2018-03-01,0,0.13413195629885624,0.1385472890296841,0.113,0.84345,TRAJECTORY_DEGRADATION
2018-05-01,0,0.18602160063446838,0.19979581123841972,0.147,0.78605,TRAJECTORY_DEGRADATION
2018-10-01,0,0.2148043195247646,0.2148043195247646,0.0805,0.809325,NONE
2018-06-01,0,0.12093713631487542,0.1243261296796182,0.109,0.79285,TRAJECTORY_DEGRADATION
2018-03-01,0,0.25975621637465285,0.2670315177083392,0.113,0.84345,TRAJECTORY_DEGRADATION
2018-07-01,0,0.044544743194722125,0.04538208332189128,0.101,0.79565,TRAJECTORY_DEGRADATION
2018-04-01,0,0.17579848306199988,0.18864684353408318,0.1455,0.825575,MIXED
2018-05-01,0,0.016823922611634817,0.018352141302848155,0.147,0.78605,TRAJECTORY_DEGRADATION
2018-08-01,1,0.05657617010123575,0.0581167310384319,0.107,0.79355,TRAJECTORY_DEGRADATION
2018-05-01,0,0.22305392029000912,0.23876588961847417,0.147,0.78605,TRAJECTORY_DEGRADATION
2018-10-01,0,0.2943619551091997,0.2943619551091997,0.0805,0.809325,NONE
2018-05-01,0,0.07213351887861082,0.07828579643797492,0.147,0.78605,TRAJECTORY_DEGRADATION
2018-07-01,0,0.061301330561452094,0.06243307415042415,0.101,0.79565,TRAJECTORY_DEGRADATION
2018-05-01,1,0.49335290597843706,0.5154725726493415,0.147,0.78605,TRAJECTORY_DEGRADATION
2018-09-01,0,0.06577042081111042,0.06660480244652003,0.097,0.79705,TRAJECTORY_DEGRADATION
2018-02-01,0,0.0480811373154013,0.0480811373154013,0.0365,0.902725,NONE
2018-10-01,0,0.12700320870918283,0.12700320870918283,0.0805,0.809325,NONE
2018-09-01,0,0.10904376113532645,0.11036226853336774,0.097,0.79705,TRAJECTORY_DEGRADATION
2018-04-01,0,0.06903767296305865,0.07479138959682419,0.1455,0.825575,MIXED
2018-07-01,0,0.05845895020922199,0.05954154638873651,0.101,0.79565,TRAJECTORY_DEGRADATION
2018-04-01,0,0.07139011798287209,0.07732360734353587,0.1455,0.825575,MIXED
2018-07-01,0,0.03652726692144293,0.03721976760507184,0.101,0.79565,TRAJECTORY_DEGRADATION
2018-03-01,0,0.10435089995903864,0.10790807750195196,0.113,0.84345,TRAJECTORY_DEGRADATION
2018-04-01,0,0.25603115203918314,0.2728024953691054,0.1455,0.825575,MIXED
2018-05-01,0,0.04202274213593584,0.04573344868870805,0.147,0.78605,TRAJECTORY_DEGRADATION
2018-08-01,0,0.1691510433921723,0.17319425453384674,0.107,0.79355,TRAJECTORY_DEGRADATION
2018-08-01,0,0.11362754556688283,0.11652972208275975,0.107,0.79355,TRAJECTORY_DEGRADATION
2018-02-01,0,0.4347616358271247,0.4347616358271247,0.0365,0.902725,NONE
2018-05-01,0,0.16520795944589942,0.1777775981244915,0.147,0.78605,TRAJECTORY_DEGRADATION
2018-04-01,0,0.19359498469503214,0.20741669172817248,0.1455,0.825575,MIXED
2018-07-01,0,0.2038166473242918,0.20699929883954338,0.101,0.79565,TRAJECTORY_DEGRADATION
2018-12-01,0,0.2366849777483652,0.2670403719043124,0.1955,0.7170749999999999,TRANSITIONAL
2018-06-01,0,0.026257777642903306,0.027075311669168777,0.109,0.79285,TRAJECTORY_DEGRADATION
2018-01-01,0,0.048962812621497875,0.048962812621497875,0.039,0.89535,NONE
2018-04-01,1,0.5915763892705284,0.612239561220208,0.1455,0.825575,MIXED
2018-03-01,1,0.21742552637462806,0.2238737875187583,0.113,0.84345,TRAJECTORY_DEGRADATION
2018-10-01,0,0.3309211413633243,0.3309211413633243,0.0805,0.809325,NONE
2018-03-01,1,0.2593269769042715,0.26659458575179407,0.113,0.84345,TRAJECTORY_DEGRADATION
2018-06-01,0,0.0278313373064953,0.028696420174357126,0.109,0.79285,TRAJECTORY_DEGRADATION
2018-05-01,1,0.5410149254182683,0.5628973388295956,0.147,0.78605,TRAJECTORY_DEGRADATION
2018-01-01,0,0.017010801566518952,0.017010801566518952,0.039,0.89535,NONE
2018-03-01,0,0.2695096351763902,0.2769559057877516,0.113,0.84345,TRAJECTORY_DEGRADATION
2018-10-01,0,0.2510433749264485,0.2510433749264485,0.0805,0.809325,NONE
2018-06-01,0,0.15497045019527042,0.1591404974679721,0.109,0.79285,TRAJECTORY_DEGRADATION
2018-01-01,0,0.16749636381347743,0.16749636381347743,0.039,0.89535,NONE
2018-05-01,0,0.08785024581418027,0.09520546251561265,0.147,0.78605,TRAJECTORY_DEGRADATION
2018-04-01,0,0.05900552530826155,0.0639806066676383,0.1455,0.825575,MIXED
2018-05-01,1,0.1701513494324362,0.1830146433114889,0.147,0.78605,TRAJECTORY_DEGRADATION
2018-06-01,0,0.048768207739066934,0.0502504341454199,0.109,0.79285,TRAJECTORY_DEGRADATION
2018-08-01,0,0.27300541767552966,0.2786983555208623,0.107,0.79355,TRAJECTORY_DEGRADATION
2018-01-01,0,0.0728257840997645,0.0728257840997645,0.039,0.89535,NONE
2018-02-01,0,0.016987163116066357,0.016987163116066357,0.0365,0.902725,NONE
2018-05-01,0,0.6843458725470737,0.7031443832655748,0.147,0.78605,TRAJECTORY_DEGRADATION
2018-06-01,0,0.14611945614270538,0.150093638345767,0.109,0.79285,TRAJECTORY_DEGRADATION
2018-03-01,0,0.09067743801893578,0.09381733015698257,0.113,0.84345,TRAJECTORY_DEGRADATION
2018-05-01,0,0.06580595080174653,0.07146011289131209,0.147,0.78605,TRAJECTORY_DEGRADATION
2018-02-01,0,0.3046281404006955,0.3046281404006955,0.0365,0.902725,NONE
2018-03-01,0,0.03504882929491119,0.03633944615478881,0.113,0.84345,TRAJECTORY_DEGRADATION
2018-07-01,0,0.068856916446029,0.07011773154183334,0.101,0.79565,TRAJECTORY_DEGRADATION
2018-03-01,0,0.18482429264829248,0.19054110044191155,0.113,0.84345,TRAJECTORY_DEGRADATION
2018-07-01,0,0.023569243406160366,0.024022205064248184,0.101,0.79565,TRAJECTORY_DEGRADATION
2018-01-01,0,0.11045033920996176,0.11045033920996176,0.039,0.89535,NONE
2018-05-01,0,0.35004820552124066,0.37044054843658664,0.147,0.78605,TRAJECTORY_DEGRADATION
2018-08-01,0,0.019468810870454243,0.020020386058828995,0.107,0.79355,TRAJECTORY_DEGRADATION
2018-02-01,0,0.0674146681861156,0.0674146681861156,0.0365,0.902725,NONE
2018-08-01,0,0.07248198639155862,0.0744214945097837,0.107,0.79355,TRAJECTORY_DEGRADATION
2018-03-01,0,0.11123999713914336,0.11500186089380345,0.113,0.84345,TRAJECTORY_DEGRADATION
2018-05-01,0,0.10996107816855794,0.11892615100298132,0.147,0.78605,TRAJECTORY_DEGRADATION
2018-02-01,0,0.2235815173217998,0.2235815173217998,0.0365,0.902725,NONE
2018-02-01,0,0.01692539053705159,0.01692539053705159,0.0365,0.902725,NONE
2018-01-01,1,0.15070646301868945,0.15070646301868942,0.039,0.89535,NONE
2018-07-01,1,0.36974076865417693,0.374296330063987,0.101,0.79565,TRAJECTORY_DEGRADATION
2018-10-01,0,0.08503364678381552,0.08503364678381552,0.0805,0.809325,NONE
2018-09-01,0,0.31214627889903473,0.31505220248382104,0.097,0.79705,TRAJECTORY_DEGRADATION
2018-04-01,0,0.12429716755976007,0.1339934458228548,0.1455,0.825575,MIXED
2018-09-01,0,0.22870780055362544,0.2310979252773392,0.097,0.79705,TRAJECTORY_DEGRADATION
2018-04-01,0,0.11855822273711139,0.1278721850719128,0.1455,0.825575,MIXED
2018-04-01,0,0.17484186388186415,0.1876362259132627,0.1455,0.825575,MIXED
2018-04-01,0,0.12672270028248026,0.13657868100898163,0.1455,0.825575,MIXED
2018-09-01,0,0.13186834431578648,0.133421507236225,0.097,0.79705,TRAJECTORY_DEGRADATION
2018-07-01,0,0.18020674003460696,0.18310550406415588,0.101,0.79565,TRAJECTORY_DEGRADATION
2018-02-01,0,0.07120962087340373,0.07120962087340373,0.0365,0.902725,NONE
2018-02-01,0,0.17864695964351196,0.17864695964351196,0.0365,0.902725,NONE
2018-01-01,0,0.05362579571298272,0.05362579571298272,0.039,0.89535,NONE
2018-05-01,1,0.028196582544379206,0.030725564638781868,0.147,0.78605,TRAJECTORY_DEGRADATION
2018-02-01,0,0.35622708589134233,0.35622708589134233,0.0365,0.902725,NONE
2018-03-01,0,0.14040372728814657,0.14499094221302847,0.113,0.84345,TRAJECTORY_DEGRADATION
2018-06-01,0,0.10581356715182715,0.10883122477271336,0.109,0.79285,TRAJECTORY_DEGRADATION
2018-07-01,0,0.34782815585713767,0.3522646325927541,0.101,0.79565,TRAJECTORY_DEGRADATION
2018-06-01,0,0.0955237014799351,0.0982801597066814,0.109,0.79285,TRAJECTORY_DEGRADATION
2018-04-01,1,0.21085577115813262,0.2255651069997382,0.1455,0.825575,MIXED
2018-03-01,0,0.13617737384232015,0.1406491002722453,0.113,0.84345,TRAJECTORY_DEGRADATION
2018-02-01,1,0.09281397042726304,0.09281397042726304,0.0365,0.902725,NONE
2018-01-01,0,0.023314944212696757,0.023314944212696757,0.039,0.89535,NONE
2018-09-01,0,0.2758518719331897,0.2785567436193006,0.097,0.79705,TRAJECTORY_DEGRADATION
2018-02-01,0,0.2548757409552997,0.25487574095529975,0.0365,0.902725,NONE
2018-10-01,0,0.05854294620440345,0.05854294620440345,0.0805,0.809325,NONE
2018-08-01,0,0.06050311410742611,0.06214356164912443,0.107,0.79355,TRAJECTORY_DEGRADATION
2018-07-01,0,0.4210074770344939,0.42576798258729537,0.101,0.79565,TRAJECTORY_DEGRADATION
2018-09-01,1,0.08139548726016937,0.08241060698383589,0.097,0.79705,TRAJECTORY_DEGRADATION
2018-02-01,0,0.2699657636525224,0.2699657636525224,0.0365,0.902725,NONE
2018-10-01,0,0.16318767140634655,0.16318767140634655,0.0805,0.809325,NONE
2018-10-01,0,0.17952936276376022,0.17952936276376022,0.0805,0.809325,NONE
2018-05-01,0,0.01924496184952553,0.020988403480694223,0.147,0.78605,TRAJECTORY_DEGRADATION
2018-06-01,0,0.07275038247327806,0.0749041096075667,0.109,0.79285,TRAJECTORY_DEGRADATION
2018-04-01,0,0.20962114230796006,0.22426882712887755,0.1455,0.825575,MIXED
2018-03-01,0,0.3915989048387962,0.40056866124456153,0.113,0.84345,TRAJECTORY_DEGRADATION
2018-03-01,0,0.10287627208560567,0.10638915266552289,0.113,0.84345,TRAJECTORY_DEGRADATION
2018-05-01,0,0.13820849934449345,0.14909079435639733,0.147,0.78605,TRAJECTORY_DEGRADATION
2018-04-01,1,0.07086723392221182,0.07676085690295502,0.1455,0.825575,MIXED
2018-02-01,0,0.13329013519963706,0.13329013519963706,0.0365,0.902725,NONE
2018-03-01,1,0.0405121220461579,0.04199516056549135,0.113,0.84345,TRAJECTORY_DEGRADATION
2018-08-01,0,0.03350412430386102,0.03443937076765643,0.107,0.79355,TRAJECTORY_DEGRADATION
2018-04-01,1,0.29924360759200724,0.31763704844648327,0.1455,0.825575,MIXED
2018-08-01,0,0.16108936380241626,0.16497814014199066,0.107,0.79355,TRAJECTORY_DEGRADATION
2018-01-01,0,0.07404567704585789,0.07404567704585789,0.039,0.89535,NONE
2018-05-01,0,0.5569820945781301,0.5786960663870898,0.147,0.78605,TRAJECTORY_DEGRADATION
2018-12-01,0,0.09932910359034856,0.11471576421636494,0.1955,0.7170749999999999,TRANSITIONAL
2018-07-01,1,0.5304047500193205,0.5352586915927959,0.101,0.79565,TRAJECTORY_DEGRADATION
2018-07-01,0,0.20590167772244747,0.20910833648309746,0.101,0.79565,TRAJECTORY_DEGRADATION
2018-05-01,0,0.22955029393943932,0.24557523030915443,0.147,0.78605,TRAJECTORY_DEGRADATION
2018-05-01,1,0.1851454400088128,0.19887062473134864,0.147,0.78605,TRAJECTORY_DEGRADATION
2018-01-01,0,0.10616384985182149,0.10616384985182149,0.039,0.89535,NONE
2018-04-01,0,0.12954269073885472,0.13958294207542352,0.1455,0.825575,MIXED
2018-10-01,0,0.1300983184733234,0.1300983184733234,0.0805,0.809325,NONE
2018-06-01,1,0.3058972493230968,0.31262604423818297,0.109,0.79285,TRAJECTORY_DEGRADATION
2018-03-01,0,0.3874316424361615,0.3963681326244463,0.113,0.84345,TRAJECTORY_DEGRADATION
2018-09-01,0,0.14780457916110284,0.14951311488678237,0.097,0.79705,TRAJECTORY_DEGRADATION
2018-01-01,0,0.3495094006456636,0.3495094006456636,0.039,0.89535,NONE
2018-01-01,0,0.26982971336266565,0.26982971336266565,0.039,0.89535,NONE
2018-02-01,1,0.08094646331442494,0.08094646331442494,0.0365,0.902725,NONE
2018-12-01,0,0.07681990878386821,0.08906456263829894,0.1955,0.7170749999999999,TRANSITIONAL
2018-04-01,0,0.16223505887168568,0.17430176473025225,0.1455,0.825575,MIXED
2018-06-01,1,0.17408782623300323,0.17866353268851157,0.109,0.79285,TRAJECTORY_DEGRADATION
2018-05-01,0,0.0677048303890204,0.07350930927737183,0.147,0.78605,TRAJECTORY_DEGRADATION
2018-01-01,0,0.07102978068615955,0.07102978068615955,0.039,0.89535,NONE
2018-04-01,1,0.19594828495266656,0.20989427448314182,0.1455,0.825575,MIXED
2018-10-01,0,0.2382229911707769,0.2382229911707769,0.0805,0.809325,NONE
2018-07-01,0,0.13601596569372892,0.1383238276938003,0.101,0.79565,TRAJECTORY_DEGRADATION
2018-04-01,0,0.1228210498427111,0.1324195903375779,0.1455,0.825575,MIXED
2018-04-01,0,0.2543356360631124,0.2710363766932959,0.1455,0.825575,MIXED
2018-07-01,0,0.20565558022318736,0.20885941437070074,0.101,0.79565,TRAJECTORY_DEGRADATION
2018-05-01,0,0.2614180910946938,0.27886249930999923,0.147,0.78605,TRAJECTORY_DEGRADATION
2018-10-01,0,0.14314293623412086,0.14314293623412086,0.0805,0.809325,NONE
2018-06-01,0,0.09966799027519434,0.10253048078684933,0.109,0.79285,TRAJECTORY_DEGRADATION
2018-09-01,0,0.2373545951453893,0.239806988164175,0.097,0.79705,TRAJECTORY_DEGRADATION
2018-01-01,0,0.05602306244902544,0.05602306244902544,0.039,0.89535,NONE
2018-05-01,0,0.30608015917311837,0.32519265917518997,0.147,0.78605,TRAJECTORY_DEGRADATION
2018-08-01,0,0.386017528214924,0.39279381019616827,0.107,0.79355,TRAJECTORY_DEGRADATION
2018-02-01,0,0.2006827481262506,0.20068274812625053,0.0365,0.902725,NONE
2018-06-01,0,0.41315673702322,0.420814486890824,0.109,0.79285,TRAJECTORY_DEGRADATION
2018-05-01,0,0.08487579121219083,0.09200709296197496,0.147,0.78605,TRAJECTORY_DEGRADATION
2018-10-01,0,0.2792410330425163,0.2792410330425163,0.0805,0.809325,NONE
2018-04-01,0,0.028024750597150663,0.030472261608893887,0.1455,0.825575,MIXED
2018-06-01,0,0.04681481293146091,0.048240680127597454,0.109,0.79285,TRAJECTORY_DEGRADATION
2018-10-01,0,0.17996598888197668,0.17996598888197668,0.0805,0.809325,NONE
2018-01-01,0,0.30922652332384093,0.30922652332384093,0.039,0.89535,NONE
2018-05-01,0,0.01918230029827728,0.02092018637424541,0.147,0.78605,TRAJECTORY_DEGRADATION
2018-05-01,0,0.08937190747845536,0.09684099869787852,0.147,0.78605,TRAJECTORY_DEGRADATION
2018-05-01,0,0.346734332030972,0.3670426436539673,0.147,0.78605,TRAJECTORY_DEGRADATION
2018-12-01,0,0.40111500092206614,0.4403919702462833,0.1955,0.7170749999999999,TRANSITIONAL
2018-01-01,0,0.29834985773379097,0.29834985773379097,0.039,0.89535,NONE
2018-04-01,1,0.02690712572783708,0.029259968501146785,0.1455,0.825575,MIXED
2018-05-01,0,0.07890533325928346,0.08558190761892122,0.147,0.78605,TRAJECTORY_DEGRADATION
2018-03-01,0,0.061697671262278236,0.06390460156802412,0.113,0.84345,TRAJECTORY_DEGRADATION
2018-03-01,1,0.27116016176467006,0.2786346403789894,0.113,0.84345,TRAJECTORY_DEGRADATION
2018-01-01,0,0.2928731785840534,0.2928731785840534,0.039,0.89535,NONE
2018-08-01,0,0.24607992589355246,0.2514055565137037,0.107,0.79355,TRAJECTORY_DEGRADATION
2018-03-01,0,0.09152413471913647,0.09469029243734764,0.113,0.84345,TRAJECTORY_DEGRADATION
2018-01-01,0,0.2659697532424763,0.2659697532424763,0.039,0.89535,NONE
2018-05-01,1,0.046623828204825184,0.050719310922856024,0.147,0.78605,TRAJECTORY_DEGRADATION
2018-04-01,0,0.06685949750113333,0.07244580785888913,0.1455,0.825575,MIXED
2018-02-01,0,0.1353012940277087,0.13530129402770874,0.0365,0.902725,NONE
2018-05-01,0,0.18844341146306362,0.20235236830208747,0.147,0.78605,TRAJECTORY_DEGRADATION
2018-09-01,0,0.28043447731805293,0.2831667127827765,0.097,0.79705,TRAJECTORY_DEGRADATION
2018-03-01,0,0.017565566747677435,0.018224549534942222,0.113,0.84345,TRAJECTORY_DEGRADATION
2018-08-01,0,0.20378511255815362,0.20844848276450562,0.107,0.79355,TRAJECTORY_DEGRADATION
2018-08-01,0,0.1433052470785698,0.14683985224129675,0.107,0.79355,TRAJECTORY_DEGRADATION
2018-05-01,1,0.36632216286864955,0.3870979177676932,0.147,0.78605,TRAJECTORY_DEGRADATION
2018-01-01,0,0.02815978533046793,0.02815978533046793,0.039,0.89535,NONE
2018-03-01,0,0.2990585373697616,0.3069781306864401,0.113,0.84345,TRAJECTORY_DEGRADATION
2018-05-01,0,0.12983808758370774,0.14016850759385194,0.147,0.78605,TRAJECTORY_DEGRADATION
2018-01-01,0,0.15874969521789944,0.15874969521789944,0.039,0.89535,NONE
2018-06-01,1,0.3708949497166711,0.37827430438168524,0.109,0.79285,TRAJECTORY_DEGRADATION
2018-06-01,0,0.03483751751887637,0.03591232919609467,0.109,0.79285,TRAJECTORY_DEGRADATION
2018-03-01,1,0.22923977719104224,0.2359327841905755,0.113,0.84345,TRAJECTORY_DEGRADATION
2018-01-01,0,0.23450554755906308,0.23450554755906308,0.039,0.89535,NONE
2018-10-01,0,0.32022729570237607,0.32022729570237607,0.0805,0.809325,NONE
2018-06-01,0,0.13886369728967848,0.14267350989485186,0.109,0.79285,TRAJECTORY_DEGRADATION
2018-03-01,0,0.24568706601862955,0.2527028363553719,0.113,0.84345,TRAJECTORY_DEGRADATION
2018-04-01,0,0.09669359473215756,0.10449349607884144,0.1455,0.825575,MIXED
2018-07-01,0,0.0919085344152197,0.09354903360623336,0.101,0.79565,TRAJECTORY_DEGRADATION
2018-05-01,0,0.061157987854316656,0.06644119198006669,0.147,0.78605,TRAJECTORY_DEGRADATION
2018-05-01,0,0.13789024969703587,0.14875181156453612,0.147,0.78605,TRAJECTORY_DEGRADATION
2018-04-01,0,0.22040312966435052,0.23557966536006786,0.1455,0.825575,MIXED
2018-02-01,1,0.11254435706343234,0.11254435706343231,0.0365,0.902725,NONE
2018-09-01,0,0.1629569432388378,0.16480675865683372,0.097,0.79705,TRAJECTORY_DEGRADATION
2018-04-01,0,0.11740083217192931,0.12663693282443902,0.1455,0.825575,MIXED
2018-07-01,0,0.05940815054704268,0.06050719524172516,0.101,0.79565,TRAJECTORY_DEGRADATION
2018-02-01,1,0.22980076027029195,0.22980076027029195,0.0365,0.902725,NONE
2018-04-01,1,0.26597488255464335,0.28314968558763837,0.1455,0.825575,MIXED
2018-05-01,0,0.02858378867811033,0.03114638664535064,0.147,0.78605,TRAJECTORY_DEGRADATION
2018-05-01,0,0.06876547033358262,0.07465359883761068,0.147,0.78605,TRAJECTORY_DEGRADATION
2018-02-01,1,0.224530502215431,0.224530502215431,0.0365,0.902725,NONE
2018-10-01,0,0.3215774387085104,0.3215774387085104,0.0805,0.809325,NONE
2018-07-01,0,0.37280358186918117,0.377374284776882,0.101,0.79565,TRAJECTORY_DEGRADATION
2018-07-01,0,0.18380698618400526,0.18675047031200753,0.101,0.79565,TRAJECTORY_DEGRADATION
2018-01-01,0,0.17480430777166475,0.17480430777166478,0.039,0.89535,NONE
2018-02-01,0,0.0855409208570927,0.0855409208570927,0.0365,0.902725,NONE
2018-08-01,0,0.049597272526987694,0.050958063601940426,0.107,0.79355,TRAJECTORY_DEGRADATION
2018-01-01,0,0.033945730649482204,0.033945730649482204,0.039,0.89535,NONE
2018-04-01,1,0.39118448734376615,0.4119073632034948,0.1455,0.825575,MIXED
2018-01-01,0,0.11332028159247413,0.11332028159247413,0.039,0.89535,NONE
2018-01-01,1,0.17346926381471567,0.17346926381471567,0.039,0.89535,NONE
2018-05-01,0,0.20808077719692356,0.2230408149011681,0.147,0.78605,TRAJECTORY_DEGRADATION
2018-08-01,0,0.015808809380686004,0.016258411602963437,0.107,0.79355,TRAJECTORY_DEGRADATION
2018-01-01,1,0.410862502374345,0.410862502374345,0.039,0.89535,NONE
2018-06-01,1,0.38194206770905875,0.3894051678020172,0.109,0.79285,TRAJECTORY_DEGRADATION
2018-01-01,0,0.28901171358429156,0.28901171358429156,0.039,0.89535,NONE
2018-04-01,0,0.3234932226082702,0.3426483739304541,0.1455,0.825575,MIXED
2018-06-01,0,0.02606926735811392,0.026881094156593177,0.109,0.79285,TRAJECTORY_DEGRADATION
2018-10-01,0,0.3432155246109718,0.3432155246109718,0.0805,0.809325,NONE
2018-05-01,0,0.10796162333704265,0.11678507130192574,0.147,0.78605,TRAJECTORY_DEGRADATION
2018-04-01,0,0.21757312176276206,0.23261293274402609,0.1455,0.825575,MIXED
2018-02-01,0,0.3067019002541984,0.3067019002541984,0.0365,0.902725,NONE
2018-09-01,1,0.13535191357609525,0.13693963435018658,0.097,0.79705,TRAJECTORY_DEGRADATION
2018-02-01,0,0.15543026095035994,0.15543026095035994,0.0365,0.902725,NONE
2018-09-01,0,0.039002265991856085,0.039511421678650134,0.097,0.79705,TRAJECTORY_DEGRADATION
2018-01-01,0,0.33157908638873324,0.33157908638873324,0.039,0.89535,NONE
2018-06-01,0,0.304690749722209,0.3114049120492298,0.109,0.79285,TRAJECTORY_DEGRADATION
2018-06-01,0,0.5008579635156573,0.508732076443917,0.109,0.79285,TRAJECTORY_DEGRADATION
2018-01-01,0,0.13655006768789404,0.13655006768789404,0.039,0.89535,NONE
2018-08-01,0,0.04359746126577011,0.044801396525262244,0.107,0.79355,TRAJECTORY_DEGRADATION
2018-02-01,0,0.12754141669902472,0.12754141669902472,0.0365,0.902725,NONE
2018-02-01,1,0.0593661837572369,0.0593661837572369,0.0365,0.902725,NONE
2018-03-01,0,0.1477166608041233,0.15250041341887788,0.113,0.84345,TRAJECTORY_DEGRADATION
2018-06-01,0,0.06974297986695407,0.07181457028293907,0.109,0.79285,TRAJECTORY_DEGRADATION
2018-12-01,0,0.10305893660831522,0.11894706667156582,0.1955,0.7170749999999999,TRANSITIONAL
2018-03-01,0,0.07398778485704882,0.0765984451419653,0.113,0.84345,TRAJECTORY_DEGRADATION
2018-09-01,0,0.03414085881758832,0.03458883540056515,0.097,0.79705,TRAJECTORY_DEGRADATION
2018-08-01,0,0.08237288288056525,0.08455292939187169,0.107,0.79355,TRAJECTORY_DEGRADATION
2018-08-01,1,0.31745606400391174,0.3236632515430565,0.107,0.79355,TRAJECTORY_DEGRADATION
2018-07-01,0,0.11983150182332715,0.12190349877613527,0.101,0.79565,TRAJECTORY_DEGRADATION
2018-11-01,0,0.27276478827187034,0.3220448922428464,0.2455,0.732075,MIXED
2018-06-01,0,0.24817392534579014,0.2540978111591956,0.109,0.79285,TRAJECTORY_DEGRADATION
2018-04-01,0,0.02462846327353988,0.026787537807957586,0.1455,0.825575,MIXED
2018-05-01,0,0.3806749298786159,0.4017486161277677,0.147,0.78605,TRAJECTORY_DEGRADATION
2018-02-01,0,0.08294405927977641,0.08294405927977641,0.0365,0.902725,NONE
2018-04-01,1,0.36992098390368283,0.3902394514183262,0.1455,0.825575,MIXED
2018-01-01,0,0.015450221543634955,0.015450221543634955,0.039,0.89535,NONE
2018-09-01,0,0.04755581941204901,0.04817104039256964,0.097,0.79705,TRAJECTORY_DEGRADATION
2018-07-01,0,0.4824724864892274,0.4873430061658198,0.101,0.79565,TRAJECTORY_DEGRADATION
2018-11-01,0,0.09080122052374315,0.11228195403887024,0.2455,0.732075,MIXED
2018-02-01,0,0.24298207455825574,0.24298207455825574,0.0365,0.902725,NONE
2018-06-01,0,0.022168252248026682,0.022861448569888306,0.109,0.79285,TRAJECTORY_DEGRADATION
2018-05-01,1,0.3303528941821565,0.3502161107075353,0.147,0.78605,TRAJECTORY_DEGRADATION
2018-07-01,0,0.18863655328525963,0.1916392187631882,0.101,0.79565,TRAJECTORY_DEGRADATION
2018-09-01,0,0.04275108430678278,0.04330697358393916,0.097,0.79705,TRAJECTORY_DEGRADATION
2018-02-01,0,0.0517442213615196,0.0517442213615196,0.0365,0.902725,NONE
2018-02-01,0,0.11665196100091478,0.11665196100091478,0.0365,0.902725,NONE
2018-01-01,0,0.06005009338202525,0.06005009338202525,0.039,0.89535,NONE
2018-03-01,1,0.08851414189466904,0.09158667023646502,0.113,0.84345,TRAJECTORY_DEGRADATION
2018-06-01,0,0.039814495228323143,0.04103632869395644,0.109,0.79285,TRAJECTORY_DEGRADATION
2018-02-01,0,0.08983699079175726,0.08983699079175726,0.0365,0.902725,NONE
2018-05-01,1,0.5849755901612906,0.6062873649543233,0.147,0.78605,TRAJECTORY_DEGRADATION
2018-04-01,0,0.04762988579429901,0.05169851983044716,0.1455,0.825575,MIXED
2018-01-01,0,0.10158512940701081,0.10158512940701081,0.039,0.89535,NONE
2018-08-01,0,0.3988088193617643,0.4056612875393306,0.107,0.79355,TRAJECTORY_DEGRADATION
2018-11-01,0,0.043096411178951764,0.05396147547904702,0.2455,0.732075,MIXED
2018-01-01,0,0.12730328439629018,0.12730328439629018,0.039,0.89535,NONE
2018-05-01,0,0.09699250650163244,0.105025022464445,0.147,0.78605,TRAJECTORY_DEGRADATION
2018-03-01,1,0.365791727403166,0.37453425764121306,0.113,0.84345,TRAJECTORY_DEGRADATION
2018-05-01,0,0.30990747409194835,0.3291456035187538,0.147,0.78605,TRAJECTORY_DEGRADATION
2018-07-01,0,0.11697121391313796,0.11900044053658927,0.101,0.79565,TRAJECTORY_DEGRADATION
2018-05-01,0,0.1279462622638563,0.13815005858942056,0.147,0.78605,TRAJECTORY_DEGRADATION
2018-03-01,1,0.561773803801813,0.5709832905455028,0.113,0.84345,TRAJECTORY_DEGRADATION
2018-01-01,0,0.36286411172444427,0.36286411172444427,0.039,0.89535,NONE
2018-04-01,1,0.06278413133585141,0.06805476632339684,0.1455,0.825575,MIXED
2018-02-01,0,0.10650496721443602,0.10650496721443602,0.0365,0.902725,NONE
2018-04-01,1,0.0969831590059399,0.10480370833776884,0.1455,0.825575,MIXED
2018-03-01,0,0.5725329929457037,0.5816847390530354,0.113,0.84345,TRAJECTORY_DEGRADATION
2018-11-01,0,0.04454530436260167,0.055754366801410486,0.2455,0.732075,MIXED
2018-11-01,0,0.04244284497256579,0.053152290661983806,0.2455,0.732075,MIXED
2018-05-01,1,0.500607703871328,0.5227170534947055,0.147,0.78605,TRAJECTORY_DEGRADATION
2018-05-01,0,0.1698367354403079,0.1826814806647971,0.147,0.78605,TRAJECTORY_DEGRADATION
2018-05-01,0,0.07530954477172486,0.08170885172018054,0.147,0.78605,TRAJECTORY_DEGRADATION
2018-05-01,1,0.20507809305482344,0.2198821921573107,0.147,0.78605,TRAJECTORY_DEGRADATION
2018-01-01,0,0.0786755606350384,0.0786755606350384,0.039,0.89535,NONE
2018-03-01,0,0.17418917215659097,0.1796495202239536,0.113,0.84345,TRAJECTORY_DEGRADATION
2018-03-01,0,0.3360835213038388,0.3445017073492353,0.113,0.84345,TRAJECTORY_DEGRADATION
2018-04-01,0,0.04538203651535235,0.0492685885188386,0.1455,0.825575,MIXED
2018-09-01,0,0.17318814286527773,0.17512979902138548,0.097,0.79705,TRAJECTORY_DEGRADATION
2018-01-01,0,0.08602776770267945,0.08602776770267945,0.039,0.89535,NONE
2018-02-01,0,0.04224885560118758,0.04224885560118758,0.0365,0.902725,NONE
2018-01-01,1,0.21370513382426803,0.21370513382426803,0.039,0.89535,NONE
2018-12-01,0,0.14864925455055905,0.17023189621270904,0.1955,0.7170749999999999,TRANSITIONAL
2018-04-01,0,0.10908624844319978,0.11775550039636966,0.1455,0.825575,MIXED
2018-01-01,0,0.10095023844547563,0.10095023844547563,0.039,0.89535,NONE
2018-07-01,0,0.05088763010915153,0.05183773325755793,0.101,0.79565,TRAJECTORY_DEGRADATION
2018-09-01,0,0.1930580585140214,0.19516989700146226,0.097,0.79705,TRAJECTORY_DEGRADATION
2018-04-01,0,0.3534740668381543,0.3734245576865659,0.1455,0.825575,MIXED
2018-10-01,0,0.39436216604410185,0.39436216604410185,0.0805,0.809325,NONE
2018-03-01,0,0.0451706698034231,0.04681592414176059,0.113,0.84345,TRAJECTORY_DEGRADATION
2018-10-01,0,0.07191224722172879,0.07191224722172879,0.0805,0.809325,NONE
2018-03-01,0,0.055485508371504795,0.05748384251794043,0.113,0.84345,TRAJECTORY_DEGRADATION
2018-05-01,0,0.22935966666369348,0.24537553360609135,0.147,0.78605,TRAJECTORY_DEGRADATION
2018-04-01,1,0.15031830266184548,0.1616697092839186,0.1455,0.825575,MIXED
2018-07-01,0,0.12752729565106846,0.12971274947495393,0.101,0.79565,TRAJECTORY_DEGRADATION
2018-08-01,0,0.053884282986000814,0.05535584512084225,0.107,0.79355,TRAJECTORY_DEGRADATION
2018-01-01,0,0.04814554437569731,0.04814554437569731,0.039,0.89535,NONE
2018-09-01,0,0.09128769933203709,0.09241377794552806,0.097,0.79705,TRAJECTORY_DEGRADATION
2018-01-01,0,0.05530685237030451,0.05530685237030451,0.039,0.89535,NONE
2018-01-01,0,0.1383505039374049,0.1383505039374049,0.039,0.89535,NONE
2018-04-01,0,0.16277502921559092,0.17487351362909487,0.1455,0.825575,MIXED
2018-10-01,0,0.0388336511529551,0.0388336511529551,0.0805,0.809325,NONE
2018-04-01,1,0.6365926036556648,0.6563014819308588,0.1455,0.825575,MIXED
2018-02-01,0,0.20699897291489122,0.20699897291489122,0.0365,0.902725,NONE
2018-04-01,0,0.21184059310025644,0.2265989030373348,0.1455,0.825575,MIXED
2018-05-01,0,0.09046210541538288,0.09801250143720375,0.147,0.78605,TRAJECTORY_DEGRADATION
2018-03-01,1,0.10897146302081333,0.11266633568507647,0.113,0.84345,TRAJECTORY_DEGRADATION
2018-03-01,1,0.4585458786643164,0.4678698387532445,0.113,0.84345,TRAJECTORY_DEGRADATION
2018-06-01,1,0.28868408430964115,0.2951952732257668,0.109,0.79285,TRAJECTORY_DEGRADATION
2018-06-01,0,0.1327752761923782,0.1364445160888288,0.109,0.79285,TRAJECTORY_DEGRADATION
2018-05-01,0,0.1904782891998198,0.2044995933239165,0.147,0.78605,TRAJECTORY_DEGRADATION
2018-03-01,0,0.35187145092143607,0.360470381258743,0.113,0.84345,TRAJECTORY_DEGRADATION
2018-02-01,0,0.1050117647936058,0.1050117647936058,0.0365,0.902725,NONE
2018-02-01,0,0.06679571646661925,0.06679571646661925,0.0365,0.902725,NONE
2018-10-01,0,0.2785448774318844,0.2785448774318844,0.0805,0.809325,NONE
2018-04-01,0,0.19708298278596176,0.2110885291832476,0.1455,0.825575,MIXED
2018-07-01,0,0.360093410240834,0.3645988690205587,0.101,0.79565,TRAJECTORY_DEGRADATION
2018-02-01,0,0.0833086280343175,0.0833086280343175,0.0365,0.902725,NONE
2018-01-01,0,0.3876806070227231,0.3876806070227231,0.039,0.89535,NONE
2018-09-01,0,0.6171991736187817,0.6203836555777715,0.097,0.79705,TRAJECTORY_DEGRADATION
2018-01-01,0,0.08205744609312367,0.08205744609312367,0.039,0.89535,NONE
2018-01-01,0,0.04551110999197058,0.04551110999197058,0.039,0.89535,NONE
2018-06-01,0,0.07110605213084971,0.07321494363167028,0.109,0.79285,TRAJECTORY_DEGRADATION
2018-02-01,0,0.03210442861845668,0.03210442861845668,0.0365,0.902725,NONE
2018-06-01,0,0.27269763355690835,0.2789896739335406,0.109,0.79285,TRAJECTORY_DEGRADATION
2018-03-01,0,0.10464493279488335,0.10821092252568999,0.113,0.84345,TRAJECTORY_DEGRADATION
2018-07-01,0,0.4452003872117203,0.4500218281361922,0.101,0.79565,TRAJECTORY_DEGRADATION
2018-02-01,0,0.378311242299276,0.378311242299276,0.0365,0.902725,NONE
2018-07-01,1,0.5321188441726646,0.5369705351439645,0.101,0.79565,TRAJECTORY_DEGRADATION
2018-08-01,0,0.20994436423909948,0.21471067297585933,0.107,0.79355,TRAJECTORY_DEGRADATION
2018-06-01,0,0.07654117752810734,0.07879759186716911,0.109,0.79285,TRAJECTORY_DEGRADATION
2018-01-01,0,0.3489719247964164,0.3489719247964165,0.039,0.89535,NONE
2018-04-01,0,0.12005128970526072,0.12946531945899847,0.1455,0.825575,MIXED
2018-01-01,0,0.07089273858272889,0.07089273858272889,0.039,0.89535,NONE
2018-03-01,0,0.08962692498182377,0.09273415065184104,0.113,0.84345,TRAJECTORY_DEGRADATION
2018-03-01,0,0.39513452614291866,0.4041314731442755,0.113,0.84345,TRAJECTORY_DEGRADATION
2018-04-01,1,0.43775873886912675,0.45908839164386883,0.1455,0.825575,MIXED
2018-03-01,0,0.16447746068480343,0.16969593192200016,0.113,0.84345,TRAJECTORY_DEGRADATION
2018-03-01,0,0.16941983909900427,0.1747623208805546,0.113,0.84345,TRAJECTORY_DEGRADATION
2018-03-01,0,0.11300183356893885,0.11681544719632617,0.113,0.84345,TRAJECTORY_DEGRADATION
2018-05-01,1,0.16602601028548916,0.1786445699590072,0.147,0.78605,TRAJECTORY_DEGRADATION
2018-06-01,0,0.2603227881760069,0.2664338980007003,0.109,0.79285,TRAJECTORY_DEGRADATION
2018-03-01,0,0.09119764010632389,0.09435367622546327,0.113,0.84345,TRAJECTORY_DEGRADATION
2018-02-01,0,0.05805483058566308,0.05805483058566308,0.0365,0.902725,NONE
2018-04-01,0,0.11341933720133929,0.1223856417137004,0.1455,0.825575,MIXED
2018-03-01,0,0.025917819819122032,0.02688156873069683,0.113,0.84345,TRAJECTORY_DEGRADATION
2018-06-01,0,0.0804773280135216,0.08283936992687176,0.109,0.79285,TRAJECTORY_DEGRADATION
2018-03-01,0,0.14956523459283635,0.15439800752209779,0.113,0.84345,TRAJECTORY_DEGRADATION
2018-05-01,0,0.34800880679700746,0.3683496747324563,0.147,0.78605,TRAJECTORY_DEGRADATION
2018-07-01,0,0.08106045493469582,0.08252492054238651,0.101,0.79565,TRAJECTORY_DEGRADATION
2018-03-01,0,0.2034292221856279,0.20957355225738955,0.113,0.84345,TRAJECTORY_DEGRADATION
2018-01-01,0,0.1459617748311744,0.1459617748311744,0.039,0.89535,NONE
2018-04-01,0,0.15857433891786496,0.17042415653484028,0.1455,0.825575,MIXED
2018-02-01,0,0.21812448267503742,0.21812448267503742,0.0365,0.902725,NONE
2018-06-01,0,0.0997319081182394,0.10259602517816933,0.109,0.79285,TRAJECTORY_DEGRADATION
2018-05-01,0,0.06740899563172142,0.07319010307181482,0.147,0.78605,TRAJECTORY_DEGRADATION
2018-05-01,0,0.15845384719442526,0.17061463408688857,0.147,0.78605,TRAJECTORY_DEGRADATION
2018-06-01,0,0.09658043320188321,0.09936403482998193,0.109,0.79285,TRAJECTORY_DEGRADATION
2018-04-01,0,0.22121559152311518,0.2364311052748029,0.1455,0.825575,MIXED
2018-12-01,0,0.15696290154281325,0.1794981176883906,0.1955,0.7170749999999999,TRANSITIONAL
2018-05-01,0,0.34868106322775283,0.36903898356555337,0.147,0.78605,TRAJECTORY_DEGRADATION
2018-06-01,0,0.16315738544287905,0.16750406381794947,0.109,0.79285,TRAJECTORY_DEGRADATION
2018-01-01,0,0.26242944015544145,0.26242944015544145,0.039,0.89535,NONE
2018-11-01,0,0.27103358587462667,0.3201386029104746,0.2455,0.732075,MIXED
2018-12-01,0,0.13806076183736807,0.1583920649457243,0.1955,0.7170749999999999,TRANSITIONAL
2018-04-01,0,0.08841767634928072,0.09562065934384902,0.1455,0.825575,MIXED
2018-08-01,0,0.2083136974258139,0.21305296886212466,0.107,0.79355,TRAJECTORY_DEGRADATION
2018-03-01,0,0.2434176080263641,0.2503900843628994,0.113,0.84345,TRAJECTORY_DEGRADATION
2018-03-01,0,0.18936492542830363,0.19518855071525207,0.113,0.84345,TRAJECTORY_DEGRADATION
2018-11-01,0,0.1506927983411522,0.18348271067176275,0.2455,0.732075,MIXED
2018-07-01,0,0.09219670022168047,0.09384181142667186,0.101,0.79565,TRAJECTORY_DEGRADATION
2018-04-01,1,0.2426351779435101,0.2588343095094424,0.1455,0.825575,MIXED
2018-01-01,0,0.03425356874230783,0.03425356874230783,0.039,0.89535,NONE
2018-06-01,0,0.06967773507363115,0.07174753697952745,0.109,0.79285,TRAJECTORY_DEGRADATION
2018-04-01,0,0.1710875621499615,0.1836683469544372,0.1455,0.825575,MIXED
2018-02-01,0,0.20557420578990382,0.20557420578990382,0.0365,0.902725,NONE
2018-08-01,1,0.43838205691424265,0.4454107163060918,0.107,0.79355,TRAJECTORY_DEGRADATION
2018-03-01,1,0.22863961497120672,0.23532044914823605,0.113,0.84345,TRAJECTORY_DEGRADATION
2018-06-01,0,0.14494135984100887,0.14888908707513673,0.109,0.79285,TRAJECTORY_DEGRADATION
2018-04-01,0,0.027013098313102363,0.029374927927240533,0.1455,0.825575,MIXED
2018-07-01,0,0.3453221361305677,0.3497437904846247,0.101,0.79565,TRAJECTORY_DEGRADATION
2018-08-01,0,0.32207798436527807,0.32833207118594565,0.107,0.79355,TRAJECTORY_DEGRADATION
2018-06-01,0,0.23502127388901187,0.24073173360222366,0.109,0.79285,TRAJECTORY_DEGRADATION
2018-09-01,0,0.13301636054395827,0.13458094880182,0.097,0.79705,TRAJECTORY_DEGRADATION
2018-03-01,0,0.031820125398360995,0.03299591585539838,0.113,0.84345,TRAJECTORY_DEGRADATION
2018-08-01,0,0.2873193022052719,0.29319034881784695,0.107,0.79355,TRAJECTORY_DEGRADATION
2018-08-01,0,0.441898872318672,0.4489388445517029,0.107,0.79355,TRAJECTORY_DEGRADATION
2018-12-01,0,0.20301152095303898,0.23035150381770902,0.1955,0.7170749999999999,TRANSITIONAL
2018-01-01,1,0.18631146333284515,0.18631146333284515,0.039,0.89535,NONE
2018-02-01,0,0.0977747697523181,0.0977747697523181,0.0365,0.902725,NONE
2018-02-01,0,0.030530799103420884,0.030530799103420884,0.0365,0.902725,NONE
2018-06-01,0,0.11926975349246319,0.12261853969741922,0.109,0.79285,TRAJECTORY_DEGRADATION
2018-06-01,0,0.030146075973142585,0.031080807723699606,0.109,0.79285,TRAJECTORY_DEGRADATION
2018-01-01,0,0.041739588258022646,0.041739588258022646,0.039,0.89535,NONE
2018-06-01,0,0.21131355617094738,0.21661108619969097,0.109,0.79285,TRAJECTORY_DEGRADATION
2018-01-01,0,0.19030008653630143,0.1903000865363014,0.039,0.89535,NONE
2018-05-01,0,0.10562275776456624,0.11427954411016565,0.147,0.78605,TRAJECTORY_DEGRADATION
2018-03-01,0,0.07325915272981942,0.07584620901103593,0.113,0.84345,TRAJECTORY_DEGRADATION
2018-12-01,0,0.4084998331178496,0.4479590367808948,0.1955,0.7170749999999999,TRANSITIONAL
2018-03-01,0,0.2617436018980515,0.26905433460182815,0.113,0.84345,TRAJECTORY_DEGRADATION
2018-10-01,0,0.31421086686339295,0.31421086686339295,0.0805,0.809325,NONE
2018-09-01,0,0.4541649793363663,0.45751363907513365,0.097,0.79705,TRAJECTORY_DEGRADATION
2018-01-01,0,0.11140177085077015,0.11140177085077015,0.039,0.89535,NONE
2018-03-01,0,0.03272063623602249,0.03392853553678124,0.113,0.84345,TRAJECTORY_DEGRADATION
2018-05-01,0,0.49474082082745074,0.5168592332172516,0.147,0.78605,TRAJECTORY_DEGRADATION
2018-01-01,0,0.287854854547644,0.287854854547644,0.039,0.89535,NONE
2018-04-01,1,0.13893809984775432,0.1495814110070742,0.1455,0.825575,MIXED
2018-07-01,0,0.21750741574274915,0.22084455279593068,0.101,0.79565,TRAJECTORY_DEGRADATION
2018-04-01,0,0.1254508119643963,0.13522318803987715,0.1455,0.825575,MIXED
2018-06-01,0,0.6047318005334102,0.612235907982869,0.109,0.79285,TRAJECTORY_DEGRADATION
2018-04-01,0,0.052648142899987024,0.05711973583450293,0.1455,0.825575,MIXED
2018-04-01,0,0.25849230215156954,0.27536519177229657,0.1455,0.825575,MIXED
2018-04-01,0,0.2539945546660481,0.2706810286617782,0.1455,0.825575,MIXED
2018-01-01,0,0.258465350885776,0.25846535088577594,0.039,0.89535,NONE
2018-06-01,0,0.028529197191664465,0.029415315341425143,0.109,0.79285,TRAJECTORY_DEGRADATION
2018-02-01,1,0.18599247218221965,0.18599247218221965,0.0365,0.902725,NONE
2018-01-01,0,0.3561363495568494,0.3561363495568494,0.039,0.89535,NONE
2018-12-01,0,0.39071025222029576,0.42969940177905863,0.1955,0.7170749999999999,TRANSITIONAL
2018-02-01,1,0.3216232583695649,0.3216232583695649,0.0365,0.902725,NONE
2018-07-01,0,0.3976619551710534,0.4023419212070838,0.101,0.79565,TRAJECTORY_DEGRADATION
2018-05-01,0,0.2133531444515027,0.2285828277359594,0.147,0.78605,TRAJECTORY_DEGRADATION
2018-01-01,0,0.1098645206314434,0.1098645206314434,0.039,0.89535,NONE
2018-04-01,0,0.18119113623035824,0.19434069066881213,0.1455,0.825575,MIXED
2018-03-01,1,0.13685898490583182,0.14134943125910773,0.113,0.84345,TRAJECTORY_DEGRADATION
2018-04-01,0,0.11002944975295252,0.11876366709981634,0.1455,0.825575,MIXED
2018-06-01,0,0.08339516862404675,0.08583485609770258,0.109,0.79285,TRAJECTORY_DEGRADATION
2018-01-01,0,0.1802983852704664,0.1802983852704664,0.039,0.89535,NONE
2018-03-01,0,0.08974441484655492,0.09285529825381188,0.113,0.84345,TRAJECTORY_DEGRADATION
2018-06-01,1,0.14334523457716053,0.1472569754896019,0.109,0.79285,TRAJECTORY_DEGRADATION
2018-12-01,0,0.05034205424394444,0.05863434290028313,0.1955,0.7170749999999999,TRANSITIONAL
2018-01-01,0,0.06003356978489881,0.06003356978489881,0.039,0.89535,NONE
2018-05-01,0,0.043436529647123315,0.04726591739454,0.147,0.78605,TRAJECTORY_DEGRADATION
2018-08-01,0,0.4093505388340249,0.4162587248506291,0.107,0.79355,TRAJECTORY_DEGRADATION
2018-01-01,0,0.08566603097449452,0.08566603097449452,0.039,0.89535,NONE
2018-04-01,0,0.10418193171257785,0.11251065080761956,0.1455,0.825575,MIXED
2018-01-01,0,0.12373721985395919,0.12373721985395922,0.039,0.89535,NONE
2018-02-01,0,0.12896455627820827,0.12896455627820824,0.0365,0.902725,NONE
2018-09-01,0,0.29862019371513204,0.3014553818197449,0.097,0.79705,TRAJECTORY_DEGRADATION
2018-03-01,1,0.47608338387904964,0.4854442322537328,0.113,0.84345,TRAJECTORY_DEGRADATION
2018-01-01,0,0.14511235598364053,0.14511235598364053,0.039,0.89535,NONE
2018-11-01,0,0.15582731654437298,0.18948520831171362,0.2455,0.732075,MIXED
2018-03-01,0,0.11596749822323432,0.11986767235256524,0.113,0.84345,TRAJECTORY_DEGRADATION
2018-03-01,0,0.18083102966987394,0.18645257305794433,0.113,0.84345,TRAJECTORY_DEGRADATION
2018-05-01,1,0.3569406578440889,0.37750131446088386,0.147,0.78605,TRAJECTORY_DEGRADATION
2018-08-01,0,0.05875053382941334,0.06034651513625027,0.107,0.79355,TRAJECTORY_DEGRADATION
2018-03-01,0,0.022088353064194727,0.02291305361135801,0.113,0.84345,TRAJECTORY_DEGRADATION
2018-06-01,0,0.13546489055444855,0.13919652770203672,0.109,0.79285,TRAJECTORY_DEGRADATION
2018-01-01,1,0.2637662094751895,0.2637662094751895,0.039,0.89535,NONE
2018-01-01,0,0.1956739647254618,0.1956739647254618,0.039,0.89535,NONE
2018-06-01,1,0.23798351148815217,0.24374301324873227,0.109,0.79285,TRAJECTORY_DEGRADATION
2018-05-01,0,0.3217065267363974,0.3413148415721726,0.147,0.78605,TRAJECTORY_DEGRADATION
2018-08-01,0,0.5077689884026527,0.5148902094583867,0.107,0.79355,TRAJECTORY_DEGRADATION
2018-01-01,1,0.1708557666018919,0.1708557666018919,0.039,0.89535,NONE
2018-03-01,0,0.03786191570108962,0.0392519062634971,0.113,0.84345,TRAJECTORY_DEGRADATION
2018-05-01,0,0.09994807233689827,0.10819602853821442,0.147,0.78605,TRAJECTORY_DEGRADATION
2018-06-01,0,0.10208228722111252,0.10500602990821521,0.109,0.79285,TRAJECTORY_DEGRADATION
2018-08-01,0,0.11547363160667926,0.11841666000809638,0.107,0.79355,TRAJECTORY_DEGRADATION
2018-06-01,0,0.12610364518288178,0.12961607092359928,0.109,0.79285,TRAJECTORY_DEGRADATION
2018-06-01,0,0.1794810183364113,0.18416686971268068,0.109,0.79285,TRAJECTORY_DEGRADATION
2018-05-01,1,0.13377025508836307,0.14436162968967248,0.147,0.78605,TRAJECTORY_DEGRADATION
2018-01-01,1,0.16113338239522593,0.16113338239522593,0.039,0.89535,NONE
2018-03-01,0,0.20045104411826406,0.20652874409368918,0.113,0.84345,TRAJECTORY_DEGRADATION
2018-03-01,0,0.06994626948125603,0.07242547827544409,0.113,0.84345,TRAJECTORY_DEGRADATION
2018-05-01,0,0.05583457350309977,0.06068763465982441,0.147,0.78605,TRAJECTORY_DEGRADATION
2018-04-01,0,0.03286804543153755,0.035722994391513455,0.1455,0.825575,MIXED
2018-03-01,0,0.10940867619325222,0.11311649137663643,0.113,0.84345,TRAJECTORY_DEGRADATION
2018-01-01,0,0.2467271228317255,0.2467271228317255,0.039,0.89535,NONE
2018-04-01,0,0.21729747459395304,0.2323238890885886,0.1455,0.825575,MIXED
2018-07-01,0,0.13603922965675821,0.13834742318246437,0.101,0.79565,TRAJECTORY_DEGRADATION
2018-06-01,0,0.04241242227599949,0.04371035199999112,0.109,0.79285,TRAJECTORY_DEGRADATION
2018-01-01,0,0.18726276570004446,0.18726276570004446,0.039,0.89535,NONE
2018-01-01,0,0.07713438362602018,0.07713438362602018,0.039,0.89535,NONE
2018-01-01,0,0.06075991066328169,0.06075991066328169,0.039,0.89535,NONE
2018-07-01,1,0.04509576105584892,0.04594296101107992,0.101,0.79565,TRAJECTORY_DEGRADATION
2018-07-01,0,0.1307322806121498,0.13296428830209908,0.101,0.79565,TRAJECTORY_DEGRADATION
2018-07-01,0,0.16929078793796506,0.1720508120380839,0.101,0.79565,TRAJECTORY_DEGRADATION
2018-06-01,0,0.3743609166008633,0.3817673831039288,0.109,0.79285,TRAJECTORY_DEGRADATION
2018-07-01,0,0.02147281963431237,0.021886394597225464,0.101,0.79565,TRAJECTORY_DEGRADATION
2018-02-01,1,0.15914984222970002,0.15914984222970002,0.0365,0.902725,NONE
2018-10-01,0,0.06082661615789229,0.06082661615789229,0.0805,0.809325,NONE
2018-05-01,0,0.22427550541450952,0.24004693767611326,0.147,0.78605,TRAJECTORY_DEGRADATION
2018-04-01,1,0.20610249775422607,0.22057292657227331,0.1455,0.825575,MIXED
2018-01-01,1,0.18990183055154114,0.18990183055154114,0.039,0.89535,NONE
2018-07-01,0,0.10221604589682014,0.1040194519427471,0.101,0.79565,TRAJECTORY_DEGRADATION
2018-12-01,0,0.28913668971010187,0.32336930113404166,0.1955,0.7170749999999999,TRANSITIONAL
2018-04-01,0,0.16959951254117978,0.18209491269068454,0.1455,0.825575,MIXED
2018-03-01,0,0.24063277016058476,0.2475515775818453,0.113,0.84345,TRAJECTORY_DEGRADATION
2018-02-01,0,0.13953047448758035,0.13953047448758035,0.0365,0.902725,NONE
2018-02-01,0,0.10858272631592782,0.10858272631592782,0.0365,0.902725,NONE
2018-01-01,0,0.04140367504582936,0.04140367504582936,0.039,0.89535,NONE
2018-02-01,0,0.03527226090737964,0.03527226090737964,0.0365,0.902725,NONE
2018-09-01,0,0.08354859561572711,0.08458809506707914,0.097,0.79705,TRAJECTORY_DEGRADATION
2018-02-01,1,0.5621892543620005,0.5621892543620005,0.0365,0.902725,NONE
2018-01-01,1,0.19538050154982364,0.19538050154982367,0.039,0.89535,NONE
2018-07-01,0,0.2616613103483639,0.26544607656142705,0.101,0.79565,TRAJECTORY_DEGRADATION
2018-11-01,0,0.020777986621635304,0.026170222541356924,0.2455,0.732075,MIXED
2018-07-01,0,0.17173424674767312,0.17452573824571607,0.101,0.79565,TRAJECTORY_DEGRADATION
2018-01-01,0,0.09711152807658793,0.09711152807658793,0.039,0.89535,NONE
2018-03-01,0,0.043846212362042294,0.04544552194029117,0.113,0.84345,TRAJECTORY_DEGRADATION
2018-08-01,0,0.2539207275749189,0.25935767253425157,0.107,0.79355,TRAJECTORY_DEGRADATION
2018-03-01,0,0.08521618908011623,0.08818531370748416,0.113,0.84345,TRAJECTORY_DEGRADATION
2018-08-01,0,0.27436118637349155,0.2800715043234347,0.107,0.79355,TRAJECTORY_DEGRADATION
2018-01-01,0,0.18008846748819593,0.18008846748819593,0.039,0.89535,NONE
2018-08-01,0,0.1576742103813962,0.1614964142116051,0.107,0.79355,TRAJECTORY_DEGRADATION
2018-08-01,0,0.03874464146244705,0.03982014660195855,0.107,0.79355,TRAJECTORY_DEGRADATION
2018-01-01,0,0.15745789711054917,0.15745789711054917,0.039,0.89535,NONE
2018-01-01,0,0.26409654258742166,0.26409654258742166,0.039,0.89535,NONE
2018-08-01,0,0.10070211164238022,0.10331263679052194,0.107,0.79355,TRAJECTORY_DEGRADATION
2018-06-01,0,0.12886404744038624,0.13244170756248003,0.109,0.79285,TRAJECTORY_DEGRADATION
2018-01-01,0,0.05237360548460886,0.05237360548460886,0.039,0.89535,NONE
2018-05-01,0,0.38675703728121147,0.40794564055673116,0.147,0.78605,TRAJECTORY_DEGRADATION
2018-07-01,1,0.22379417649866076,0.22719976280861473,0.101,0.79565,TRAJECTORY_DEGRADATION
2018-01-01,0,0.20213453804964826,0.20213453804964826,0.039,0.89535,NONE
2018-04-01,1,0.2886364830590313,0.3066632605110984,0.1455,0.825575,MIXED
2018-05-01,0,0.3782147637081023,0.3992400525056745,0.147,0.78605,TRAJECTORY_DEGRADATION
2018-05-01,0,0.5051311257045775,0.5272293393902048,0.147,0.78605,TRAJECTORY_DEGRADATION
2018-02-01,0,0.035488058686033344,0.035488058686033344,0.0365,0.902725,NONE
2018-04-01,0,0.18776126951249222,0.20127043226485214,0.1455,0.825575,MIXED
2018-06-01,1,0.707434044091658,0.7139107786519723,0.109,0.79285,TRAJECTORY_DEGRADATION
2018-10-01,0,0.0705140498742873,0.0705140498742873,0.0805,0.809325,NONE
2018-02-01,0,0.21052014713082995,0.21052014713082995,0.0365,0.902725,NONE
2018-07-01,0,0.3112871418309851,0.3154830046487415,0.101,0.79565,TRAJECTORY_DEGRADATION
2018-04-01,0,0.03144261753710711,0.03417812805206757,0.1455,0.825575,MIXED
2018-03-01,0,0.186111084796885,0.19185832672450695,0.113,0.84345,TRAJECTORY_DEGRADATION
2018-05-01,0,0.10126776493878133,0.10961136263579518,0.147,0.78605,TRAJECTORY_DEGRADATION
2018-01-01,0,0.11375369344679766,0.11375369344679766,0.039,0.89535,NONE
2018-03-01,0,0.1310774692270214,0.1354079788393364,0.113,0.84345,TRAJECTORY_DEGRADATION
2018-09-01,0,0.14815992352098437,0.1498718444413701,0.097,0.79705,TRAJECTORY_DEGRADATION
2018-06-01,1,0.09785359210245947,0.10066979925869791,0.109,0.79285,TRAJECTORY_DEGRADATION
2018-04-01,1,0.17890199694074346,0.19192436186567524,0.1455,0.825575,MIXED
2018-01-01,0,0.04078492351401406,0.04078492351401406,0.039,0.89535,NONE
2018-09-01,0,0.02062393018182888,0.020898383036109126,0.097,0.79705,TRAJECTORY_DEGRADATION
2018-07-01,0,0.4533503727893958,0.4581871837542551,0.101,0.79565,TRAJECTORY_DEGRADATION
2018-12-01,0,0.28130910522213276,0.3150256621242343,0.1955,0.7170749999999999,TRANSITIONAL
2018-04-01,0,0.17764002940809487,0.1905918573008263,0.1455,0.825575,MIXED
2018-03-01,1,0.3534151829956874,0.362030766071673,0.113,0.84345,TRAJECTORY_DEGRADATION
2018-03-01,0,0.2956302387596493,0.3034983544470144,0.113,0.84345,TRAJECTORY_DEGRADATION
2018-08-01,0,0.2713378287716708,0.27700924269726973,0.107,0.79355,TRAJECTORY_DEGRADATION
2018-06-01,0,0.24249644003816467,0.2483295677034117,0.109,0.79285,TRAJECTORY_DEGRADATION
2018-01-01,0,0.17368185112541704,0.17368185112541704,0.039,0.89535,NONE
2018-10-01,0,0.33599497847596693,0.33599497847596693,0.0805,0.809325,NONE
2018-06-01,0,0.164953364778145,0.16933820790604323,0.109,0.79285,TRAJECTORY_DEGRADATION
2018-05-01,0,0.11437312446756258,0.12364793658068289,0.147,0.78605,TRAJECTORY_DEGRADATION
2018-01-01,1,0.3066702077393305,0.3066702077393305,0.039,0.89535,NONE
2018-04-01,0,0.08805245583864171,0.09522879413343888,0.1455,0.825575,MIXED
2018-01-01,0,0.08279286226975313,0.08279286226975313,0.039,0.89535,NONE
2018-09-01,0,0.03022556028226066,0.030623791471535853,0.097,0.79705,TRAJECTORY_DEGRADATION
2018-06-01,0,0.27801054185705887,0.28437723703980305,0.109,0.79285,TRAJECTORY_DEGRADATION
2018-04-01,0,0.18637458033694934,0.19980851596496454,0.1455,0.825575,MIXED
2018-03-01,0,0.2546685484527567,0.2618517596844175,0.113,0.84345,TRAJECTORY_DEGRADATION
2018-12-01,1,0.5266654164082708,0.5666050246916888,0.1955,0.7170749999999999,TRANSITIONAL
2018-03-01,0,0.20179890455804714,0.20790684509692084,0.113,0.84345,TRAJECTORY_DEGRADATION
2018-07-01,0,0.059033935155019174,0.06012649944651882,0.101,0.79565,TRAJECTORY_DEGRADATION
2018-10-01,0,0.15343195393175563,0.15343195393175563,0.0805,0.809325,NONE
2018-01-01,1,0.21783728304502617,0.21783728304502617,0.039,0.89535,NONE
2018-05-01,1,0.43382123877877643,0.4556723596598761,0.147,0.78605,TRAJECTORY_DEGRADATION
2018-01-01,0,0.03708518243458579,0.03708518243458579,0.039,0.89535,NONE
2018-01-01,0,0.0544052139819149,0.0544052139819149,0.039,0.89535,NONE
2018-11-01,0,0.21516138767835766,0.25772250333848007,0.2455,0.732075,MIXED
2018-01-01,0,0.11344433633300692,0.11344433633300692,0.039,0.89535,NONE
2018-03-01,0,0.02545028245602038,0.02639711721694557,0.113,0.84345,TRAJECTORY_DEGRADATION
2018-03-01,0,0.12523578539094268,0.12940204016870752,0.113,0.84345,TRAJECTORY_DEGRADATION
2018-05-01,0,0.4664115551931913,0.4884879275755347,0.147,0.78605,TRAJECTORY_DEGRADATION
2018-01-01,1,0.2812709365743333,0.2812709365743333,0.039,0.89535,NONE
2018-08-01,0,0.052446959431339805,0.05388150418815255,0.107,0.79355,TRAJECTORY_DEGRADATION
2018-04-01,0,0.02514386410282952,0.027346854862126627,0.1455,0.825575,MIXED
2018-01-01,0,0.13724149248190287,0.13724149248190287,0.039,0.89535,NONE
2018-11-01,0,0.31483975167539713,0.3678761597682082,0.2455,0.732075,MIXED
2018-02-01,0,0.06453502470930109,0.06453502470930109,0.0365,0.902725,NONE
2018-04-01,0,0.5588119460339688,0.5799557621150776,0.1455,0.825575,MIXED
2018-07-01,0,0.23369233067612905,0.23720251221165342,0.101,0.79565,TRAJECTORY_DEGRADATION
2018-02-01,1,0.5602410587844422,0.5602410587844422,0.0365,0.902725,NONE
2018-03-01,0,0.04669534702583521,0.048393320201763845,0.113,0.84345,TRAJECTORY_DEGRADATION
2018-03-01,1,0.20363298160849372,0.209781845209743,0.113,0.84345,TRAJECTORY_DEGRADATION
2018-10-01,0,0.1602484753984585,0.1602484753984585,0.0805,0.809325,NONE
2018-04-01,0,0.41487583512336723,0.4359550538918073,0.1455,0.825575,MIXED
2018-04-01,0,0.16273613601646142,0.17483233330350628,0.1455,0.825575,MIXED
2018-06-01,0,0.12416085681573068,0.1276270720590537,0.109,0.79285,TRAJECTORY_DEGRADATION
2018-07-01,0,0.25438078714658763,0.25809705718520576,0.101,0.79565,TRAJECTORY_DEGRADATION
2018-01-01,0,0.06475695055865184,0.06475695055865184,0.039,0.89535,NONE
2018-05-01,0,0.22248098085114357,0.2381649635263955,0.147,0.78605,TRAJECTORY_DEGRADATION
2018-03-01,0,0.35944560754912586,0.3681245024988191,0.113,0.84345,TRAJECTORY_DEGRADATION
2018-02-01,0,0.24365928781799973,0.24365928781799973,0.0365,0.902725,NONE
2018-01-01,1,0.11240798798816885,0.11240798798816885,0.039,0.89535,NONE
2018-05-01,0,0.2163992055118097,0.23178225781322556,0.147,0.78605,TRAJECTORY_DEGRADATION
2018-04-01,0,0.14307243192834704,0.15397581812949382,0.1455,0.825575,MIXED
2018-05-01,1,0.21679531966166637,0.23219818637373005,0.147,0.78605,TRAJECTORY_DEGRADATION
2018-05-01,0,0.03011627173278393,0.03281161944444241,0.147,0.78605,TRAJECTORY_DEGRADATION
2018-01-01,0,0.2895628889544105,0.2895628889544105,0.039,0.89535,NONE
2018-06-01,0,0.37062066733362076,0.3779978437804312,0.109,0.79285,TRAJECTORY_DEGRADATION
2018-06-01,0,0.16086369622503902,0.16516132846353745,0.109,0.79285,TRAJECTORY_DEGRADATION
2018-01-01,1,0.11711982288412631,0.11711982288412631,0.039,0.89535,NONE
2018-04-01,0,0.24626578343530292,0.262623254876246,0.1455,0.825575,MIXED
2018-03-01,0,0.07609587300461314,0.07877458947804919,0.113,0.84345,TRAJECTORY_DEGRADATION
2018-02-01,0,0.029386523077650113,0.029386523077650113,0.0365,0.902725,NONE
2018-08-01,0,0.2613902532073325,0.266929913609133,0.107,0.79355,TRAJECTORY_DEGRADATION
2018-10-01,0,0.04791996897232677,0.04791996897232677,0.0805,0.809325,NONE
2018-02-01,1,0.17947233088569234,0.17947233088569234,0.0365,0.902725,NONE
2018-01-01,0,0.1341816859576771,0.1341816859576771,0.039,0.89535,NONE
2018-03-01,0,0.189529653661393,0.19535712405050076,0.113,0.84345,TRAJECTORY_DEGRADATION
2018-06-01,1,0.16859503833792344,0.17305662372869818,0.109,0.79285,TRAJECTORY_DEGRADATION
2018-02-01,0,0.04693923283289334,0.04693923283289334,0.0365,0.902725,NONE
2018-01-01,1,0.14637978364078866,0.14637978364078866,0.039,0.89535,NONE
2018-02-01,0,0.20154570577130887,0.20154570577130887,0.0365,0.902725,NONE
2018-01-01,0,0.2932268783294345,0.2932268783294345,0.039,0.89535,NONE
2018-08-01,0,0.657755702207139,0.6641422800728407,0.107,0.79355,TRAJECTORY_DEGRADATION
2018-04-01,1,0.03971176619221154,0.04313465418874316,0.1455,0.825575,MIXED
2018-03-01,0,0.028848380496680863,0.029917754764478163,0.113,0.84345,TRAJECTORY_DEGRADATION
2018-04-01,0,0.1111560686918335,0.11996766249208289,0.1455,0.825575,MIXED
2018-01-01,1,0.4500660481521558,0.4500660481521558,0.039,0.89535,NONE
2018-01-01,0,0.533273702209856,0.533273702209856,0.039,0.89535,NONE
2018-01-01,0,0.02915149406559612,0.02915149406559612,0.039,0.89535,NONE
2018-03-01,0,0.250379226405782,0.25748324820299656,0.113,0.84345,TRAJECTORY_DEGRADATION
2018-10-01,0,0.11441506172461575,0.11441506172461575,0.0805,0.809325,NONE
2018-04-01,0,0.03801508959977901,0.04129802471929057,0.1455,0.825575,MIXED
2018-05-01,0,0.19305706796931793,0.20721960727507976,0.147,0.78605,TRAJECTORY_DEGRADATION
2018-01-01,0,0.13249046300056905,0.13249046300056905,0.039,0.89535,NONE
2018-01-01,0,0.14271499749705524,0.1427149974970552,0.039,0.89535,NONE
2018-04-01,1,0.45842767029666925,0.47990480419791987,0.1455,0.825575,MIXED
2018-01-01,0,0.1580112676923042,0.1580112676923042,0.039,0.89535,NONE
2018-01-01,0,0.1429992730547304,0.1429992730547304,0.039,0.89535,NONE
2018-04-01,0,0.06444462918443097,0.06984427225769202,0.1455,0.825575,MIXED
2018-07-01,0,0.12652695017462356,0.12869778969322385,0.101,0.79565,TRAJECTORY_DEGRADATION
2018-05-01,1,0.2735856947707357,0.2915215685986511,0.147,0.78605,TRAJECTORY_DEGRADATION
2018-01-01,0,0.28124303859267313,0.28124303859267313,0.039,0.89535,NONE
2018-03-01,0,0.2675632568353869,0.27497599390900845,0.113,0.84345,TRAJECTORY_DEGRADATION
2018-07-01,0,0.24629684521627485,0.2499346035358272,0.101,0.79565,TRAJECTORY_DEGRADATION
2018-08-01,0,0.06626974057742595,0.06805521530435674,0.107,0.79355,TRAJECTORY_DEGRADATION
2018-04-01,0,0.14678563222467764,0.1579198481166393,0.1455,0.825575,MIXED
2018-05-01,0,0.05214997487139068,0.056702009261386785,0.147,0.78605,TRAJECTORY_DEGRADATION
2018-12-01,0,0.525495688886609,0.5654525607103575,0.1955,0.7170749999999999,TRANSITIONAL
2018-06-01,0,0.04050625867699079,0.04174839806349518,0.109,0.79285,TRAJECTORY_DEGRADATION
2018-01-01,0,0.038920334960363255,0.038920334960363255,0.039,0.89535,NONE
2018-09-01,0,0.03598549423729596,0.036456761459075435,0.097,0.79705,TRAJECTORY_DEGRADATION
2018-11-01,0,0.07769769545150434,0.09640724157371278,0.2455,0.732075,MIXED
2018-06-01,0,0.0627572317369714,0.06463574037682365,0.109,0.79285,TRAJECTORY_DEGRADATION
2018-02-01,0,0.07409694558799494,0.07409694558799494,0.0365,0.902725,NONE
2018-03-01,0,0.28243810271840614,0.29009971851334104,0.113,0.84345,TRAJECTORY_DEGRADATION
2018-05-01,0,0.1755943558743513,0.18877553056830426,0.147,0.78605,TRAJECTORY_DEGRADATION
2018-08-01,0,0.06831930510848702,0.07015585130605642,0.107,0.79355,TRAJECTORY_DEGRADATION
2018-02-01,0,0.10508004471763402,0.10508004471763402,0.0365,0.902725,NONE
2018-05-01,0,0.028709065666631294,0.031282533301226746,0.147,0.78605,TRAJECTORY_DEGRADATION
2018-08-01,0,0.028696068967753993,0.029501198330270234,0.107,0.79355,TRAJECTORY_DEGRADATION
2018-01-01,0,0.06349737616972687,0.06349737616972687,0.039,0.89535,NONE
2018-04-01,0,0.07102368450961681,0.07692924131403796,0.1455,0.825575,MIXED
2018-01-01,0,0.08731276114393563,0.08731276114393563,0.039,0.89535,NONE
2018-01-01,0,0.046128173641131864,0.046128173641131864,0.039,0.89535,NONE
2018-04-01,0,0.08532478252094088,0.09230131396572983,0.1455,0.825575,MIXED
2018-02-01,1,0.4063286111036724,0.40632861110367235,0.0365,0.902725,NONE
2018-07-01,0,0.09051197481949563,0.09213007547271472,0.101,0.79565,TRAJECTORY_DEGRADATION
2018-03-01,0,0.46834904048770587,0.4776964728098003,0.113,0.84345,TRAJECTORY_DEGRADATION
2018-03-01,1,0.3040097538340546,0.31200210146227697,0.113,0.84345,TRAJECTORY_DEGRADATION
2018-09-01,0,0.2673134520815133,0.26996581267606196,0.097,0.79705,TRAJECTORY_DEGRADATION
2018-08-01,0,0.3588029352757376,0.3653857864480553,0.107,0.79355,TRAJECTORY_DEGRADATION
2018-01-01,1,0.10760534347171936,0.10760534347171936,0.039,0.89535,NONE
2018-04-01,0,0.4494744263303345,0.47089682103789465,0.1455,0.825575,MIXED
2018-01-01,0,0.30468163116651015,0.30468163116651015,0.039,0.89535,NONE
2018-02-01,0,0.044931009499734165,0.044931009499734165,0.0365,0.902725,NONE
2018-01-01,0,0.1865664667447673,0.1865664667447673,0.039,0.89535,NONE
2018-07-01,0,0.14839760496213097,0.15087886571168413,0.101,0.79565,TRAJECTORY_DEGRADATION
2018-06-01,1,0.5495046489402056,0.5572896679227936,0.109,0.79285,TRAJECTORY_DEGRADATION
2018-02-01,0,0.05714113553406256,0.05714113553406256,0.0365,0.902725,NONE
2018-02-01,0,0.17876873199422222,0.1787687319942222,0.0365,0.902725,NONE
2018-04-01,0,0.33930065004816157,0.35889524756252267,0.1455,0.825575,MIXED
2018-05-01,1,0.2090898703897921,0.2241019268228971,0.147,0.78605,TRAJECTORY_DEGRADATION
2018-01-01,0,0.05994492925347954,0.05994492925347954,0.039,0.89535,NONE
2018-04-01,1,0.1448180772127985,0.1558303051831191,0.1455,0.825575,MIXED
2018-07-01,0,0.22124035173656315,0.22461832135019638,0.101,0.79565,TRAJECTORY_DEGRADATION
2018-12-01,0,0.2768992981235854,0.31031552661510897,0.1955,0.7170749999999999,TRANSITIONAL
2018-10-01,0,0.10459458714969883,0.10459458714969883,0.0805,0.809325,NONE
2018-01-01,1,0.4725004850001875,0.4725004850001875,0.039,0.89535,NONE
2018-08-01,0,0.09977652774552212,0.10236578997686256,0.107,0.79355,TRAJECTORY_DEGRADATION
2018-06-01,0,0.1517406835756083,0.15583984980400115,0.109,0.79285,TRAJECTORY_DEGRADATION
2018-01-01,0,0.14735875445654065,0.14735875445654065,0.039,0.89535,NONE
2018-05-01,0,0.05700679308150593,0.06195505613408202,0.147,0.78605,TRAJECTORY_DEGRADATION
2018-12-01,0,0.13324082174203145,0.1529883086867289,0.1955,0.7170749999999999,TRANSITIONAL
2018-07-01,0,0.08670809585208925,0.0882647933874085,0.101,0.79565,TRAJECTORY_DEGRADATION
2018-05-01,0,0.477154477795634,0.4992635604024018,0.147,0.78605,TRAJECTORY_DEGRADATION
2018-12-01,0,0.1807887297716193,0.20590913727064272,0.1955,0.7170749999999999,TRANSITIONAL
2018-09-01,0,0.056827186667001824,0.05755510168234047,0.097,0.79705,TRAJECTORY_DEGRADATION
2018-03-01,0,0.05810768374849151,0.06019443801956294,0.113,0.84345,TRAJECTORY_DEGRADATION
2018-02-01,0,0.1177846929211437,0.1177846929211437,0.0365,0.902725,NONE
2018-09-01,1,0.27431613083151823,0.27701170426424854,0.097,0.79705,TRAJECTORY_DEGRADATION
2018-02-01,1,0.07157135625491073,0.07157135625491073,0.0365,0.902725,NONE
2018-08-01,0,0.10490355470964734,0.10760996211177211,0.107,0.79355,TRAJECTORY_DEGRADATION
2018-03-01,0,0.26382330718542407,0.27117079145881684,0.113,0.84345,TRAJECTORY_DEGRADATION
2018-03-01,0,0.19198116735141318,0.19786561223080304,0.113,0.84345,TRAJECTORY_DEGRADATION
2018-05-01,0,0.15138419467692105,0.16310757071403592,0.147,0.78605,TRAJECTORY_DEGRADATION
2018-02-01,0,0.0421324713721887,0.0421324713721887,0.0365,0.902725,NONE
2018-02-01,0,0.228333949470791,0.228333949470791,0.0365,0.902725,NONE
2018-07-01,1,0.2133429639819944,0.2166338963975849,0.101,0.79565,TRAJECTORY_DEGRADATION
2018-03-01,0,0.40883933775717346,0.41793272312699253,0.113,0.84345,TRAJECTORY_DEGRADATION
2018-06-01,0,0.2280836443911024,0.23367702838230986,0.109,0.79285,TRAJECTORY_DEGRADATION
2018-03-01,0,0.10595793729508561,0.1095631951663595,0.113,0.84345,TRAJECTORY_DEGRADATION
2018-04-01,0,0.0842647911927886,0.09116329119082212,0.1455,0.825575,MIXED
2018-06-01,0,0.18087769506809995,0.1855917628178863,0.109,0.79285,TRAJECTORY_DEGRADATION
2018-08-01,1,0.25143960181360114,0.2568417098025029,0.107,0.79355,TRAJECTORY_DEGRADATION
2018-01-01,0,0.0796830582655585,0.0796830582655585,0.039,0.89535,NONE
2018-05-01,0,0.18322258164379315,0.19683965500823206,0.147,0.78605,TRAJECTORY_DEGRADATION
2018-04-01,0,0.17065352838540998,0.18320945113903647,0.1455,0.825575,MIXED
2018-08-01,1,0.11407937584061847,0.11699156942549352,0.107,0.79355,TRAJECTORY_DEGRADATION
2018-04-01,0,0.10334299603078596,0.11161300347383572,0.1455,0.825575,MIXED
2018-07-01,0,0.2482152618988919,0.2518718860225794,0.101,0.79565,TRAJECTORY_DEGRADATION
2018-02-01,0,0.11348338191953554,0.11348338191953554,0.0365,0.902725,NONE
2018-04-01,0,0.0922135793640157,0.0996919788118752,0.1455,0.825575,MIXED
2018-08-01,0,0.37681735800907745,0.38353302221289765,0.107,0.79355,TRAJECTORY_DEGRADATION
2018-02-01,1,0.2329367525352742,0.2329367525352742,0.0365,0.902725,NONE
2018-02-01,1,0.306790078557912,0.306790078557912,0.0365,0.902725,NONE
2018-01-01,0,0.3738960808267832,0.3738960808267832,0.039,0.89535,NONE
2018-04-01,0,0.040005229175551396,0.04345226715612818,0.1455,0.825575,MIXED
2018-02-01,0,0.3141546061205186,0.3141546061205186,0.0365,0.902725,NONE
2018-05-01,1,0.19881716271086605,0.21329056887752856,0.147,0.78605,TRAJECTORY_DEGRADATION
2018-03-01,0,0.10019294896550403,0.10362478661267188,0.113,0.84345,TRAJECTORY_DEGRADATION
2018-02-01,1,0.34015393731243815,0.34015393731243815,0.0365,0.902725,NONE
2018-01-01,0,0.029846954278698875,0.029846954278698875,0.039,0.89535,NONE
2018-02-01,0,0.23496921746277596,0.23496921746277596,0.0365,0.902725,NONE
2018-03-01,0,0.03255777893410087,0.03375987610170081,0.113,0.84345,TRAJECTORY_DEGRADATION
2018-06-01,0,0.22152472810734367,0.22700456696127289,0.109,0.79285,TRAJECTORY_DEGRADATION
2018-07-01,1,0.23019758588607195,0.2336712812543715,0.101,0.79565,TRAJECTORY_DEGRADATION
2018-03-01,0,0.12375456660263723,0.12787874875698185,0.113,0.84345,TRAJECTORY_DEGRADATION
2018-03-01,0,0.09203425160884268,0.09521620661199943,0.113,0.84345,TRAJECTORY_DEGRADATION
2018-02-01,0,0.17359116173428646,0.17359116173428646,0.0365,0.902725,NONE
2018-09-01,0,0.2575357103496584,0.26012549750587716,0.097,0.79705,TRAJECTORY_DEGRADATION
2018-03-01,0,0.16337913318880623,0.16856978772282813,0.113,0.84345,TRAJECTORY_DEGRADATION
2018-01-01,0,0.0381668500441887,0.0381668500441887,0.039,0.89535,NONE
2018-06-01,0,0.44933650280030196,0.45714246100238687,0.109,0.79285,TRAJECTORY_DEGRADATION
2018-08-01,0,0.4382722620221175,0.44530055682331876,0.107,0.79355,TRAJECTORY_DEGRADATION
2018-04-01,0,0.1419582334892823,0.15279184783966435,0.1455,0.825575,MIXED
2018-12-01,0,0.20814649475639355,0.23597326395996146,0.1955,0.7170749999999999,TRANSITIONAL
2018-04-01,0,0.20275799837354003,0.21705781110900657,0.1455,0.825575,MIXED
2018-11-01,0,0.02967807001517353,0.037292064873747345,0.2455,0.732075,MIXED
2018-04-01,0,0.17795504504814508,0.19092450850478632,0.1455,0.825575,MIXED
2018-07-01,0,0.18712942588353207,0.19011372251706726,0.101,0.79565,TRAJECTORY_DEGRADATION
2018-08-01,0,0.04416251052392164,0.04538130910996907,0.107,0.79355,TRAJECTORY_DEGRADATION
2018-08-01,0,0.16905453419456834,0.1730959190820388,0.107,0.79355,TRAJECTORY_DEGRADATION
2018-06-01,0,0.1472976581152878,0.15129820724929066,0.109,0.79285,TRAJECTORY_DEGRADATION
2018-02-01,0,0.12005999069769531,0.12005999069769531,0.0365,0.902725,NONE
2018-04-01,1,0.18561897988230797,0.19901177340751855,0.1455,0.825575,MIXED
2018-12-01,0,0.2255901132345231,0.25499792256965387,0.1955,0.7170749999999999,TRANSITIONAL
2018-01-01,0,0.06687698416660356,0.06687698416660356,0.039,0.89535,NONE
2018-09-01,0,0.04235249170291114,0.04290343040283665,0.097,0.79705,TRAJECTORY_DEGRADATION
2018-04-01,0,0.1808094109022277,0.19393782398036402,0.1455,0.825575,MIXED
2018-02-01,1,0.07667513278375127,0.07667513278375127,0.0365,0.902725,NONE
2018-01-01,0,0.09786265363957725,0.09786265363957725,0.039,0.89535,NONE
2018-05-01,1,0.13545046051904147,0.14615242138767887,0.147,0.78605,TRAJECTORY_DEGRADATION
2018-05-01,0,0.1552886355026003,0.16725478274573086,0.147,0.78605,TRAJECTORY_DEGRADATION
2018-03-01,0,0.6346069585886938,0.6432578136433044,0.113,0.84345,TRAJECTORY_DEGRADATION
2018-08-01,0,0.10935365420428739,0.11216048365990768,0.107,0.79355,TRAJECTORY_DEGRADATION
2018-07-01,0,0.31262211319672195,0.3168276923546915,0.101,0.79565,TRAJECTORY_DEGRADATION
2018-08-01,0,0.246149197697538,0.25147582742910657,0.107,0.79355,TRAJECTORY_DEGRADATION
2018-02-01,1,0.25228136510335153,0.25228136510335153,0.0365,0.902725,NONE
2018-04-01,0,0.0910364488818119,0.09842973557218263,0.1455,0.825575,MIXED
2018-09-01,0,0.282303339976097,0.28504657062432526,0.097,0.79705,TRAJECTORY_DEGRADATION
2018-08-01,0,0.18772740340197516,0.19211197431797564,0.107,0.79355,TRAJECTORY_DEGRADATION
2018-03-01,0,0.0526671634869641,0.054569858189994054,0.113,0.84345,TRAJECTORY_DEGRADATION
2018-05-01,0,0.2474355928936821,0.2642808162457847,0.147,0.78605,TRAJECTORY_DEGRADATION
2018-06-01,0,0.10984959903423491,0.11296781721993619,0.109,0.79285,TRAJECTORY_DEGRADATION
2018-04-01,1,0.41584237800399976,0.4369340341478886,0.1455,0.825575,MIXED
2018-07-01,0,0.0627908151255918,0.0639481842022064,0.101,0.79565,TRAJECTORY_DEGRADATION
2018-10-01,0,0.07580965901791199,0.07580965901791199,0.0805,0.809325,NONE
2018-11-01,0,0.27532905297539634,0.32486548524995684,0.2455,0.732075,MIXED
2018-11-01,0,0.5074241644913111,0.5660980822247094,0.2455,0.732075,MIXED
2018-01-01,0,0.38991086282122395,0.389910862821224,0.039,0.89535,NONE
2018-04-01,0,0.24325561801174353,0.2594819803421399,0.1455,0.825575,MIXED
2018-02-01,0,0.07393720133951044,0.07393720133951044,0.0365,0.902725,NONE
2018-03-01,0,0.28437976106635837,0.2920726088155899,0.113,0.84345,TRAJECTORY_DEGRADATION
2018-02-01,0,0.3850725029197672,0.3850725029197672,0.0365,0.902725,NONE
2018-02-01,0,0.17257455802752605,0.17257455802752605,0.0365,0.902725,NONE
2018-03-01,0,0.14164372607925013,0.1462645603083696,0.113,0.84345,TRAJECTORY_DEGRADATION
2018-01-01,0,0.1457570796211883,0.1457570796211883,0.039,0.89535,NONE
2018-03-01,1,0.14252222376148785,0.14716680349494082,0.113,0.84345,TRAJECTORY_DEGRADATION
2018-04-01,0,0.12444461390162513,0.13415063225121826,0.1455,0.825575,MIXED
2018-03-01,0,0.2626271773624393,0.2699535648849874,0.113,0.84345,TRAJECTORY_DEGRADATION
2018-04-01,0,0.10120727458622117,0.10932720998387238,0.1455,0.825575,MIXED
2018-05-01,1,0.09984403304555543,0.1080844346881982,0.147,0.78605,TRAJECTORY_DEGRADATION
2018-08-01,0,0.05096826583066031,0.052364600070243676,0.107,0.79355,TRAJECTORY_DEGRADATION
2018-06-01,1,0.3431866277690447,0.3503216836102692,0.109,0.79285,TRAJECTORY_DEGRADATION
2018-07-01,0,0.11038567681044624,0.11231518833705209,0.101,0.79565,TRAJECTORY_DEGRADATION
2018-04-01,0,0.07245323653232288,0.07846761910306205,0.1455,0.825575,MIXED
2018-07-01,0,0.31069334408937205,0.314884862482458,0.101,0.79565,TRAJECTORY_DEGRADATION
2018-03-01,1,0.27430008808396183,0.2818276504657044,0.113,0.84345,TRAJECTORY_DEGRADATION
2018-03-01,1,0.12893669440707822,0.13320732004392358,0.113,0.84345,TRAJECTORY_DEGRADATION
2018-06-01,0,0.1302016919625239,0.13381078474558594,0.109,0.79285,TRAJECTORY_DEGRADATION
2018-04-01,0,0.11951122466445552,0.1288891074525421,0.1455,0.825575,MIXED
2018-01-01,0,0.02998332372257279,0.02998332372257279,0.039,0.89535,NONE
2018-12-01,0,0.1965895014696991,0.22330694327469638,0.1955,0.7170749999999999,TRANSITIONAL
2018-10-01,0,0.2360031225144483,0.2360031225144483,0.0805,0.809325,NONE
2018-03-01,0,0.2533650457368563,0.2605243417255586,0.113,0.84345,TRAJECTORY_DEGRADATION
2018-09-01,0,0.05781987558521401,0.058559716737351164,0.097,0.79705,TRAJECTORY_DEGRADATION
2018-01-01,0,0.01960384169387313,0.01960384169387313,0.039,0.89535,NONE
2018-05-01,0,0.08108188871869178,0.0879250520413523,0.147,0.78605,TRAJECTORY_DEGRADATION
2018-04-01,0,0.08284602859337971,0.08963974854804224,0.1455,0.825575,MIXED
2018-03-01,0,0.2156883978965846,0.2220997617590202,0.113,0.84345,TRAJECTORY_DEGRADATION
2018-08-01,0,0.15579725372870842,0.1595825780852374,0.107,0.79355,TRAJECTORY_DEGRADATION
2018-09-01,0,0.1709615924698516,0.17288350576127653,0.097,0.79705,TRAJECTORY_DEGRADATION
2018-04-01,1,0.24369441094050862,0.259939988878997,0.1455,0.825575,MIXED
2018-08-01,1,0.2732361487150751,0.27893205192878745,0.107,0.79355,TRAJECTORY_DEGRADATION
2018-05-01,0,0.27020526707733217,0.2880073908984817,0.147,0.78605,TRAJECTORY_DEGRADATION
2018-07-01,0,0.4202484345692347,0.4250066574829806,0.101,0.79565,TRAJECTORY_DEGRADATION
2018-04-01,1,0.2271386588716544,0.24263464263392698,0.1455,0.825575,MIXED
2018-05-01,0,0.20107632039432635,0.21566991654256876,0.147,0.78605,TRAJECTORY_DEGRADATION
2018-02-01,1,0.3819108687913378,0.3819108687913378,0.0365,0.902725,NONE
2018-07-01,0,0.3014741185681578,0.3055964021044241,0.101,0.79565,TRAJECTORY_DEGRADATION
2018-08-01,0,0.11440467774345127,0.1173240758197015,0.107,0.79355,TRAJECTORY_DEGRADATION
2018-03-01,0,0.24818670498663128,0.2552497005855684,0.113,0.84345,TRAJECTORY_DEGRADATION
2018-07-01,0,0.15161678883338062,0.15414213286201386,0.101,0.79565,TRAJECTORY_DEGRADATION
2018-11-01,0,0.03879380885862354,0.048629266708084526,0.2455,0.732075,MIXED
2018-07-01,0,0.2356451986921406,0.23917555805079696,0.101,0.79565,TRAJECTORY_DEGRADATION
2018-01-01,0,0.06221538705719162,0.06221538705719162,0.039,0.89535,NONE
2018-12-01,0,0.21237767780149247,0.2405982358490298,0.1955,0.7170749999999999,TRANSITIONAL
2018-07-01,0,0.16212001044993798,0.1647863170458583,0.101,0.79565,TRAJECTORY_DEGRADATION
2018-01-01,0,0.12731246656542727,0.12731246656542727,0.039,0.89535,NONE
2018-01-01,1,0.47518097448978397,0.47518097448978397,0.039,0.89535,NONE
2018-04-01,0,0.4266271027577698,0.447846400597011,0.1455,0.825575,MIXED
2018-08-01,0,0.6136091532956203,0.6203440401756427,0.107,0.79355,TRAJECTORY_DEGRADATION
2018-09-01,0,0.11575936174784189,0.11714839418944686,0.097,0.79705,TRAJECTORY_DEGRADATION
2018-10-01,0,0.03642712593980449,0.03642712593980449,0.0805,0.809325,NONE
2018-04-01,0,0.04094213134080854,0.044466157953421195,0.1455,0.825575,MIXED
2018-01-01,1,0.41471500023089813,0.41471500023089813,0.039,0.89535,NONE
2018-10-01,0,0.2549688024282374,0.2549688024282374,0.0805,0.809325,NONE
2018-06-01,1,0.27035790785496155,0.2766164953125047,0.109,0.79285,TRAJECTORY_DEGRADATION
2018-06-01,0,0.03584503915086562,0.03694974500823882,0.109,0.79285,TRAJECTORY_DEGRADATION
2018-04-01,0,0.224073467985121,0.23942511844793202,0.1455,0.825575,MIXED
2018-08-01,0,0.3414010682785253,0.3478378490892098,0.107,0.79355,TRAJECTORY_DEGRADATION
2018-05-01,0,0.054323120208539376,0.05905302478385913,0.147,0.78605,TRAJECTORY_DEGRADATION
2018-01-01,0,0.01947966719290204,0.01947966719290204,0.039,0.89535,NONE
2018-05-01,0,0.03679449234710789,0.040062839210792324,0.147,0.78605,TRAJECTORY_DEGRADATION
2018-12-01,0,0.1862630536788549,0.21194731613356926,0.1955,0.7170749999999999,TRANSITIONAL
2018-12-01,0,0.025154323164450716,0.029426274477074597,0.1955,0.7170749999999999,TRANSITIONAL
2018-02-01,0,0.21046573030312704,0.21046573030312704,0.0365,0.902725,NONE
2018-04-01,0,0.09593751732283315,0.10368342935165396,0.1455,0.825575,MIXED
2018-01-01,0,0.2406285675184379,0.2406285675184379,0.039,0.89535,NONE
2018-06-01,0,0.1960147210273084,0.2010264747850332,0.109,0.79285,TRAJECTORY_DEGRADATION
2018-06-01,0,0.09706748058742412,0.09986356799914141,0.109,0.79285,TRAJECTORY_DEGRADATION
2018-12-01,0,0.23743084425343408,0.2678483305941168,0.1955,0.7170749999999999,TRANSITIONAL
2018-05-01,0,0.10821963625589733,0.11706140380591033,0.147,0.78605,TRAJECTORY_DEGRADATION
2018-02-01,1,0.3979648434671592,0.3979648434671592,0.0365,0.902725,NONE
2018-03-01,0,0.42753217812458477,0.436734172163339,0.113,0.84345,TRAJECTORY_DEGRADATION
2018-07-01,0,0.12672101649015127,0.12889469429202163,0.101,0.79565,TRAJECTORY_DEGRADATION
2018-07-01,0,0.34782021474021313,0.35225664489668645,0.101,0.79565,TRAJECTORY_DEGRADATION
2018-05-01,1,0.5558226201760773,0.5775503186443163,0.147,0.78605,TRAJECTORY_DEGRADATION
2018-11-01,0,0.0829807806344108,0.10282066562337948,0.2455,0.732075,MIXED
2018-04-01,0,0.30017874601398126,0.31860353300671845,0.1455,0.825575,MIXED
2018-06-01,0,0.16103502060067645,0.16533632810573956,0.109,0.79285,TRAJECTORY_DEGRADATION
2018-08-01,0,0.3152893796167303,0.3214741558366058,0.107,0.79355,TRAJECTORY_DEGRADATION
2018-02-01,0,0.17028312860532888,0.17028312860532888,0.0365,0.902725,NONE
2018-02-01,0,0.16937114771633482,0.16937114771633485,0.0365,0.902725,NONE
2018-10-01,0,0.057524019210719146,0.057524019210719146,0.0805,0.809325,NONE
2018-02-01,0,0.18774550772869728,0.18774550772869728,0.0365,0.902725,NONE
2018-01-01,0,0.0593153591640869,0.0593153591640869,0.039,0.89535,NONE
2018-06-01,0,0.07443654230704388,0.07663606145854306,0.109,0.79285,TRAJECTORY_DEGRADATION
2018-02-01,0,0.12883238692470494,0.12883238692470494,0.0365,0.902725,NONE
2018-02-01,0,0.19347819106259653,0.19347819106259656,0.0365,0.902725,NONE
2018-05-01,0,0.2173623999803694,0.23279358114301,0.147,0.78605,TRAJECTORY_DEGRADATION
2018-11-01,0,0.3898552251541448,0.4472789951210362,0.2455,0.732075,MIXED
2018-04-01,0,0.19042484666577095,0.20407749978260575,0.1455,0.825575,MIXED
2018-10-01,0,0.10414272836426369,0.10414272836426369,0.0805,0.809325,NONE
2018-05-01,0,0.07566652723250251,0.08209347515365455,0.147,0.78605,TRAJECTORY_DEGRADATION
2018-02-01,0,0.37208229974570667,0.37208229974570667,0.0365,0.902725,NONE
2018-10-01,0,0.5218132162758627,0.5218132162758627,0.0805,0.809325,NONE
2018-01-01,0,0.26909098544998594,0.26909098544998594,0.039,0.89535,NONE
2018-10-01,0,0.04471596910087285,0.04471596910087285,0.0805,0.809325,NONE
2018-02-01,0,0.1145186808470292,0.1145186808470292,0.0365,0.902725,NONE
2018-08-01,0,0.14147939514875527,0.14497658698583682,0.107,0.79355,TRAJECTORY_DEGRADATION
2018-09-01,0,0.2645203013846726,0.2671550528869068,0.097,0.79705,TRAJECTORY_DEGRADATION
2018-05-01,0,0.3309757042591126,0.3508567481132067,0.147,0.78605,TRAJECTORY_DEGRADATION
2018-08-01,0,0.12346230905883712,0.12657980487250883,0.107,0.79355,TRAJECTORY_DEGRADATION
2018-03-01,0,0.07327783848966309,0.07586550061707249,0.113,0.84345,TRAJECTORY_DEGRADATION
2018-09-01,0,0.4450540909418377,0.44839075809074047,0.097,0.79705,TRAJECTORY_DEGRADATION
2018-08-01,0,0.09774791277115577,0.10029039603849986,0.107,0.79355,TRAJECTORY_DEGRADATION
2018-09-01,0,0.10846207956800943,0.10977442012430517,0.097,0.79705,TRAJECTORY_DEGRADATION
2018-05-01,0,0.41533087992885465,0.4369694569990559,0.147,0.78605,TRAJECTORY_DEGRADATION
2018-01-01,0,0.19828164789215602,0.19828164789215605,0.039,0.89535,NONE
2018-05-01,0,0.07846813458331582,0.08511113366434567,0.147,0.78605,TRAJECTORY_DEGRADATION
2018-01-01,0,0.08217892888273048,0.08217892888273048,0.039,0.89535,NONE
2018-02-01,0,0.07955453309519044,0.07955453309519044,0.0365,0.902725,NONE
2018-01-01,0,0.33636652778974474,0.33636652778974474,0.039,0.89535,NONE
2018-01-01,0,0.10719056592522617,0.10719056592522617,0.039,0.89535,NONE
2018-03-01,1,0.23978799032889625,0.2466903989584925,0.113,0.84345,TRAJECTORY_DEGRADATION
2018-04-01,1,0.13175585407845647,0.14193966683183445,0.1455,0.825575,MIXED
2018-04-01,0,0.12111567670117608,0.13060078433183006,0.1455,0.825575,MIXED
2018-04-01,0,0.11318909686165214,0.12213970737978809,0.1455,0.825575,MIXED
2018-01-01,0,0.06940426067022436,0.06940426067022436,0.039,0.89535,NONE
2018-02-01,1,0.27359400258542976,0.27359400258542976,0.0365,0.902725,NONE
2018-02-01,0,0.089548094177851,0.089548094177851,0.0365,0.902725,NONE
2018-05-01,0,0.07308033405470098,0.07930646341504118,0.147,0.78605,TRAJECTORY_DEGRADATION
2018-03-01,0,0.1806537749686887,0.1862710609951246,0.113,0.84345,TRAJECTORY_DEGRADATION
2018-10-01,0,0.11837697862190028,0.11837697862190028,0.0805,0.809325,NONE
2018-01-01,1,0.09285713990227189,0.09285713990227189,0.039,0.89535,NONE
2018-04-01,0,0.05896507529183925,0.06393697782196783,0.1455,0.825575,MIXED
2018-10-01,0,0.05208290453225555,0.05208290453225555,0.0805,0.809325,NONE
2018-02-01,0,0.11661206593714996,0.11661206593714996,0.0365,0.902725,NONE
2018-05-01,0,0.13080016843778564,0.14119471462612815,0.147,0.78605,TRAJECTORY_DEGRADATION
2018-11-01,0,0.30752115040994493,0.3599724252958581,0.2455,0.732075,MIXED
2018-02-01,0,0.14152163088538983,0.14152163088538983,0.0365,0.902725,NONE
2018-06-01,0,0.1515766496097649,0.15567219780076916,0.109,0.79285,TRAJECTORY_DEGRADATION
2018-12-01,0,0.062173897114941444,0.07226680511071817,0.1955,0.7170749999999999,TRANSITIONAL
2018-06-01,0,0.09408543583480503,0.09680483307905574,0.109,0.79285,TRAJECTORY_DEGRADATION
2018-04-01,0,0.1689164641564208,0.1813725316887026,0.1455,0.825575,MIXED
2018-04-01,0,0.2553066060775441,0.2720478432356132,0.1455,0.825575,MIXED
2018-04-01,0,0.07615975306913784,0.08245446431942469,0.1455,0.825575,MIXED
2018-05-01,0,0.09830379038790862,0.10643210197467778,0.147,0.78605,TRAJECTORY_DEGRADATION
2018-07-01,0,0.10256607573347791,0.10437493941835281,0.101,0.79565,TRAJECTORY_DEGRADATION
2018-01-01,0,0.05936983422057648,0.05936983422057648,0.039,0.89535,NONE
2018-03-01,0,0.05146920345638569,0.05333105613121031,0.113,0.84345,TRAJECTORY_DEGRADATION
2018-09-01,0,0.3060866764297634,0.30896152654632786,0.097,0.79705,TRAJECTORY_DEGRADATION
2018-02-01,0,0.07474626644139395,0.07474626644139395,0.0365,0.902725,NONE
2018-03-01,0,0.21050921129272712,0.21680918051915488,0.113,0.84345,TRAJECTORY_DEGRADATION
2018-07-01,0,0.30340012196406335,0.3075371464891593,0.101,0.79565,TRAJECTORY_DEGRADATION
2018-04-01,0,0.32171671278388275,0.3408196665068009,0.1455,0.825575,MIXED
2018-01-01,1,0.3761202213020458,0.3761202213020458,0.039,0.89535,NONE
2018-02-01,0,0.16435712223164178,0.16435712223164176,0.0365,0.902725,NONE
2018-05-01,0,0.06073028270813765,0.06597913561232419,0.147,0.78605,TRAJECTORY_DEGRADATION
2018-10-01,0,0.07287873614428879,0.07287873614428879,0.0805,0.809325,NONE
2018-03-01,0,0.2140142188755719,0.22038980146556414,0.113,0.84345,TRAJECTORY_DEGRADATION
2018-06-01,0,0.13646072560352585,0.14021534580658135,0.109,0.79285,TRAJECTORY_DEGRADATION
2018-03-01,0,0.2203304068956061,0.2268398470069752,0.113,0.84345,TRAJECTORY_DEGRADATION
2018-05-01,0,0.30857539625385333,0.327770109833995,0.147,0.78605,TRAJECTORY_DEGRADATION
2018-04-01,0,0.2278936809825611,0.24342495054501315,0.1455,0.825575,MIXED
2018-08-01,0,0.05190889079934585,0.05332954645925198,0.107,0.79355,TRAJECTORY_DEGRADATION
2018-03-01,0,0.13848314224097352,0.1430180485681562,0.113,0.84345,TRAJECTORY_DEGRADATION
2018-12-01,0,0.07473897187107252,0.08668308065961393,0.1955,0.7170749999999999,TRANSITIONAL
2018-07-01,0,0.1954485048129924,0.1985330690825548,0.101,0.79565,TRAJECTORY_DEGRADATION
2018-01-01,0,0.12453687252872517,0.12453687252872517,0.039,0.89535,NONE
2018-08-01,0,0.1273132302715479,0.1305134856961789,0.107,0.79355,TRAJECTORY_DEGRADATION
2018-06-01,0,0.11802199434951877,0.12134057341250806,0.109,0.79285,TRAJECTORY_DEGRADATION
2018-01-01,0,0.18730719489583136,0.18730719489583136,0.039,0.89535,NONE
2018-03-01,0,0.08954764324082659,0.09265240007023667,0.113,0.84345,TRAJECTORY_DEGRADATION
2018-10-01,0,0.2792701873327212,0.2792701873327212,0.0805,0.809325,NONE
2018-01-01,0,0.23502638969090026,0.23502638969090026,0.039,0.89535,NONE
2018-03-01,0,0.15632289540543126,0.1613325996606278,0.113,0.84345,TRAJECTORY_DEGRADATION
2018-05-01,0,0.19628142148870573,0.2106187592803523,0.147,0.78605,TRAJECTORY_DEGRADATION
2018-07-01,0,0.10110998018276589,0.10289610839091472,0.101,0.79565,TRAJECTORY_DEGRADATION
2018-08-01,0,0.28413689914618545,0.2899693753010292,0.107,0.79355,TRAJECTORY_DEGRADATION
2018-02-01,1,0.25068984460041227,0.2506898446004122,0.0365,0.902725,NONE
2018-07-01,1,0.48943730361464627,0.49431097739842683,0.101,0.79565,TRAJECTORY_DEGRADATION
2018-05-01,0,0.3160484177881802,0.3354824360449444,0.147,0.78605,TRAJECTORY_DEGRADATION
2018-08-01,0,0.134506630363109,0.13785914108306221,0.107,0.79355,TRAJECTORY_DEGRADATION
2018-01-01,0,0.09792193629505892,0.09792193629505892,0.039,0.89535,NONE
2018-10-01,0,0.1281464174617755,0.1281464174617755,0.0805,0.809325,NONE
2018-07-01,0,0.09438733886758154,0.09606740220063721,0.101,0.79565,TRAJECTORY_DEGRADATION
2018-05-01,0,0.28795095801472664,0.3064313220203123,0.147,0.78605,TRAJECTORY_DEGRADATION
2018-04-01,0,0.44082215397903984,0.46217837146736296,0.1455,0.825575,MIXED
2018-03-01,0,0.1319881572762231,0.1363440329888538,0.113,0.84345,TRAJECTORY_DEGRADATION
2018-12-01,0,0.04283428139752876,0.04995495063169994,0.1955,0.7170749999999999,TRANSITIONAL
2018-03-01,0,0.1376070932694291,0.14211804406941755,0.113,0.84345,TRAJECTORY_DEGRADATION
2018-01-01,0,0.2771547644468233,0.2771547644468233,0.039,0.89535,NONE
2018-07-01,0,0.08399680690137509,0.08550938529694621,0.101,0.79565,TRAJECTORY_DEGRADATION
2018-08-01,0,0.13661655529602437,0.140013147409851,0.107,0.79355,TRAJECTORY_DEGRADATION
2018-01-01,0,0.1353067418029355,0.1353067418029355,0.039,0.89535,NONE
2018-06-01,0,0.04557695435833016,0.04696697707198897,0.109,0.79285,TRAJECTORY_DEGRADATION
2018-08-01,1,0.048043138815850976,0.04936350414306077,0.107,0.79355,TRAJECTORY_DEGRADATION
2018-01-01,0,0.077907492458358,0.077907492458358,0.039,0.89535,NONE
2018-09-01,0,0.1424806242814373,0.14413802717978433,0.097,0.79705,TRAJECTORY_DEGRADATION
2018-09-01,0,0.09940270457896343,0.10061780184103565,0.097,0.79705,TRAJECTORY_DEGRADATION
2018-03-01,0,0.12787008332806077,0.13211073888476033,0.113,0.84345,TRAJECTORY_DEGRADATION
2018-06-01,0,0.2224686866744874,0.2279650382661165,0.109,0.79285,TRAJECTORY_DEGRADATION
2018-11-01,0,0.1542441213348423,0.1876360597630133,0.2455,0.732075,MIXED
2018-03-01,0,0.12128395379484824,0.12533757861347988,0.113,0.84345,TRAJECTORY_DEGRADATION
2018-03-01,0,0.23821790536785567,0.24508968928395466,0.113,0.84345,TRAJECTORY_DEGRADATION
2018-11-01,0,0.07932951888584204,0.09839008829491634,0.2455,0.732075,MIXED
2018-03-01,0,0.2841345483711408,0.2918234678042259,0.113,0.84345,TRAJECTORY_DEGRADATION
2018-06-01,0,0.19281342746495883,0.19776346348459276,0.109,0.79285,TRAJECTORY_DEGRADATION
2018-03-01,0,0.11041705612693142,0.11415466457414827,0.113,0.84345,TRAJECTORY_DEGRADATION
2018-11-01,0,0.12227999783800517,0.14997920543977825,0.2455,0.732075,MIXED
2018-11-01,0,0.0639883125460012,0.07968185600012287,0.2455,0.732075,MIXED
2018-05-01,1,0.23813891746197868,0.2545653210745963,0.147,0.78605,TRAJECTORY_DEGRADATION
2018-03-01,0,0.19547754572529175,0.20144244121004784,0.113,0.84345,TRAJECTORY_DEGRADATION
2018-04-01,0,0.19345072399947727,0.20726477875232285,0.1455,0.825575,MIXED
2018-06-01,0,0.19303836037496475,0.19799275457943113,0.109,0.79285,TRAJECTORY_DEGRADATION
2018-07-01,1,0.2897083677268249,0.2937374218192536,0.101,0.79565,TRAJECTORY_DEGRADATION
2018-11-01,0,0.08837698361519551,0.10935319550345352,0.2455,0.732075,MIXED
2018-06-01,0,0.09121408525549116,0.09385908901021497,0.109,0.79285,TRAJECTORY_DEGRADATION
2018-04-01,0,0.05978333348739541,0.06481947864211922,0.1455,0.825575,MIXED
2018-02-01,0,0.2897324059805167,0.2897324059805167,0.0365,0.902725,NONE
2018-07-01,0,0.20510368485010272,0.2083011758167384,0.101,0.79565,TRAJECTORY_DEGRADATION
2018-06-01,0,0.08580551822415104,0.08830892583694389,0.109,0.79285,TRAJECTORY_DEGRADATION
2018-01-01,1,0.47801526003920314,0.47801526003920314,0.039,0.89535,NONE
2018-09-01,0,0.1890069658032147,0.19108498359690332,0.097,0.79705,TRAJECTORY_DEGRADATION
2018-01-01,0,0.4765585287732165,0.4765585287732165,0.039,0.89535,NONE
2018-10-01,0,0.04615251806007081,0.04615251806007081,0.0805,0.809325,NONE
2018-06-01,0,0.11139257701175302,0.11454895823793679,0.109,0.79285,TRAJECTORY_DEGRADATION
2018-02-01,0,0.1262933708462164,0.1262933708462164,0.0365,0.902725,NONE
2018-06-01,0,0.1052231286661878,0.1082259858043316,0.109,0.79285,TRAJECTORY_DEGRADATION
2018-02-01,0,0.03653252868677634,0.03653252868677634,0.0365,0.902725,NONE
2018-04-01,0,0.21179084923907937,0.22654668978547204,0.1455,0.825575,MIXED
2018-09-01,0,0.38185512460095716,0.38504673074299955,0.097,0.79705,TRAJECTORY_DEGRADATION
2018-06-01,0,0.13398303225319178,0.13768034963317266,0.109,0.79285,TRAJECTORY_DEGRADATION
2018-12-01,0,0.18306030755290473,0.20841604795468827,0.1955,0.7170749999999999,TRANSITIONAL
2018-05-01,1,0.19385981713028141,0.20806606132296077,0.147,0.78605,TRAJECTORY_DEGRADATION
2018-05-01,0,0.07674540660382739,0.08325573825597839,0.147,0.78605,TRAJECTORY_DEGRADATION
2018-06-01,0,0.22513325006445187,0.2306759022217584,0.109,0.79285,TRAJECTORY_DEGRADATION
2018-04-01,1,0.2344028758943873,0.2502339851451699,0.1455,0.825575,MIXED
2018-08-01,0,0.09818767144225031,0.10074031595714572,0.107,0.79355,TRAJECTORY_DEGRADATION
2018-03-01,1,0.15443848899153287,0.15939921307351707,0.113,0.84345,TRAJECTORY_DEGRADATION
2018-04-01,0,0.031316931219892076,0.034041891336792085,0.1455,0.825575,MIXED
2018-07-01,0,0.1674797938882628,0.17021634244366315,0.101,0.79565,TRAJECTORY_DEGRADATION
2018-01-01,0,0.22183946728066792,0.22183946728066792,0.039,0.89535,NONE
2018-06-01,0,0.2399578868596307,0.24574976121711403,0.109,0.79285,TRAJECTORY_DEGRADATION
2018-06-01,0,0.04879556554755461,0.0502785794981072,0.109,0.79285,TRAJECTORY_DEGRADATION
2018-10-01,0,0.1377464454776196,0.1377464454776196,0.0805,0.809325,NONE
2018-11-01,0,0.16337579704989982,0.19828116178818248,0.2455,0.732075,MIXED
2018-04-01,0,0.20714850092196538,0.22167186365589292,0.1455,0.825575,MIXED
2018-05-01,0,0.15564788746407499,0.16763622394314737,0.147,0.78605,TRAJECTORY_DEGRADATION
2018-07-01,0,0.2006093892737251,0.20375477534964562,0.101,0.79565,TRAJECTORY_DEGRADATION
2018-06-01,0,0.05099847683296927,0.05254474409745513,0.109,0.79285,TRAJECTORY_DEGRADATION
2018-06-01,0,0.03679187290406174,0.037924611368933735,0.109,0.79285,TRAJECTORY_DEGRADATION
2018-09-01,0,0.07796494198027669,0.07894095449468755,0.097,0.79705,TRAJECTORY_DEGRADATION
2018-12-01,0,0.023664791037407675,0.027690961190472048,0.1955,0.7170749999999999,TRANSITIONAL
2018-04-01,0,0.03285120665278526,0.035704746978499034,0.1455,0.825575,MIXED
2018-05-01,0,0.26180017170814046,0.279260435925286,0.147,0.78605,TRAJECTORY_DEGRADATION
2018-02-01,1,0.21702239076415503,0.21702239076415503,0.0365,0.902725,NONE
2018-05-01,1,0.5245175611584947,0.5465272425847969,0.147,0.78605,TRAJECTORY_DEGRADATION
2018-01-01,0,0.058867772906212285,0.058867772906212285,0.039,0.89535,NONE
2018-03-01,1,0.14868705494159662,0.15349657361954036,0.113,0.84345,TRAJECTORY_DEGRADATION
2018-05-01,0,0.0874717851669888,0.09479860857637737,0.147,0.78605,TRAJECTORY_DEGRADATION
2018-01-01,0,0.12161600434377678,0.12161600434377678,0.039,0.89535,NONE
2018-06-01,0,0.3434027846357717,0.3505399360529217,0.109,0.79285,TRAJECTORY_DEGRADATION
2018-03-01,0,0.10728412279722327,0.1109289058327161,0.113,0.84345,TRAJECTORY_DEGRADATION
2018-12-01,0,0.05148419951472503,0.05995274410514829,0.1955,0.7170749999999999,TRANSITIONAL
2018-08-01,0,0.10394271367428184,0.10662728526226455,0.107,0.79355,TRAJECTORY_DEGRADATION
2018-01-01,0,0.13072204611989577,0.13072204611989577,0.039,0.89535,NONE
2018-06-01,1,0.09854961521932806,0.10138360264578937,0.109,0.79285,TRAJECTORY_DEGRADATION
2018-05-01,1,0.283796320299324,0.30212317999809385,0.147,0.78605,TRAJECTORY_DEGRADATION
2018-04-01,0,0.06700939976371051,0.07260726035462833,0.1455,0.825575,MIXED
2018-05-01,0,0.22199569260462645,0.23765592132880864,0.147,0.78605,TRAJECTORY_DEGRADATION
2018-08-01,0,0.08136306525830904,0.08351881879805113,0.107,0.79355,TRAJECTORY_DEGRADATION
2018-04-01,0,0.12395882599147749,0.13363273830345565,0.1455,0.825575,MIXED
2018-05-01,1,0.4445920037432926,0.4665385997651094,0.147,0.78605,TRAJECTORY_DEGRADATION
2018-07-01,1,0.13532308894965864,0.137621067150642,0.101,0.79565,TRAJECTORY_DEGRADATION
2018-03-01,0,0.09140798317251628,0.09457054105729985,0.113,0.84345,TRAJECTORY_DEGRADATION
2018-08-01,0,0.16976901443694573,0.173823906570339,0.107,0.79355,TRAJECTORY_DEGRADATION
2018-04-01,1,0.5484738395499812,0.5697316242552831,0.1455,0.825575,MIXED
2018-02-01,0,0.08504128069214148,0.08504128069214148,0.0365,0.902725,NONE
2018-07-01,0,0.06255531161705573,0.06370863493678683,0.101,0.79565,TRAJECTORY_DEGRADATION
2018-06-01,0,0.020322427013291542,0.02095914194699757,0.109,0.79285,TRAJECTORY_DEGRADATION
2018-03-01,0,0.0780705672396024,0.08081271642226412,0.113,0.84345,TRAJECTORY_DEGRADATION
2018-02-01,0,0.13669376632022862,0.13669376632022862,0.0365,0.902725,NONE
2018-02-01,0,0.24011448879437727,0.24011448879437727,0.0365,0.902725,NONE
2018-05-01,0,0.03722056669105428,0.04052516814651002,0.147,0.78605,TRAJECTORY_DEGRADATION
2018-01-01,1,0.4298249431878783,0.4298249431878783,0.039,0.89535,NONE
2018-01-01,0,0.0900093002742436,0.0900093002742436,0.039,0.89535,NONE
2018-05-01,0,0.21988048792648698,0.23543665808265724,0.147,0.78605,TRAJECTORY_DEGRADATION
2018-03-01,0,0.020077419021798725,0.02082863760398675,0.113,0.84345,TRAJECTORY_DEGRADATION
2018-03-01,0,0.02564910263178584,0.02660313224540979,0.113,0.84345,TRAJECTORY_DEGRADATION
2018-07-01,0,0.2888803636306283,0.2929026509934063,0.101,0.79565,TRAJECTORY_DEGRADATION
2018-02-01,0,0.2148786889258669,0.2148786889258669,0.0365,0.902725,NONE
2018-05-01,0,0.20182432051052607,0.2164574959928316,0.147,0.78605,TRAJECTORY_DEGRADATION
2018-04-01,0,0.020058327511414623,0.021825722485552368,0.1455,0.825575,MIXED
2018-05-01,0,0.10664773953962654,0.1153776956745929,0.147,0.78605,TRAJECTORY_DEGRADATION
2018-07-01,0,0.14245092054962094,0.14484966285576378,0.101,0.79565,TRAJECTORY_DEGRADATION
2018-09-01,0,0.5685654855107147,0.5718739063289058,0.097,0.79705,TRAJECTORY_DEGRADATION
2018-04-01,0,0.27567675364452077,0.2932277704497273,0.1455,0.825575,MIXED
2018-01-01,1,0.29530160904407043,0.29530160904407043,0.039,0.89535,NONE
2018-05-01,0,0.13451967611294555,0.1451604433907208,0.147,0.78605,TRAJECTORY_DEGRADATION
2018-07-01,0,0.11712161953155563,0.1191531033206843,0.101,0.79565,TRAJECTORY_DEGRADATION
2018-06-01,0,0.1733715282785454,0.17793246369645624,0.109,0.79285,TRAJECTORY_DEGRADATION
2018-06-01,0,0.09332009895168514,0.09601971993025354,0.109,0.79285,TRAJECTORY_DEGRADATION
2018-02-01,0,0.23781038447604919,0.23781038447604919,0.0365,0.902725,NONE
2018-01-01,0,0.07732608413065388,0.07732608413065388,0.039,0.89535,NONE
2018-03-01,0,0.07071673489291934,0.07322110247135076,0.113,0.84345,TRAJECTORY_DEGRADATION
2018-02-01,0,0.05712057683120881,0.05712057683120881,0.0365,0.902725,NONE
2018-06-01,0,0.03449371119921464,0.03555830650519782,0.109,0.79285,TRAJECTORY_DEGRADATION
2018-03-01,0,0.057207029184449636,0.05926347436799573,0.113,0.84345,TRAJECTORY_DEGRADATION
2018-05-01,0,0.02958055700445724,0.032229552532597176,0.147,0.78605,TRAJECTORY_DEGRADATION
2018-07-01,0,0.3204487182346722,0.32470984856924096,0.101,0.79565,TRAJECTORY_DEGRADATION
2018-01-01,0,0.08070251304381285,0.08070251304381285,0.039,0.89535,NONE
2018-01-01,0,0.47613216606286063,0.47613216606286063,0.039,0.89535,NONE
2018-03-01,0,0.21418510832784457,0.22056435318547213,0.113,0.84345,TRAJECTORY_DEGRADATION
2018-02-01,1,0.18060862320260135,0.18060862320260135,0.0365,0.902725,NONE
2018-11-01,0,0.1694678256538213,0.20535527834024075,0.2455,0.732075,MIXED
2018-06-01,0,0.040232373362458766,0.04146647692562171,0.109,0.79285,TRAJECTORY_DEGRADATION
2018-04-01,0,0.061304114878932246,0.066459315077396,0.1455,0.825575,MIXED
2018-01-01,0,0.15152069615066058,0.15152069615066058,0.039,0.89535,NONE
2018-02-01,0,0.055518656817504175,0.055518656817504175,0.0365,0.902725,NONE
2018-05-01,0,0.16740406042084602,0.1801047378519713,0.147,0.78605,TRAJECTORY_DEGRADATION
2018-01-01,1,0.17244926785250445,0.17244926785250445,0.039,0.89535,NONE
2018-04-01,0,0.6581035126115327,0.67723726939116,0.1455,0.825575,MIXED
2018-01-01,0,0.2824007655010495,0.2824007655010495,0.039,0.89535,NONE
2018-04-01,0,0.10235840523278537,0.1105593361021764,0.1455,0.825575,MIXED
2018-03-01,1,0.2081333129820524,0.21438148593704948,0.113,0.84345,TRAJECTORY_DEGRADATION
2018-05-01,0,0.25936235831940996,0.2767209838137898,0.147,0.78605,TRAJECTORY_DEGRADATION
2018-04-01,0,0.09047638739031162,0.09782908545580213,0.1455,0.825575,MIXED
2018-06-01,0,0.059871802625816296,0.06166962489864258,0.109,0.79285,TRAJECTORY_DEGRADATION
2018-02-01,0,0.03436653441269524,0.03436653441269524,0.0365,0.902725,NONE
2018-05-01,0,0.04659609993846131,0.050689276478997784,0.147,0.78605,TRAJECTORY_DEGRADATION
2018-02-01,0,0.2613286259492324,0.2613286259492324,0.0365,0.902725,NONE
2018-07-01,0,0.052840723761856334,0.05382522436559743,0.101,0.79565,TRAJECTORY_DEGRADATION
2018-05-01,0,0.02420584935513738,0.02638661693761678,0.147,0.78605,TRAJECTORY_DEGRADATION
2018-01-01,0,0.03565070148146557,0.03565070148146557,0.039,0.89535,NONE
2018-07-01,0,0.03830558439812515,0.03903043347438336,0.101,0.79565,TRAJECTORY_DEGRADATION
2018-03-01,0,0.1485050833849402,0.15330977592057776,0.113,0.84345,TRAJECTORY_DEGRADATION
2018-02-01,0,0.032908772446375585,0.032908772446375585,0.0365,0.902725,NONE
2018-02-01,0,0.09872269343720587,0.09872269343720587,0.0365,0.902725,NONE
2018-05-01,0,0.10512578015697235,0.11374701478054207,0.147,0.78605,TRAJECTORY_DEGRADATION
2018-11-01,0,0.0640061792263426,0.07970373146700607,0.2455,0.732075,MIXED
2018-05-01,0,0.1479477738480521,0.15945503337993022,0.147,0.78605,TRAJECTORY_DEGRADATION
2018-06-01,0,0.07652389715573847,0.07877984553230866,0.109,0.79285,TRAJECTORY_DEGRADATION
2018-03-01,0,0.04306841201636865,0.044640675550153164,0.113,0.84345,TRAJECTORY_DEGRADATION
2018-10-01,0,0.19561123360512708,0.19561123360512708,0.0805,0.809325,NONE
2018-08-01,0,0.36238779166198437,0.36899856338728043,0.107,0.79355,TRAJECTORY_DEGRADATION
2018-07-01,0,0.06944818165541948,0.07071900094950995,0.101,0.79565,TRAJECTORY_DEGRADATION
2018-05-01,0,0.03368658526539749,0.036689381473854386,0.147,0.78605,TRAJECTORY_DEGRADATION
2018-04-01,0,0.04204008925371921,0.0456541220610638,0.1455,0.825575,MIXED
2018-03-01,0,0.21978552434117088,0.226283538571031,0.113,0.84345,TRAJECTORY_DEGRADATION
2018-05-01,0,0.04029160120896389,0.04385644210685432,0.147,0.78605,TRAJECTORY_DEGRADATION
2018-01-01,0,0.16814966078421584,0.16814966078421584,0.039,0.89535,NONE
2018-01-01,0,0.20458317266327936,0.20458317266327936,0.039,0.89535,NONE
2018-06-01,0,0.3151470239894549,0.32198490003029717,0.109,0.79285,TRAJECTORY_DEGRADATION
2018-05-01,0,0.1188501479047234,0.12843536269132505,0.147,0.78605,TRAJECTORY_DEGRADATION
2018-02-01,0,0.23300330088349247,0.23300330088349244,0.0365,0.902725,NONE
2018-01-01,0,0.04030277873790072,0.04030277873790072,0.039,0.89535,NONE
2018-01-01,0,0.11193815225709672,0.11193815225709672,0.039,0.89535,NONE
2018-05-01,0,0.04105538435763508,0.04468465534955108,0.147,0.78605,TRAJECTORY_DEGRADATION
2018-11-01,0,0.22000139552133863,0.2631988450862431,0.2455,0.732075,MIXED
2018-06-01,0,0.0869076814072462,0.08944009905727288,0.109,0.79285,TRAJECTORY_DEGRADATION
2018-01-01,0,0.11765291149525584,0.11765291149525584,0.039,0.89535,NONE
2018-12-01,0,0.13340883406220616,0.15317682135883617,0.1955,0.7170749999999999,TRANSITIONAL
2018-09-01,0,0.06974747337071872,0.07062849462708329,0.097,0.79705,TRAJECTORY_DEGRADATION
2018-03-01,0,0.07764955093848608,0.08037820162041788,0.113,0.84345,TRAJECTORY_DEGRADATION
2018-08-01,0,0.050702691755841585,0.052092149650332834,0.107,0.79355,TRAJECTORY_DEGRADATION
2018-03-01,0,0.14934935043483488,0.1541764123146474,0.113,0.84345,TRAJECTORY_DEGRADATION
2018-01-01,0,0.094486407817146,0.094486407817146,0.039,0.89535,NONE
2018-03-01,1,0.10556331681517483,0.10915678694262683,0.113,0.84345,TRAJECTORY_DEGRADATION
2018-04-01,1,0.4744361667815415,0.49597644368668153,0.1455,0.825575,MIXED
2018-04-01,0,0.09043234931040559,0.0977818533107782,0.1455,0.825575,MIXED
2018-02-01,1,0.15940273622564688,0.15940273622564688,0.0365,0.902725,NONE
2018-05-01,0,0.12287960813850034,0.13274084145066917,0.147,0.78605,TRAJECTORY_DEGRADATION
2018-03-01,0,0.1136718318807626,0.11750506134855887,0.113,0.84345,TRAJECTORY_DEGRADATION
2018-02-01,0,0.07727514416152491,0.07727514416152491,0.0365,0.902725,NONE
2018-07-01,0,0.06906647995601234,0.0703308424627984,0.101,0.79565,TRAJECTORY_DEGRADATION
2018-03-01,0,0.1296033942423255,0.1338927079127002,0.113,0.84345,TRAJECTORY_DEGRADATION
2018-08-01,0,0.21939254070935046,0.22431244816851384,0.107,0.79355,TRAJECTORY_DEGRADATION
2018-07-01,0,0.09061937551270316,0.09223920146303687,0.101,0.79565,TRAJECTORY_DEGRADATION
2018-05-01,1,0.370645550611672,0.39151500921656174,0.147,0.78605,TRAJECTORY_DEGRADATION
2018-05-01,0,0.1927625829886276,0.20690905837492443,0.147,0.78605,TRAJECTORY_DEGRADATION
2018-04-01,1,0.36996933468734394,0.3902888129011789,0.1455,0.825575,MIXED
2018-09-01,0,0.03962191363080128,0.04013882064873938,0.097,0.79705,TRAJECTORY_DEGRADATION
2018-10-01,0,0.27700032335087926,0.27700032335087926,0.0805,0.809325,NONE
2018-01-01,0,0.14861325310858134,0.14861325310858134,0.039,0.89535,NONE
2018-02-01,1,0.312789655333258,0.312789655333258,0.0365,0.902725,NONE
2018-03-01,1,0.3070942664613377,0.3151309887214233,0.113,0.84345,TRAJECTORY_DEGRADATION
2018-07-01,1,0.3314308371463565,0.3357658459112358,0.101,0.79565,TRAJECTORY_DEGRADATION
2018-06-01,0,0.16765045044692398,0.1720922130077486,0.109,0.79285,TRAJECTORY_DEGRADATION
2018-08-01,0,0.14823735816402359,0.1518720475087589,0.107,0.79355,TRAJECTORY_DEGRADATION
2018-06-01,0,0.2609278257774128,0.2670480110606772,0.109,0.79285,TRAJECTORY_DEGRADATION
2018-03-01,0,0.05680535600515649,0.058848263349848974,0.113,0.84345,TRAJECTORY_DEGRADATION
2018-12-01,0,0.11132371829598023,0.12830373130432055,0.1955,0.7170749999999999,TRANSITIONAL
2018-07-01,0,0.12255496944295004,0.12466738763392318,0.101,0.79565,TRAJECTORY_DEGRADATION
2018-06-01,0,0.09950767675125821,0.102366086511218,0.109,0.79285,TRAJECTORY_DEGRADATION
2018-06-01,0,0.1734231654113007,0.1779851667718745,0.109,0.79285,TRAJECTORY_DEGRADATION
2018-04-01,1,0.3108160433047532,0.32958624767709704,0.1455,0.825575,MIXED
2018-02-01,0,0.3019053504509012,0.3019053504509012,0.0365,0.902725,NONE
2018-06-01,0,0.05877655192323424,0.06054360412510128,0.109,0.79285,TRAJECTORY_DEGRADATION
2018-01-01,0,0.11887632121724975,0.11887632121724975,0.039,0.89535,NONE
2018-03-01,1,0.36286163800174576,0.37157516799257917,0.113,0.84345,TRAJECTORY_DEGRADATION
2018-02-01,1,0.021322860484201657,0.02132286048420165,0.0365,0.902725,NONE
2018-02-01,1,0.44464189646667507,0.44464189646667507,0.0365,0.902725,NONE
2018-08-01,0,0.41016906768792255,0.4170813129271299,0.107,0.79355,TRAJECTORY_DEGRADATION
2018-09-01,0,0.12678247128927278,0.12828458390479386,0.097,0.79705,TRAJECTORY_DEGRADATION
2018-03-01,0,0.051188468546323036,0.05304073375988159,0.113,0.84345,TRAJECTORY_DEGRADATION
2018-03-01,0,0.15479673987201645,0.1597667970497583,0.113,0.84345,TRAJECTORY_DEGRADATION
2018-05-01,0,0.17794440984238594,0.19126106707768373,0.147,0.78605,TRAJECTORY_DEGRADATION
2018-05-01,0,0.18097840286657874,0.1944683999188778,0.147,0.78605,TRAJECTORY_DEGRADATION
2018-04-01,0,0.1582807195693539,0.1701130317680567,0.1455,0.825575,MIXED
2018-02-01,0,0.1074852920480683,0.1074852920480683,0.0365,0.902725,NONE
2018-01-01,0,0.031128882874205753,0.031128882874205753,0.039,0.89535,NONE
2018-06-01,0,0.06910642422852707,0.07116055325742057,0.109,0.79285,TRAJECTORY_DEGRADATION
2018-04-01,0,0.22933967269645908,0.24493822636516216,0.1455,0.825575,MIXED
2018-04-01,0,0.2882561732624276,0.3062694247355427,0.1455,0.825575,MIXED
2018-05-01,0,0.23622946311058476,0.25256781993132055,0.147,0.78605,TRAJECTORY_DEGRADATION
2018-01-01,0,0.25991462122716535,0.25991462122716535,0.039,0.89535,NONE
2018-06-01,0,0.04608029542058647,0.0474849054608398,0.109,0.79285,TRAJECTORY_DEGRADATION
2018-03-01,0,0.08724971862482676,0.09028270334988651,0.113,0.84345,TRAJECTORY_DEGRADATION
2018-04-01,0,0.1585084450526173,0.17035433552701024,0.1455,0.825575,MIXED
2018-01-01,0,0.045771023330686056,0.045771023330686056,0.039,0.89535,NONE
2018-05-01,0,0.16171113347701363,0.1740701974459701,0.147,0.78605,TRAJECTORY_DEGRADATION
2018-01-01,0,0.12509006134310682,0.12509006134310682,0.039,0.89535,NONE
2018-04-01,0,0.308643232984826,0.3273445454673972,0.1455,0.825575,MIXED
2018-05-01,0,0.03301203818398542,0.035956943197910894,0.147,0.78605,TRAJECTORY_DEGRADATION
2018-06-01,0,0.12491253860294836,0.1283966623079135,0.109,0.79285,TRAJECTORY_DEGRADATION
2018-02-01,0,0.062317442507632916,0.062317442507632916,0.0365,0.902725,NONE
2018-03-01,0,0.11530240163796095,0.1191832231344955,0.113,0.84345,TRAJECTORY_DEGRADATION
2018-03-01,1,0.4018613915811904,0.41090745332500567,0.113,0.84345,TRAJECTORY_DEGRADATION
2018-06-01,1,0.2602167772793916,0.2663262945309211,0.109,0.79285,TRAJECTORY_DEGRADATION
2018-12-01,0,0.374030324462252,0.4124818213153914,0.1955,0.7170749999999999,TRANSITIONAL
2018-01-01,0,0.11415970413931456,0.11415970413931456,0.039,0.89535,NONE
2018-02-01,0,0.16639606850371835,0.16639606850371835,0.0365,0.902725,NONE
2018-06-01,0,0.07582455267388617,0.07806162690712169,0.109,0.79285,TRAJECTORY_DEGRADATION
2018-08-01,0,0.2821110951070234,0.28791871246379275,0.107,0.79355,TRAJECTORY_DEGRADATION
2018-03-01,0,0.027071371368735206,0.02807677847630935,0.113,0.84345,TRAJECTORY_DEGRADATION
2018-01-01,0,0.06635822378975936,0.06635822378975936,0.039,0.89535,NONE
2018-01-01,0,0.11439981328186369,0.11439981328186369,0.039,0.89535,NONE
2018-01-01,1,0.3262861838325343,0.3262861838325343,0.039,0.89535,NONE
2018-03-01,0,0.36829705513332966,0.3770638633761708,0.113,0.84345,TRAJECTORY_DEGRADATION
2018-04-01,1,0.2480150047045804,0.2644478987779431,0.1455,0.825575,MIXED
2018-05-01,0,0.12019204461290263,0.12986953214648894,0.147,0.78605,TRAJECTORY_DEGRADATION
2018-10-01,0,0.39097163421520104,0.39097163421520104,0.0805,0.809325,NONE
2018-05-01,0,0.09338896372664207,0.10115647996368886,0.147,0.78605,TRAJECTORY_DEGRADATION
2018-10-01,0,0.0957618094895656,0.0957618094895656,0.0805,0.809325,NONE
2018-07-01,0,0.019440103552073162,0.0198153204144628,0.101,0.79565,TRAJECTORY_DEGRADATION
2018-07-01,0,0.15536129623756398,0.15793739838110757,0.101,0.79565,TRAJECTORY_DEGRADATION
2018-04-01,0,0.25194022518405546,0.26854031983069715,0.1455,0.825575,MIXED
2018-07-01,0,0.05870027068313326,0.059787052078152055,0.101,0.79565,TRAJECTORY_DEGRADATION
2018-09-01,0,0.21431315251983402,0.21659508961500779,0.097,0.79705,TRAJECTORY_DEGRADATION
2018-05-01,0,0.1325048591395291,0.14301258587939242,0.147,0.78605,TRAJECTORY_DEGRADATION
2018-04-01,1,0.17466843420069178,0.18745298825663895,0.1455,0.825575,MIXED
2018-04-01,1,0.21102688761412947,0.22574474580655682,0.1455,0.825575,MIXED
2018-06-01,0,0.14173348955643886,0.14560872356117271,0.109,0.79285,TRAJECTORY_DEGRADATION
2018-02-01,0,0.20007278245797808,0.20007278245797808,0.0365,0.902725,NONE
2018-02-01,0,0.2775994971031778,0.2775994971031778,0.0365,0.902725,NONE
2018-10-01,0,0.4250187040174281,0.4250187040174281,0.0805,0.809325,NONE
2018-04-01,0,0.062730204997994,0.06799664139357572,0.1455,0.825575,MIXED
2018-10-01,0,0.018855176323813387,0.018855176323813387,0.0805,0.809325,NONE
2018-01-01,0,0.11110363809695184,0.11110363809695184,0.039,0.89535,NONE
2018-03-01,0,0.26417200536668617,0.2715256190697821,0.113,0.84345,TRAJECTORY_DEGRADATION
2018-08-01,0,0.1192101329204826,0.12223523177935061,0.107,0.79355,TRAJECTORY_DEGRADATION
2018-09-01,1,0.24550293050475297,0.2480121350584487,0.097,0.79705,TRAJECTORY_DEGRADATION
2018-08-01,0,0.1819506996052,0.1862312831217922,0.107,0.79355,TRAJECTORY_DEGRADATION
2018-02-01,0,0.1913851381468859,0.1913851381468859,0.0365,0.902725,NONE
2018-01-01,0,0.08773507875751994,0.08773507875751994,0.039,0.89535,NONE
2018-01-01,1,0.16858600169521554,0.1685860016952155,0.039,0.89535,NONE
2018-05-01,0,0.24957529335655432,0.2665145983065396,0.147,0.78605,TRAJECTORY_DEGRADATION
2018-07-01,0,0.19600917981113206,0.19910040291000006,0.101,0.79565,TRAJECTORY_DEGRADATION
2018-09-01,0,0.5725491592792997,0.5758498208007923,0.097,0.79705,TRAJECTORY_DEGRADATION
2018-01-01,0,0.3116150783199538,0.3116150783199538,0.039,0.89535,NONE
2018-05-01,0,0.07846787314175918,0.08511085213370835,0.147,0.78605,TRAJECTORY_DEGRADATION
2018-01-01,0,0.04581702922655253,0.04581702922655253,0.039,0.89535,NONE
2018-04-01,0,0.11762723747100787,0.12687858924582507,0.1455,0.825575,MIXED
2018-07-01,0,0.10985885246957637,0.1117803123321101,0.101,0.79565,TRAJECTORY_DEGRADATION
2018-04-01,1,0.30290904453833395,0.32142444505248097,0.1455,0.825575,MIXED
2018-03-01,0,0.19821608999154924,0.2042433360985789,0.113,0.84345,TRAJECTORY_DEGRADATION
2018-01-01,0,0.07312850086698562,0.07312850086698562,0.039,0.89535,NONE
2018-07-01,0,0.057279977927839745,0.05834209371085601,0.101,0.79565,TRAJECTORY_DEGRADATION
2018-04-01,0,0.20961907743032354,0.2242666589048244,0.1455,0.825575,MIXED
2018-12-01,0,0.3652479081469741,0.4033783529908884,0.1955,0.7170749999999999,TRANSITIONAL
2018-06-01,0,0.18804187425664654,0.19289868603060906,0.109,0.79285,TRAJECTORY_DEGRADATION
2018-08-01,0,0.20429073031550857,0.20896263435518153,0.107,0.79355,TRAJECTORY_DEGRADATION
2018-02-01,0,0.1539945736897674,0.1539945736897674,0.0365,0.902725,NONE
2018-03-01,0,0.04244401915303153,0.043994536437854934,0.113,0.84345,TRAJECTORY_DEGRADATION
2018-01-01,0,0.03379037235189642,0.03379037235189642,0.039,0.89535,NONE
2018-10-01,0,0.060786113665021325,0.060786113665021325,0.0805,0.809325,NONE
2018-07-01,0,0.1746841554088224,0.17751332024162741,0.101,0.79565,TRAJECTORY_DEGRADATION
2018-12-01,0,0.07354650332168731,0.08531761481091861,0.1955,0.7170749999999999,TRANSITIONAL
2018-04-01,0,0.08851959857527351,0.09573001275093736,0.1455,0.825575,MIXED
2018-05-01,0,0.15382780238674865,0.16570346355188006,0.147,0.78605,TRAJECTORY_DEGRADATION
2018-01-01,0,0.05757941288575971,0.05757941288575971,0.039,0.89535,NONE
2018-06-01,1,0.2703138698323572,0.2765718242650757,0.109,0.79285,TRAJECTORY_DEGRADATION
2018-03-01,0,0.06257735060047295,0.06481357356293076,0.113,0.84345,TRAJECTORY_DEGRADATION
2018-06-01,1,0.2024896325241056,0.2076241856346197,0.109,0.79285,TRAJECTORY_DEGRADATION
2018-07-01,0,0.19065017219090583,0.19367723884973004,0.101,0.79565,TRAJECTORY_DEGRADATION
2018-10-01,0,0.07430368465555459,0.07430368465555459,0.0805,0.809325,NONE
2018-01-01,0,0.28046623313794683,0.28046623313794683,0.039,0.89535,NONE
2018-11-01,0,0.12600448659928587,0.15439896452381172,0.2455,0.732075,MIXED
2018-02-01,0,0.14574295853990712,0.14574295853990712,0.0365,0.902725,NONE
2018-03-01,0,0.04073912842338324,0.04223011127502417,0.113,0.84345,TRAJECTORY_DEGRADATION
2018-05-01,0,0.32932087613391414,0.34915439440549195,0.147,0.78605,TRAJECTORY_DEGRADATION
2018-03-01,1,0.5175229359910597,0.5268791770035831,0.113,0.84345,TRAJECTORY_DEGRADATION
2018-06-01,0,0.15782871756089634,0.16206092666343289,0.109,0.79285,TRAJECTORY_DEGRADATION
2018-07-01,1,0.5462667583188306,0.5510955068512313,0.101,0.79565,TRAJECTORY_DEGRADATION
2018-01-01,1,0.07393899625602836,0.07393899625602836,0.039,0.89535,NONE
2018-12-01,0,0.11370016423070904,0.13098922423959708,0.1955,0.7170749999999999,TRANSITIONAL
2018-05-01,1,0.238753134543936,0.2552077134955748,0.147,0.78605,TRAJECTORY_DEGRADATION
2018-04-01,0,0.24786002676807273,0.2642862612371047,0.1455,0.825575,MIXED
2018-03-01,1,0.28901777375727195,0.29678405293325477,0.113,0.84345,TRAJECTORY_DEGRADATION
2018-03-01,0,0.13137047068207452,0.13570914856393756,0.113,0.84345,TRAJECTORY_DEGRADATION
2018-07-01,0,0.28741071661949996,0.2914209268709167,0.101,0.79565,TRAJECTORY_DEGRADATION
2018-03-01,1,0.4227794383137212,0.431956324014678,0.113,0.84345,TRAJECTORY_DEGRADATION
2018-02-01,0,0.1404899704240998,0.1404899704240998,0.0365,0.902725,NONE
2018-07-01,0,0.04438380152130405,0.04521825948847173,0.101,0.79565,TRAJECTORY_DEGRADATION
2018-02-01,0,0.08449345915347743,0.08449345915347743,0.0365,0.902725,NONE
2018-01-01,0,0.11366006962653007,0.11366006962653007,0.039,0.89535,NONE
2018-06-01,0,0.04102171332289893,0.04227896281699747,0.109,0.79285,TRAJECTORY_DEGRADATION
2018-01-01,0,0.02134534790133018,0.02134534790133018,0.039,0.89535,NONE
2018-01-01,0,0.06721905531971276,0.06721905531971276,0.039,0.89535,NONE
2018-01-01,0,0.07554177605809476,0.07554177605809476,0.039,0.89535,NONE
2018-01-01,0,0.021458961772495573,0.021458961772495573,0.039,0.89535,NONE
2018-04-01,0,0.2880790133523555,0.30608595503198927,0.1455,0.825575,MIXED
2018-08-01,0,0.21240282783058706,0.21720960551980514,0.107,0.79355,TRAJECTORY_DEGRADATION
2018-03-01,0,0.42576396596663935,0.4349568181597437,0.113,0.84345,TRAJECTORY_DEGRADATION
2018-01-01,0,0.06172942310156332,0.06172942310156332,0.039,0.89535,NONE
2018-02-01,1,0.5601370293881552,0.5601370293881552,0.0365,0.902725,NONE
2018-06-01,0,0.10577364751083657,0.10879030518717955,0.109,0.79285,TRAJECTORY_DEGRADATION
2018-05-01,0,0.1280178233768811,0.13822642214181385,0.147,0.78605,TRAJECTORY_DEGRADATION
2018-09-01,0,0.18569615132122355,0.18774619545708504,0.097,0.79705,TRAJECTORY_DEGRADATION
2018-01-01,0,0.06105610731808535,0.06105610731808532,0.039,0.89535,NONE
2018-05-01,0,0.19158453896498048,0.2056665866677165,0.147,0.78605,TRAJECTORY_DEGRADATION
2018-02-01,0,0.057201595979293814,0.057201595979293814,0.0365,0.902725,NONE
2018-08-01,0,0.25610870111940304,0.2615760696734342,0.107,0.79355,TRAJECTORY_DEGRADATION
2018-11-01,0,0.23227621793009537,0.2770278313770625,0.2455,0.732075,MIXED
2018-02-01,0,0.09975961746861897,0.09975961746861897,0.0365,0.902725,NONE
2018-01-01,0,0.06691828270607784,0.06691828270607784,0.039,0.89535,NONE
2018-06-01,1,0.19526256972481942,0.20025988247162677,0.109,0.79285,TRAJECTORY_DEGRADATION
2018-01-01,0,0.11727190918826151,0.11727190918826151,0.039,0.89535,NONE
2018-05-01,0,0.26442044790953023,0.2819887111631744,0.147,0.78605,TRAJECTORY_DEGRADATION
2018-05-01,1,0.35604432004461856,0.3765835813145991,0.147,0.78605,TRAJECTORY_DEGRADATION
2018-02-01,0,0.5409730465013736,0.5409730465013736,0.0365,0.902725,NONE
2018-01-01,1,0.13747934784720353,0.13747934784720353,0.039,0.89535,NONE
2018-03-01,0,0.35601094864608235,0.3646541236349089,0.113,0.84345,TRAJECTORY_DEGRADATION
2018-06-01,0,0.0735797715442695,0.07575604617970252,0.109,0.79285,TRAJECTORY_DEGRADATION
2018-07-01,1,0.2731311209091414,0.27701954484002334,0.101,0.79565,TRAJECTORY_DEGRADATION
2018-08-01,0,0.22438689723489813,0.2293858922441217,0.107,0.79355,TRAJECTORY_DEGRADATION
2018-03-01,0,0.37792639386324756,0.38678207158279104,0.113,0.84345,TRAJECTORY_DEGRADATION
2018-04-01,1,0.42693272601679594,0.44815534354216713,0.1455,0.825575,MIXED
2018-04-01,0,0.0789122728602619,0.0854134503311161,0.1455,0.825575,MIXED
2018-06-01,0,0.2495612830071076,0.2555070304495947,0.109,0.79285,TRAJECTORY_DEGRADATION
2018-01-01,0,0.0599149440427463,0.0599149440427463,0.039,0.89535,NONE
2018-03-01,0,0.08049100090863184,0.0833104829243161,0.113,0.84345,TRAJECTORY_DEGRADATION
2018-09-01,0,0.21043661802293415,0.21268845262823655,0.097,0.79705,TRAJECTORY_DEGRADATION
2018-05-01,0,0.07412822420922739,0.08043588215781006,0.147,0.78605,TRAJECTORY_DEGRADATION
2018-01-01,0,0.08518919001435446,0.08518919001435446,0.039,0.89535,NONE
2018-03-01,0,0.1861002352685375,0.1918472211298401,0.113,0.84345,TRAJECTORY_DEGRADATION
2018-03-01,0,0.17376391317257636,0.1792138235165147,0.113,0.84345,TRAJECTORY_DEGRADATION
2018-04-01,0,0.13443711151750204,0.14479360583779036,0.1455,0.825575,MIXED
2018-05-01,0,0.027206883442403584,0.029649806644654893,0.147,0.78605,TRAJECTORY_DEGRADATION
2018-02-01,1,0.11036275207165214,0.11036275207165214,0.0365,0.902725,NONE
2018-04-01,0,0.2870059402583039,0.30497454096699794,0.1455,0.825575,MIXED
2018-07-01,0,0.3380163771346051,0.34239340955135683,0.101,0.79565,TRAJECTORY_DEGRADATION
2018-04-01,0,0.26205099259481957,0.2790687496616226,0.1455,0.825575,MIXED
2018-03-01,0,0.09888392264354454,0.10227601953216223,0.113,0.84345,TRAJECTORY_DEGRADATION
2018-07-01,0,0.14086596276625155,0.14324247393335934,0.101,0.79565,TRAJECTORY_DEGRADATION
2018-06-01,0,0.39997418094033893,0.40755728418434356,0.109,0.79285,TRAJECTORY_DEGRADATION
2018-03-01,0,0.41320362330049365,0.4223247320023177,0.113,0.84345,TRAJECTORY_DEGRADATION
2018-11-01,0,0.06863281844758823,0.0853615745469613,0.2455,0.732075,MIXED
2018-05-01,0,0.09268722561424571,0.10040283939807598,0.147,0.78605,TRAJECTORY_DEGRADATION
2018-08-01,1,0.33295000672328723,0.3393095410757696,0.107,0.79355,TRAJECTORY_DEGRADATION
2018-10-01,0,0.1949294090031503,0.1949294090031503,0.0805,0.809325,NONE
2018-05-01,0,0.038155030921026366,0.0415390185681435,0.147,0.78605,TRAJECTORY_DEGRADATION
2018-03-01,0,0.04275429925309441,0.04431562676840075,0.113,0.84345,TRAJECTORY_DEGRADATION
2018-02-01,0,0.4926496707669673,0.4926496707669673,0.0365,0.902725,NONE
2018-01-01,0,0.11457184023403283,0.11457184023403283,0.039,0.89535,NONE
2018-01-01,0,0.020888184570938707,0.020888184570938707,0.039,0.89535,NONE
2018-03-01,0,0.03735558607965546,0.03872773643322088,0.113,0.84345,TRAJECTORY_DEGRADATION
2018-05-01,0,0.19285978008889187,0.20701155933744192,0.147,0.78605,TRAJECTORY_DEGRADATION
2018-07-01,0,0.38478096813151264,0.3894073451509622,0.101,0.79565,TRAJECTORY_DEGRADATION
2018-01-01,0,0.12222085934808356,0.12222085934808355,0.039,0.89535,NONE
2018-10-01,0,0.21998775682816188,0.21998775682816188,0.0805,0.809325,NONE
2018-01-01,0,0.35131901859500153,0.35131901859500153,0.039,0.89535,NONE
2018-01-01,0,0.13374381308787667,0.13374381308787667,0.039,0.89535,NONE
2018-01-01,1,0.17289296118399072,0.17289296118399072,0.039,0.89535,NONE
2018-04-01,0,0.2655175489463401,0.2826741931573135,0.1455,0.825575,MIXED
2018-08-01,0,0.0734880774488842,0.07545231701440139,0.107,0.79355,TRAJECTORY_DEGRADATION
2018-04-01,0,0.06104602886343212,0.06618105616427039,0.1455,0.825575,MIXED
2018-12-01,0,0.04481663050713452,0.052248852079168684,0.1955,0.7170749999999999,TRANSITIONAL
2018-06-01,0,0.1800192785819344,0.18471601916397656,0.109,0.79285,TRAJECTORY_DEGRADATION
2018-08-01,0,0.19780589576501162,0.20236721514983563,0.107,0.79355,TRAJECTORY_DEGRADATION
2018-03-01,1,0.16533166435709343,0.17057170457893742,0.113,0.84345,TRAJECTORY_DEGRADATION
2018-01-01,0,0.38663877924317125,0.38663877924317125,0.039,0.89535,NONE
2018-05-01,1,0.20741905619780024,0.22234487664605865,0.147,0.78605,TRAJECTORY_DEGRADATION
2018-05-01,0,0.19350891356330713,0.20769606835545504,0.147,0.78605,TRAJECTORY_DEGRADATION
2018-03-01,0,0.24659522706799117,0.2536282108866237,0.113,0.84345,TRAJECTORY_DEGRADATION
2018-01-01,0,0.01940020792145656,0.01940020792145656,0.039,0.89535,NONE
2018-04-01,0,0.1685139708058653,0.18094682018367444,0.1455,0.825575,MIXED
2018-07-01,0,0.19238431300258796,0.19543226506735725,0.101,0.79565,TRAJECTORY_DEGRADATION
2018-10-01,0,0.029446826962694402,0.029446826962694402,0.0805,0.809325,NONE
2018-08-01,0,0.15876002303640258,0.16260346711115176,0.107,0.79355,TRAJECTORY_DEGRADATION
2018-03-01,1,0.3634093934822669,0.37212839449255797,0.113,0.84345,TRAJECTORY_DEGRADATION
2018-02-01,0,0.3527236312709439,0.3527236312709439,0.0365,0.902725,NONE
2018-08-01,0,0.22258332119407379,0.2275539238110776,0.107,0.79355,TRAJECTORY_DEGRADATION
2018-03-01,0,0.32619928572693896,0.3344946279438288,0.113,0.84345,TRAJECTORY_DEGRADATION
2018-06-01,0,0.07686775918158881,0.07913297606140557,0.109,0.79285,TRAJECTORY_DEGRADATION
2018-09-01,0,0.18852066669019316,0.19059459443496526,0.097,0.79705,TRAJECTORY_DEGRADATION
2018-06-01,1,0.18533134049122574,0.19013453741666425,0.109,0.79285,TRAJECTORY_DEGRADATION
2018-03-01,0,0.2156665261606783,0.22207742396991095,0.113,0.84345,TRAJECTORY_DEGRADATION
2018-07-01,0,0.11635994267561638,0.11837998655108607,0.101,0.79565,TRAJECTORY_DEGRADATION
2018-05-01,0,0.20441138094993783,0.21918062193242568,0.147,0.78605,TRAJECTORY_DEGRADATION
2018-07-01,1,0.4195780423551389,0.4243342304527667,0.101,0.79565,TRAJECTORY_DEGRADATION
2018-04-01,0,0.19399781909541414,0.20784087385392558,0.1455,0.825575,MIXED
2018-03-01,1,0.4361217147344169,0.44536475637794865,0.113,0.84345,TRAJECTORY_DEGRADATION
2018-08-01,0,0.3706601465623786,0.377332519805797,0.107,0.79355,TRAJECTORY_DEGRADATION
2018-01-01,0,0.1159146437766278,0.1159146437766278,0.039,0.89535,NONE
2018-05-01,0,0.1079763619081405,0.11680085670154901,0.147,0.78605,TRAJECTORY_DEGRADATION
2018-03-01,0,0.05144984440268994,0.053311036140287114,0.113,0.84345,TRAJECTORY_DEGRADATION
2018-10-01,0,0.5896075408466928,0.5896075408466928,0.0805,0.809325,NONE
2018-08-01,0,0.03572157769258585,0.03671637148272029,0.107,0.79355,TRAJECTORY_DEGRADATION
2018-07-01,0,0.2360407266159326,0.23957515433532425,0.101,0.79565,TRAJECTORY_DEGRADATION
2018-10-01,0,0.2617907855047096,0.2617907855047096,0.0805,0.809325,NONE
2018-06-01,1,0.3233980405693097,0.33032859196056596,0.109,0.79285,TRAJECTORY_DEGRADATION
2018-10-01,0,0.3842501835144143,0.3842501835144143,0.0805,0.809325,NONE
2018-02-01,0,0.05151364671156579,0.05151364671156579,0.0365,0.902725,NONE
2018-07-01,0,0.28116828213332734,0.2851262434474412,0.101,0.79565,TRAJECTORY_DEGRADATION
2018-03-01,0,0.17802088114962103,0.1835746419092867,0.113,0.84345,TRAJECTORY_DEGRADATION
2018-12-01,0,0.21432511041179894,0.24272469444309458,0.1955,0.7170749999999999,TRANSITIONAL
2018-03-01,0,0.2790602203780357,0.286666811968359,0.113,0.84345,TRAJECTORY_DEGRADATION
2018-09-01,1,0.4425890089107787,0.44592204525924334,0.097,0.79705,TRAJECTORY_DEGRADATION
2018-05-01,0,0.18247387608212395,0.1960486617546555,0.147,0.78605,TRAJECTORY_DEGRADATION
2018-01-01,0,0.06665669647139105,0.06665669647139105,0.039,0.89535,NONE
2018-11-01,0,0.28983299869425944,0.34075190712561576,0.2455,0.732075,MIXED
2018-05-01,0,0.11618188569319411,0.1255825759974133,0.147,0.78605,TRAJECTORY_DEGRADATION
2018-04-01,0,0.24093830991382448,0.25706260500321226,0.1455,0.825575,MIXED
2018-07-01,1,0.12779925991528762,0.12998868003946096,0.101,0.79565,TRAJECTORY_DEGRADATION
2018-04-01,0,0.171306461557968,0.18389977181624398,0.1455,0.825575,MIXED
2018-02-01,0,0.32559304379750603,0.32559304379750603,0.0365,0.902725,NONE
2018-02-01,1,0.22685635857193334,0.22685635857193331,0.0365,0.902725,NONE
2018-05-01,1,0.43227837390438834,0.4541141130315588,0.147,0.78605,TRAJECTORY_DEGRADATION
2018-04-01,0,0.11643180235191358,0.12560251695957092,0.1455,0.825575,MIXED
2018-06-01,0,0.06109387584800026,0.06292593816475707,0.109,0.79285,TRAJECTORY_DEGRADATION
2018-08-01,0,0.062445345721967964,0.06413485896329092,0.107,0.79355,TRAJECTORY_DEGRADATION
2018-09-01,0,0.2824234401610656,0.28516737414809545,0.097,0.79705,TRAJECTORY_DEGRADATION
2018-01-01,0,0.1418283176483185,0.1418283176483185,0.039,0.89535,NONE
2018-04-01,0,0.029746818915931457,0.03233972091926392,0.1455,0.825575,MIXED
2018-09-01,0,0.20568652924754513,0.20790091824010362,0.097,0.79705,TRAJECTORY_DEGRADATION
2018-05-01,0,0.31589331427539763,0.33532247104761265,0.147,0.78605,TRAJECTORY_DEGRADATION
2018-02-01,0,0.31396485509931804,0.31396485509931804,0.0365,0.902725,NONE
2018-05-01,1,0.4231209253664303,0.4448565557824131,0.147,0.78605,TRAJECTORY_DEGRADATION
2018-01-01,0,0.07347180005894459,0.07347180005894459,0.039,0.89535,NONE
2018-05-01,0,0.5430283893224809,0.564892011484065,0.147,0.78605,TRAJECTORY_DEGRADATION
2018-05-01,0,0.030834634745770226,0.0335920477842333,0.147,0.78605,TRAJECTORY_DEGRADATION
2018-10-01,0,0.26474058946190115,0.26474058946190115,0.0805,0.809325,NONE
2018-05-01,0,0.08989338968068494,0.09740140125641608,0.147,0.78605,TRAJECTORY_DEGRADATION
2018-05-01,0,0.2873770862895729,0.30583643912171404,0.147,0.78605,TRAJECTORY_DEGRADATION
2018-07-01,0,0.08235316010621697,0.08383884943504442,0.101,0.79565,TRAJECTORY_DEGRADATION
2018-04-01,0,0.12001103845503491,0.12942237607468532,0.1455,0.825575,MIXED
2018-02-01,0,0.17960564735306425,0.17960564735306425,0.0365,0.902725,NONE
2018-06-01,0,0.06804518790614397,0.07007014700083529,0.109,0.79285,TRAJECTORY_DEGRADATION
2018-03-01,0,0.34790089368003135,0.3564561577538934,0.113,0.84345,TRAJECTORY_DEGRADATION
2018-10-01,0,0.24308789282849277,0.24308789282849272,0.0805,0.809325,NONE
2018-03-01,0,0.031086895037949123,0.03223649389617479,0.113,0.84345,TRAJECTORY_DEGRADATION
2018-03-01,0,0.0908672289933959,0.0940130135773656,0.113,0.84345,TRAJECTORY_DEGRADATION
2018-09-01,0,0.40186934232013316,0.4051185975174525,0.097,0.79705,TRAJECTORY_DEGRADATION
2018-09-01,0,0.0290153757817573,0.029398145762551026,0.097,0.79705,TRAJECTORY_DEGRADATION
2018-07-01,0,0.2480379204003929,0.2516928066490018,0.101,0.79565,TRAJECTORY_DEGRADATION
2018-01-01,0,0.5225006917531353,0.5225006917531353,0.039,0.89535,NONE
2018-02-01,1,0.31227900914701945,0.31227900914701945,0.0365,0.902725,NONE
2018-02-01,0,0.3774916783438565,0.3774916783438565,0.0365,0.902725,NONE
2018-04-01,0,0.03725760003629201,0.040477871845723046,0.1455,0.825575,MIXED
2018-03-01,0,0.08471804602730168,0.08767147763845973,0.113,0.84345,TRAJECTORY_DEGRADATION
2018-02-01,0,0.058206450981194056,0.058206450981194056,0.0365,0.902725,NONE
2018-09-01,0,0.07023614446025492,0.07112286647202475,0.097,0.79705,TRAJECTORY_DEGRADATION
2018-04-01,0,0.15867955384688065,0.17053564036905575,0.1455,0.825575,MIXED
2018-06-01,0,0.33966796324728277,0.3467684866325281,0.109,0.79285,TRAJECTORY_DEGRADATION
2018-07-01,0,0.326541754141142,0.33084446004687995,0.101,0.79565,TRAJECTORY_DEGRADATION
2018-08-01,0,0.03314810915081489,0.03407376803807887,0.107,0.79355,TRAJECTORY_DEGRADATION
2018-07-01,0,0.2228708856854373,0.2262665174945191,0.101,0.79565,TRAJECTORY_DEGRADATION
2018-01-01,1,0.13614821726005802,0.13614821726005802,0.039,0.89535,NONE
2018-01-01,0,0.2793348590930229,0.2793348590930229,0.039,0.89535,NONE
2018-06-01,0,0.07769413469642204,0.07998159411045734,0.109,0.79285,TRAJECTORY_DEGRADATION
2018-09-01,0,0.12284050626649583,0.12430256301733003,0.097,0.79705,TRAJECTORY_DEGRADATION
2018-02-01,0,0.2345587596887664,0.2345587596887664,0.0365,0.902725,NONE
2018-01-01,0,0.06183100642972885,0.06183100642972885,0.039,0.89535,NONE
2018-02-01,0,0.15510818344148433,0.15510818344148433,0.0365,0.902725,NONE
2018-03-01,0,0.07260557961266574,0.0751714278839872,0.113,0.84345,TRAJECTORY_DEGRADATION
2018-01-01,1,0.01993556670028791,0.01993556670028791,0.039,0.89535,NONE
2018-12-01,0,0.4196027083307078,0.45930160962139427,0.1955,0.7170749999999999,TRANSITIONAL
2018-10-01,0,0.05868804408379003,0.05868804408379003,0.0805,0.809325,NONE
2018-03-01,0,0.14067680263588933,0.1452714315879958,0.113,0.84345,TRAJECTORY_DEGRADATION
2018-06-01,0,0.5285818577809369,0.5364234163522438,0.109,0.79285,TRAJECTORY_DEGRADATION
2018-01-01,0,0.2638433688174968,0.2638433688174968,0.039,0.89535,NONE
2018-10-01,0,0.20331862293054026,0.20331862293054026,0.0805,0.809325,NONE
2018-03-01,0,0.11568030739007981,0.11957212923973955,0.113,0.84345,TRAJECTORY_DEGRADATION
2018-07-01,0,0.1498210297162546,0.15232183361780294,0.101,0.79565,TRAJECTORY_DEGRADATION
2018-04-01,1,0.1673400865643163,0.1797050457932148,0.1455,0.825575,MIXED
2018-08-01,0,0.169943714567639,0.17400190485284722,0.107,0.79355,TRAJECTORY_DEGRADATION
2018-01-01,0,0.014953416222950289,0.014953416222950289,0.039,0.89535,NONE
2018-04-01,1,0.24018541464212526,0.25627633521417814,0.1455,0.825575,MIXED
2018-02-01,0,0.10638459495672184,0.10638459495672184,0.0365,0.902725,NONE
2018-05-01,0,0.49762053309753285,0.5197352568836443,0.147,0.78605,TRAJECTORY_DEGRADATION
2018-04-01,0,0.1295970749785678,0.13964086519294105,0.1455,0.825575,MIXED
2018-06-01,0,0.018897137181147772,0.01949008524105975,0.109,0.79285,TRAJECTORY_DEGRADATION
2018-03-01,0,0.15331627813265378,0.1582477017937807,0.113,0.84345,TRAJECTORY_DEGRADATION
2018-02-01,1,0.16660706020088917,0.16660706020088917,0.0365,0.902725,NONE
2018-06-01,1,0.3113263304337175,0.31811981464401734,0.109,0.79285,TRAJECTORY_DEGRADATION
2018-02-01,0,0.5494178677348927,0.5494178677348927,0.0365,0.902725,NONE
2018-12-01,0,0.1783000812888332,0.20316044917747617,0.1955,0.7170749999999999,TRANSITIONAL
2018-06-01,1,0.3434384570148877,0.3505759539779321,0.109,0.79285,TRAJECTORY_DEGRADATION
2018-01-01,0,0.13076374689657783,0.13076374689657783,0.039,0.89535,NONE
2018-02-01,0,0.015350921461159798,0.015350921461159798,0.0365,0.902725,NONE
2018-12-01,0,0.1011318513042518,0.11676156578686413,0.1955,0.7170749999999999,TRANSITIONAL
2018-05-01,0,0.4255936423806396,0.44735779207317566,0.147,0.78605,TRAJECTORY_DEGRADATION
2018-02-01,0,0.04766497760947414,0.04766497760947414,0.0365,0.902725,NONE
2018-04-01,1,0.6338000782626236,0.6535779895915638,0.1455,0.825575,MIXED
2018-01-01,0,0.15012848172623947,0.15012848172623947,0.039,0.89535,NONE
2018-02-01,0,0.04029265320854153,0.04029265320854153,0.0365,0.902725,NONE
2018-07-01,0,0.4502415329266197,0.4550727874072579,0.101,0.79565,TRAJECTORY_DEGRADATION
2018-04-01,0,0.24230270074701182,0.25848721092114146,0.1455,0.825575,MIXED
2018-04-01,0,0.2865757310569832,0.3045289015437218,0.1455,0.825575,MIXED
2018-03-01,0,0.28000617774957814,0.2876282669585681,0.113,0.84345,TRAJECTORY_DEGRADATION
2018-08-01,0,0.025199730608721334,0.025909379476308843,0.107,0.79355,TRAJECTORY_DEGRADATION
2018-01-01,0,0.059807773488065374,0.059807773488065374,0.039,0.89535,NONE
2018-02-01,1,0.22450954007784427,0.22450954007784427,0.0365,0.902725,NONE
2018-04-01,0,0.10641586130120084,0.11490026325457761,0.1455,0.825575,MIXED
2018-08-01,1,0.23780937745341613,0.2430137124402052,0.107,0.79355,TRAJECTORY_DEGRADATION
2018-03-01,0,0.05387682551185208,0.05582064635225761,0.113,0.84345,TRAJECTORY_DEGRADATION
2018-02-01,0,0.06154843451022306,0.06154843451022306,0.0365,0.902725,NONE
2018-04-01,1,0.1798903381600211,0.1929677377471365,0.1455,0.825575,MIXED
2018-03-01,0,0.0632628425498277,0.06552184961463492,0.113,0.84345,TRAJECTORY_DEGRADATION
2018-02-01,0,0.019157903527203608,0.019157903527203608,0.0365,0.902725,NONE
2018-08-01,0,0.03165511480912957,0.03254048510565356,0.107,0.79355,TRAJECTORY_DEGRADATION
2018-07-01,0,0.14377557669724594,0.14619282232361172,0.101,0.79565,TRAJECTORY_DEGRADATION
2018-05-01,1,0.055107006278602925,0.059900840422826854,0.147,0.78605,TRAJECTORY_DEGRADATION
2018-06-01,0,0.07152544969482094,0.07364579367678793,0.109,0.79285,TRAJECTORY_DEGRADATION
2018-06-01,0,0.18633095049707987,0.19115397537168619,0.109,0.79285,TRAJECTORY_DEGRADATION
2018-07-01,0,0.3292546116713539,0.3335753580763721,0.101,0.79565,TRAJECTORY_DEGRADATION
2018-02-01,1,0.1482355431402023,0.14823554314020226,0.0365,0.902725,NONE
2018-07-01,0,0.2463437581639021,0.2499819795651233,0.101,0.79565,TRAJECTORY_DEGRADATION
2018-08-01,0,0.44990209710376244,0.4569651743244363,0.107,0.79355,TRAJECTORY_DEGRADATION
2018-06-01,0,0.11265040482287818,0.11583778125376648,0.109,0.79285,TRAJECTORY_DEGRADATION
2018-11-01,0,0.08565991585896399,0.10606626638109974,0.2455,0.732075,MIXED
2018-08-01,0,0.02009893905740678,0.0206679902496215,0.107,0.79355,TRAJECTORY_DEGRADATION
2018-03-01,0,0.07027880681602766,0.07276888001826794,0.113,0.84345,TRAJECTORY_DEGRADATION
2018-03-01,0,0.21707228036499282,0.22351305734686583,0.113,0.84345,TRAJECTORY_DEGRADATION
2018-05-01,0,0.017512277082892717,0.019101808351355495,0.147,0.78605,TRAJECTORY_DEGRADATION
2018-06-01,1,0.3556522098237157,0.3629032374005592,0.109,0.79285,TRAJECTORY_DEGRADATION
2018-11-01,0,0.22240230820532159,0.26591046602702556,0.2455,0.732075,MIXED
2018-05-01,0,0.20358945999444528,0.21831561104111527,0.147,0.78605,TRAJECTORY_DEGRADATION
2018-10-01,0,0.1692765906672383,0.1692765906672383,0.0805,0.809325,NONE
2018-02-01,0,0.1641013144890855,0.1641013144890855,0.0365,0.902725,NONE
2018-03-01,0,0.1604489503244991,0.16556493414699527,0.113,0.84345,TRAJECTORY_DEGRADATION
2018-03-01,0,0.46988038501321805,0.47923083080679396,0.113,0.84345,TRAJECTORY_DEGRADATION
2018-06-01,0,0.18472074260576402,0.18951179600495274,0.109,0.79285,TRAJECTORY_DEGRADATION
2018-07-01,0,0.4205325036582126,0.4252915834849121,0.101,0.79565,TRAJECTORY_DEGRADATION
2018-11-01,0,0.07393802084969191,0.09183238233362696,0.2455,0.732075,MIXED
2018-03-01,0,0.07483606594008253,0.07747415363076399,0.113,0.84345,TRAJECTORY_DEGRADATION
2018-08-01,0,0.10200824384540798,0.1046486880792718,0.107,0.79355,TRAJECTORY_DEGRADATION
2018-08-01,0,0.29308021615174135,0.29901958967858694,0.107,0.79355,TRAJECTORY_DEGRADATION
2018-02-01,0,0.17919417430493542,0.17919417430493542,0.0365,0.902725,NONE
2018-03-01,0,0.12434498794048973,0.12848596102692783,0.113,0.84345,TRAJECTORY_DEGRADATION
2018-04-01,1,0.18487004145858058,0.19822195035054313,0.1455,0.825575,MIXED
2018-07-01,0,0.2553121678506737,0.2590373174002783,0.101,0.79565,TRAJECTORY_DEGRADATION
2018-05-01,0,0.11749506756433002,0.1269867455144629,0.147,0.78605,TRAJECTORY_DEGRADATION
2018-01-01,0,0.24664695601339306,0.24664695601339306,0.039,0.89535,NONE
2018-08-01,1,0.1652342781059573,0.16920293319345975,0.107,0.79355,TRAJECTORY_DEGRADATION
2018-01-01,0,0.13239542801608073,0.13239542801608073,0.039,0.89535,NONE
2018-08-01,0,0.16592938100323434,0.16991133310823797,0.107,0.79355,TRAJECTORY_DEGRADATION
2018-08-01,0,0.013541002273541462,0.013927020777879936,0.107,0.79355,TRAJECTORY_DEGRADATION
2018-04-01,0,0.18438917470262736,0.19771477776370178,0.1455,0.825575,MIXED
2018-02-01,0,0.3300856224605232,0.3300856224605232,0.0365,0.902725,NONE
2018-01-01,0,0.12502539345263244,0.12502539345263242,0.039,0.89535,NONE
2018-06-01,0,0.06924914327169131,0.07130718954544238,0.109,0.79285,TRAJECTORY_DEGRADATION
2018-12-01,0,0.16803295637796545,0.1917959216893142,0.1955,0.7170749999999999,TRANSITIONAL
2018-03-01,0,0.18414407190531246,0.1898447397142983,0.113,0.84345,TRAJECTORY_DEGRADATION
2018-06-01,0,0.017706013056778172,0.018262282115528963,0.109,0.79285,TRAJECTORY_DEGRADATION
2018-10-01,0,0.14037651297351866,0.14037651297351866,0.0805,0.809325,NONE
2018-04-01,1,0.16971560808990876,0.18221768477312497,0.1455,0.825575,MIXED
2018-09-01,0,0.30493283103713353,0.307801651031592,0.097,0.79705,TRAJECTORY_DEGRADATION
2018-03-01,0,0.2837581630620803,0.29144104380317476,0.113,0.84345,TRAJECTORY_DEGRADATION
2018-02-01,0,0.170182532258575,0.170182532258575,0.0365,0.902725,NONE
2018-06-01,0,0.02770326176433896,0.028564480623650804,0.109,0.79285,TRAJECTORY_DEGRADATION
2018-06-01,0,0.0417249756923326,0.04300281252113413,0.109,0.79285,TRAJECTORY_DEGRADATION
2018-04-01,0,0.26749508116903825,0.2847299700616104,0.1455,0.825575,MIXED
2018-08-01,0,0.07948842729646566,0.08159892334337507,0.107,0.79355,TRAJECTORY_DEGRADATION
2018-05-01,0,0.18758374493567145,0.20144500004963847,0.147,0.78605,TRAJECTORY_DEGRADATION
2018-03-01,1,0.07447657862480989,0.07710304995215891,0.113,0.84345,TRAJECTORY_DEGRADATION
2018-05-01,0,0.02299065890612684,0.025064758989263587,0.147,0.78605,TRAJECTORY_DEGRADATION
2018-06-01,0,0.25697855414669785,0.26303907555181216,0.109,0.79285,TRAJECTORY_DEGRADATION
2018-05-01,0,0.15234669114426289,0.1641301879488268,0.147,0.78605,TRAJECTORY_DEGRADATION
2018-03-01,1,0.19484200701827353,0.20079234949967695,0.113,0.84345,TRAJECTORY_DEGRADATION
2018-08-01,0,0.053229619596082745,0.05468433645177555,0.107,0.79355,TRAJECTORY_DEGRADATION
2018-01-01,0,0.14539834526663895,0.14539834526663895,0.039,0.89535,NONE
2018-01-01,0,0.17270410197254324,0.17270410197254324,0.039,0.89535,NONE
2018-08-01,0,0.2597003826216624,0.26521708927160836,0.107,0.79355,TRAJECTORY_DEGRADATION
2018-01-01,0,0.21028993091554138,0.21028993091554138,0.039,0.89535,NONE
2018-01-01,0,0.08619679224434292,0.08619679224434292,0.039,0.89535,NONE
2018-04-01,1,0.25695773357981366,0.27376743772775597,0.1455,0.825575,MIXED
2018-08-01,0,0.03926372730455747,0.040353036757822563,0.107,0.79355,TRAJECTORY_DEGRADATION
2018-02-01,0,0.07780969989722397,0.07780969989722397,0.0365,0.902725,NONE
2018-04-01,1,0.4180533451713463,0.43917283409736496,0.1455,0.825575,MIXED
2018-02-01,0,0.26635737777380813,0.26635737777380813,0.0365,0.902725,NONE
2018-04-01,1,0.33346938732260345,0.3529071046643147,0.1455,0.825575,MIXED
2018-02-01,0,0.16501272372892456,0.16501272372892453,0.0365,0.902725,NONE
2018-02-01,0,0.07910302763195283,0.07910302763195283,0.0365,0.902725,NONE
2018-08-01,0,0.15413079553933434,0.15788320311712517,0.107,0.79355,TRAJECTORY_DEGRADATION
2018-05-01,0,0.025285865203209964,0.027561185940456128,0.147,0.78605,TRAJECTORY_DEGRADATION
2018-08-01,0,0.11395426907008463,0.11686369024405745,0.107,0.79355,TRAJECTORY_DEGRADATION
2018-06-01,0,0.08148394368678667,0.08387283531204189,0.109,0.79285,TRAJECTORY_DEGRADATION
2018-10-01,0,0.2332333900253875,0.2332333900253875,0.0805,0.809325,NONE
2018-04-01,0,0.46261699933102673,0.4841149560394225,0.1455,0.825575,MIXED
2018-08-01,0,0.04451166602452936,0.04573963950560797,0.107,0.79355,TRAJECTORY_DEGRADATION
2018-07-01,0,0.21234661727109438,0.215626393260069,0.101,0.79565,TRAJECTORY_DEGRADATION
2018-03-01,0,0.21869478756732005,0.2251698606348405,0.113,0.84345,TRAJECTORY_DEGRADATION
2018-09-01,0,0.04522153209952398,0.0458080072212442,0.097,0.79705,TRAJECTORY_DEGRADATION
2018-09-01,0,0.21030001927447825,0.21255078566104454,0.097,0.79705,TRAJECTORY_DEGRADATION
2018-11-01,0,0.1251439624919608,0.1533785559785071,0.2455,0.732075,MIXED
2018-04-01,0,0.13379464444286285,0.14410988591938986,0.1455,0.825575,MIXED
2018-08-01,0,0.01676578691437576,0.017242128751753297,0.107,0.79355,TRAJECTORY_DEGRADATION
2018-09-01,0,0.046861685398371655,0.04746837403736527,0.097,0.79705,TRAJECTORY_DEGRADATION
2018-11-01,0,0.08436726601976485,0.10450086975789401,0.2455,0.732075,MIXED
2018-02-01,0,0.21817170374712047,0.21817170374712047,0.0365,0.902725,NONE
2018-02-01,0,0.28903158928812106,0.28903158928812106,0.0365,0.902725,NONE
2018-06-01,0,0.2900079244442491,0.2965365245177945,0.109,0.79285,TRAJECTORY_DEGRADATION
2018-01-01,0,0.2776826796383254,0.2776826796383254,0.039,0.89535,NONE
2018-01-01,1,0.6326910952771312,0.6326910952771312,0.039,0.89535,NONE
2018-01-01,0,0.12268646307351964,0.12268646307351964,0.039,0.89535,NONE
2018-08-01,0,0.1715591763735162,0.17564778008768595,0.107,0.79355,TRAJECTORY_DEGRADATION
2018-02-01,0,0.27404990882459196,0.27404990882459196,0.0365,0.902725,NONE
2018-08-01,0,0.5841114053550572,0.5910177524026147,0.107,0.79355,TRAJECTORY_DEGRADATION
2018-01-01,0,0.1732503856765825,0.1732503856765825,0.039,0.89535,NONE
2018-05-01,1,0.18570626007631733,0.1994628426748421,0.147,0.78605,TRAJECTORY_DEGRADATION
2018-04-01,0,0.0816883226148477,0.08839625594968839,0.1455,0.825575,MIXED
2018-04-01,1,0.2670140867618453,0.28423001005385007,0.1455,0.825575,MIXED
2018-01-01,0,0.04047257299946791,0.04047257299946791,0.039,0.89535,NONE
2018-04-01,0,0.123242985294327,0.13286950553351995,0.1455,0.825575,MIXED
2018-04-01,1,0.09047523274881565,0.09782784707334448,0.1455,0.825575,MIXED
2018-03-01,0,0.04490624516474693,0.04654233780918745,0.113,0.84345,TRAJECTORY_DEGRADATION
2018-01-01,0,0.10456445005102741,0.10456445005102741,0.039,0.89535,NONE
2018-01-01,0,0.12882333833572884,0.12882333833572887,0.039,0.89535,NONE
2018-09-01,0,0.13429753620753418,0.13587483239497408,0.097,0.79705,TRAJECTORY_DEGRADATION
2018-01-01,0,0.03238538957265951,0.03238538957265951,0.039,0.89535,NONE
2018-05-01,0,0.040148527118922604,0.04370128581271214,0.147,0.78605,TRAJECTORY_DEGRADATION
2018-10-01,0,0.06337215039626534,0.06337215039626534,0.0805,0.809325,NONE
2018-01-01,0,0.1479757636585539,0.14797576365855392,0.039,0.89535,NONE
2018-07-01,0,0.17376248855811624,0.17657991992085634,0.101,0.79565,TRAJECTORY_DEGRADATION
2018-05-01,0,0.16723358922858986,0.17992412818868664,0.147,0.78605,TRAJECTORY_DEGRADATION
2018-01-01,0,0.2121398208180915,0.2121398208180915,0.039,0.89535,NONE
2018-08-01,0,0.1522432933715463,0.155958221095509,0.107,0.79355,TRAJECTORY_DEGRADATION
2018-03-01,0,0.3898164521035502,0.39877214095879215,0.113,0.84345,TRAJECTORY_DEGRADATION
2018-03-01,1,0.4744044464077324,0.48376276471703766,0.113,0.84345,TRAJECTORY_DEGRADATION
2018-09-01,0,0.20804702342023934,0.2102800975690256,0.097,0.79705,TRAJECTORY_DEGRADATION
2018-04-01,0,0.3511297772979597,0.37102388540862374,0.1455,0.825575,MIXED
2018-09-01,0,0.24345882701154287,0.24595394994939193,0.097,0.79705,TRAJECTORY_DEGRADATION
2018-03-01,0,0.2525210946798962,0.2596648369272024,0.113,0.84345,TRAJECTORY_DEGRADATION
2018-03-01,1,0.12109323072028162,0.12514138889015253,0.113,0.84345,TRAJECTORY_DEGRADATION
2018-04-01,1,0.18119675252229947,0.19434661780827933,0.1455,0.825575,MIXED
2018-02-01,0,0.32875649027085274,0.32875649027085274,0.0365,0.902725,NONE
2018-04-01,1,0.04160475138692979,0.0451831249481391,0.1455,0.825575,MIXED
2018-07-01,0,0.036069852938467505,0.036754012567328215,0.101,0.79565,TRAJECTORY_DEGRADATION
2018-01-01,0,0.2240249618132388,0.2240249618132388,0.039,0.89535,NONE
2018-01-01,0,0.027362976539684267,0.027362976539684267,0.039,0.89535,NONE
2018-11-01,0,0.15161971348669667,0.18456748671062131,0.2455,0.732075,MIXED
2018-01-01,0,0.12237010965735241,0.12237010965735241,0.039,0.89535,NONE
2018-04-01,1,0.25011172254742403,0.2666342815455373,0.1455,0.825575,MIXED
2018-04-01,0,0.3486835912170085,0.3685178178174536,0.1455,0.825575,MIXED
2018-02-01,0,0.0353079245515461,0.0353079245515461,0.0365,0.902725,NONE
2018-08-01,1,0.28434233005217,0.29017731376098654,0.107,0.79355,TRAJECTORY_DEGRADATION
2018-01-01,0,0.32824841366210555,0.32824841366210555,0.039,0.89535,NONE
2018-06-01,0,0.41412893142857793,0.42179174929895125,0.109,0.79285,TRAJECTORY_DEGRADATION
2018-01-01,0,0.08800339066248977,0.08800339066248977,0.039,0.89535,NONE
2018-07-01,0,0.15218240841866632,0.15471545539833342,0.101,0.79565,TRAJECTORY_DEGRADATION
2018-01-01,0,0.12309359884313167,0.12309359884313167,0.039,0.89535,NONE
2018-01-01,0,0.021677811277255002,0.021677811277255002,0.039,0.89535,NONE
2018-01-01,1,0.20744412345121174,0.20744412345121174,0.039,0.89535,NONE
2018-07-01,0,0.04303782205466117,0.04384813546291019,0.101,0.79565,TRAJECTORY_DEGRADATION
2018-03-01,0,0.21633254905319968,0.2227576221847403,0.113,0.84345,TRAJECTORY_DEGRADATION
2018-05-01,1,0.25264305107389295,0.269715735852857,0.147,0.78605,TRAJECTORY_DEGRADATION
2018-08-01,0,0.0846271027384429,0.08686116124453862,0.107,0.79355,TRAJECTORY_DEGRADATION
2018-01-01,0,0.09297979485922178,0.09297979485922178,0.039,0.89535,NONE
2018-04-01,0,0.10031471284429544,0.10837167180834113,0.1455,0.825575,MIXED
2018-06-01,1,0.12031360334043281,0.12368758212135432,0.109,0.79285,TRAJECTORY_DEGRADATION
2018-03-01,1,0.2275622395177655,0.23422115191390303,0.113,0.84345,TRAJECTORY_DEGRADATION
2018-12-01,0,0.0675715321188163,0.07846734468255404,0.1955,0.7170749999999999,TRANSITIONAL
2018-03-01,0,0.11411651573344177,0.11796274499852843,0.113,0.84345,TRAJECTORY_DEGRADATION
2018-04-01,0,0.1718989256585284,0.1845260917120802,0.1455,0.825575,MIXED
2018-03-01,0,0.3335309851663239,0.3419181625264881,0.113,0.84345,TRAJECTORY_DEGRADATION
2018-01-01,0,0.12527030489017987,0.12527030489017987,0.039,0.89535,NONE
2018-07-01,0,0.20632765494045563,0.20953919722593292,0.101,0.79565,TRAJECTORY_DEGRADATION
2018-03-01,0,0.12559448369269835,0.12977090114618542,0.113,0.84345,TRAJECTORY_DEGRADATION
2018-06-01,0,0.16697176045128798,0.1713992444287796,0.109,0.79285,TRAJECTORY_DEGRADATION
2018-08-01,0,0.032323278092293385,0.03322669518457883,0.107,0.79355,TRAJECTORY_DEGRADATION
2018-04-01,0,0.0884883377518955,0.0956964729030327,0.1455,0.825575,MIXED
2018-02-01,0,0.04696349788597383,0.04696349788597383,0.0365,0.902725,NONE
2018-01-01,0,0.2131056452502174,0.21310564525021738,0.039,0.89535,NONE
2018-08-01,0,0.31561832545957086,0.32180652166175727,0.107,0.79355,TRAJECTORY_DEGRADATION
2018-02-01,0,0.06354884564399173,0.06354884564399173,0.0365,0.902725,NONE
2018-02-01,0,0.08052390278663651,0.08052390278663651,0.0365,0.902725,NONE
2018-03-01,0,0.12511783559403486,0.12928074640784765,0.113,0.84345,TRAJECTORY_DEGRADATION
2018-05-01,0,0.44244730744482136,0.46437655142296164,0.147,0.78605,TRAJECTORY_DEGRADATION
2018-08-01,1,0.23397322307720822,0.239119943919505,0.107,0.79355,TRAJECTORY_DEGRADATION
2018-02-01,0,0.15033530651752383,0.15033530651752383,0.0365,0.902725,NONE
2018-01-01,0,0.36421427071609014,0.3642142707160902,0.039,0.89535,NONE
2018-03-01,0,0.08331290589115663,0.08622196625028908,0.113,0.84345,TRAJECTORY_DEGRADATION
2018-05-01,0,0.5600141318809472,0.5816911035106906,0.147,0.78605,TRAJECTORY_DEGRADATION
2018-08-01,0,0.14889108043906113,0.15253892810474992,0.107,0.79355,TRAJECTORY_DEGRADATION
2018-01-01,0,0.03347543282942617,0.03347543282942617,0.039,0.89535,NONE
2018-01-01,0,0.22832040211565363,0.22832040211565363,0.039,0.89535,NONE
2018-02-01,0,0.136022821864892,0.136022821864892,0.0365,0.902725,NONE
2018-04-01,0,0.17236856056426036,0.18502251668351422,0.1455,0.825575,MIXED
2018-02-01,1,0.2964580253445085,0.2964580253445085,0.0365,0.902725,NONE
2018-05-01,0,0.41771830108323604,0.43938778560361386,0.147,0.78605,TRAJECTORY_DEGRADATION
2018-04-01,0,0.09116265739631227,0.0985650823367189,0.1455,0.825575,MIXED
2018-01-01,0,0.08517879941086486,0.08517879941086486,0.039,0.89535,NONE
2018-05-01,1,0.26126176286372677,0.2786996756778306,0.147,0.78605,TRAJECTORY_DEGRADATION
2018-04-01,1,0.2508303766802919,0.26738348265698353,0.1455,0.825575,MIXED
2018-03-01,0,0.06285984516687032,0.06510546205277157,0.113,0.84345,TRAJECTORY_DEGRADATION
2018-04-01,0,0.14833185541884977,0.1595614238686481,0.1455,0.825575,MIXED
2018-03-01,0,0.4297220429450535,0.4389350312764299,0.113,0.84345,TRAJECTORY_DEGRADATION
2018-06-01,0,0.24190717966618333,0.24773076849671813,0.109,0.79285,TRAJECTORY_DEGRADATION
2018-01-01,0,0.10421869668331912,0.10421869668331912,0.039,0.89535,NONE
2018-12-01,0,0.022881287995967725,0.026777814153655096,0.1955,0.7170749999999999,TRANSITIONAL
2018-05-01,0,0.37549143906193966,0.39646186622520363,0.147,0.78605,TRAJECTORY_DEGRADATION
2018-07-01,1,0.22520982840470882,0.22863061201586263,0.101,0.79565,TRAJECTORY_DEGRADATION
2018-08-01,0,0.32908185137409174,0.33540465193867436,0.107,0.79355,TRAJECTORY_DEGRADATION
2018-05-01,0,0.20022847281636044,0.21477707691891074,0.147,0.78605,TRAJECTORY_DEGRADATION
2018-02-01,0,0.07572591866728551,0.07572591866728551,0.0365,0.902725,NONE
2018-11-01,0,0.09103088468752345,0.11255922332419672,0.2455,0.732075,MIXED
2018-07-01,0,0.1293540563565458,0.13156609488057122,0.101,0.79565,TRAJECTORY_DEGRADATION
2018-03-01,0,0.0559419472484767,0.057955711542413975,0.113,0.84345,TRAJECTORY_DEGRADATION
2018-05-01,1,0.20395002063203457,0.21869509029008893,0.147,0.78605,TRAJECTORY_DEGRADATION
2018-10-01,0,0.12140652048213842,0.12140652048213842,0.0805,0.809325,NONE
2018-08-01,0,0.04676378518947761,0.048050764901038885,0.107,0.79355,TRAJECTORY_DEGRADATION
2018-01-01,0,0.0976723819043826,0.0976723819043826,0.039,0.89535,NONE
2018-08-01,0,0.4365853627633055,0.4436079691419438,0.107,0.79355,TRAJECTORY_DEGRADATION
2018-04-01,0,0.3673475504817214,0.3876116237149309,0.1455,0.825575,MIXED
2018-07-01,0,0.15382575025321973,0.15638110502417066,0.101,0.79565,TRAJECTORY_DEGRADATION
2018-03-01,1,0.12116518708416855,0.12521540805604134,0.113,0.84345,TRAJECTORY_DEGRADATION
2018-04-01,0,0.19101306467324333,0.2046972273488811,0.1455,0.825575,MIXED
2018-07-01,0,0.09651919489066624,0.09823308846180027,0.101,0.79565,TRAJECTORY_DEGRADATION
2018-03-01,0,0.03839132946606088,0.039799951933192766,0.113,0.84345,TRAJECTORY_DEGRADATION
2018-02-01,1,0.14694321168934582,0.14694321168934585,0.0365,0.902725,NONE
2018-10-01,0,0.1660867203737584,0.1660867203737584,0.0805,0.809325,NONE
2018-01-01,1,0.20815741187930545,0.20815741187930545,0.039,0.89535,NONE
2018-06-01,0,0.11927537449880546,0.12262429655330062,0.109,0.79285,TRAJECTORY_DEGRADATION
2018-08-01,0,0.34784493324299426,0.35433784155008957,0.107,0.79355,TRAJECTORY_DEGRADATION
2018-06-01,0,0.20367089185278256,0.2088275550338302,0.109,0.79285,TRAJECTORY_DEGRADATION
2018-05-01,0,0.12111837043833461,0.13085934935703952,0.147,0.78605,TRAJECTORY_DEGRADATION
2018-04-01,0,0.11345356031260255,0.1224221967309791,0.1455,0.825575,MIXED
2018-03-01,0,0.40202767806063144,0.411074910456637,0.113,0.84345,TRAJECTORY_DEGRADATION
2018-02-01,0,0.08004516360159039,0.08004516360159039,0.0365,0.902725,NONE
2018-08-01,0,0.04827494639825649,0.0496013505273496,0.107,0.79355,TRAJECTORY_DEGRADATION
2018-05-01,0,0.09704965639902506,0.10508635449142974,0.147,0.78605,TRAJECTORY_DEGRADATION
2018-02-01,0,0.2839882577433489,0.2839882577433489,0.0365,0.902725,NONE
2018-01-01,0,0.14483435469695743,0.14483435469695746,0.039,0.89535,NONE
2018-07-01,0,0.14419793535689968,0.1466210659649799,0.101,0.79565,TRAJECTORY_DEGRADATION
2018-01-01,0,0.16285557202307568,0.16285557202307566,0.039,0.89535,NONE
2018-08-01,0,0.23821270908260642,0.24342305176287124,0.107,0.79355,TRAJECTORY_DEGRADATION
2018-07-01,0,0.13935635151648437,0.14171159535468608,0.101,0.79565,TRAJECTORY_DEGRADATION
2018-02-01,0,0.10212690310204407,0.10212690310204407,0.0365,0.902725,NONE
2018-08-01,0,0.0570653946918749,0.05861844942846379,0.107,0.79355,TRAJECTORY_DEGRADATION
2018-06-01,0,0.10775586719879265,0.11082205151018176,0.109,0.79285,TRAJECTORY_DEGRADATION
2018-07-01,0,0.04551798558923295,0.046372732535587616,0.101,0.79565,TRAJECTORY_DEGRADATION
2018-09-01,0,0.16456133434882117,0.16642574102482693,0.097,0.79705,TRAJECTORY_DEGRADATION
2018-02-01,0,0.09185381112398329,0.09185381112398329,0.0365,0.902725,NONE
2018-05-01,1,0.0440680332200693,0.0479503038682478,0.147,0.78605,TRAJECTORY_DEGRADATION
2018-05-01,0,0.07543834011504956,0.0818476225320598,0.147,0.78605,TRAJECTORY_DEGRADATION
2018-01-01,0,0.48833223304011586,0.48833223304011586,0.039,0.89535,NONE
2018-05-01,1,0.06946607066173008,0.07540933109584312,0.147,0.78605,TRAJECTORY_DEGRADATION
2018-03-01,0,0.11027432717573071,0.11400772344034028,0.113,0.84345,TRAJECTORY_DEGRADATION
2018-04-01,0,0.17740196082844595,0.19034044856727272,0.1455,0.825575,MIXED
2018-05-01,0,0.21810245217016386,0.23357049218580409,0.147,0.78605,TRAJECTORY_DEGRADATION
2018-03-01,0,0.038003725886149635,0.039398709411451314,0.113,0.84345,TRAJECTORY_DEGRADATION
2018-07-01,0,0.1355913614284772,0.13789316877140276,0.101,0.79565,TRAJECTORY_DEGRADATION
2018-04-01,0,0.20027608683283277,0.21444794270114573,0.1455,0.825575,MIXED
2018-03-01,0,0.2263991321194058,0.23303427758096218,0.113,0.84345,TRAJECTORY_DEGRADATION
2018-10-01,0,0.038076911788681375,0.038076911788681375,0.0805,0.809325,NONE
2018-05-01,0,0.24857900389761908,0.2654746100529847,0.147,0.78605,TRAJECTORY_DEGRADATION
2018-02-01,1,0.46538203900392183,0.46538203900392183,0.0365,0.902725,NONE
2018-01-01,0,0.3194535798656924,0.3194535798656924,0.039,0.89535,NONE
2018-01-01,0,0.20104875376587888,0.2010487537658789,0.039,0.89535,NONE
2018-01-01,0,0.13141995289217992,0.13141995289217992,0.039,0.89535,NONE
2018-07-01,1,0.2742940655405621,0.2781927091770954,0.101,0.79565,TRAJECTORY_DEGRADATION
2018-04-01,0,0.17534367138578116,0.18816638040939887,0.1455,0.825575,MIXED
2018-02-01,0,0.22338293423525257,0.22338293423525257,0.0365,0.902725,NONE
2018-05-01,0,0.3098024701440526,0.32903718919013747,0.147,0.78605,TRAJECTORY_DEGRADATION
2018-02-01,0,0.182717913791395,0.182717913791395,0.0365,0.902725,NONE
2018-01-01,0,0.5584732815310987,0.5584732815310987,0.039,0.89535,NONE
2018-10-01,0,0.06341821742157569,0.06341821742157569,0.0805,0.809325,NONE
2018-03-01,0,0.2930723897253693,0.30090151072443927,0.113,0.84345,TRAJECTORY_DEGRADATION
2018-02-01,0,0.44048724555607294,0.4404872455560729,0.0365,0.902725,NONE
2018-03-01,0,0.04330669040189262,0.04488724454012231,0.113,0.84345,TRAJECTORY_DEGRADATION
2018-08-01,0,0.05185503425913565,0.05327429878304677,0.107,0.79355,TRAJECTORY_DEGRADATION
2018-02-01,0,0.08403282399395746,0.08403282399395746,0.0365,0.902725,NONE
2018-11-01,0,0.08124873822869753,0.10071999285641493,0.2455,0.732075,MIXED
2018-06-01,0,0.34747070319611156,0.35464673495166016,0.109,0.79285,TRAJECTORY_DEGRADATION
2018-05-01,0,0.09590643022567935,0.1038593468086478,0.147,0.78605,TRAJECTORY_DEGRADATION
2018-11-01,0,0.06198511645830142,0.07722789885790911,0.2455,0.732075,MIXED
2018-03-01,1,0.05721121320057227,0.059267799333664876,0.113,0.84345,TRAJECTORY_DEGRADATION
2018-03-01,0,0.22751455282363114,0.2341724928461231,0.113,0.84345,TRAJECTORY_DEGRADATION
2018-06-01,0,0.1778971986067584,0.18255089960732876,0.109,0.79285,TRAJECTORY_DEGRADATION
2018-04-01,0,0.061828227694862216,0.06702435477314445,0.1455,0.825575,MIXED
2018-05-01,0,0.12952676893153073,0.1398363997591161,0.147,0.78605,TRAJECTORY_DEGRADATION
2018-06-01,0,0.14508077756838347,0.14903164024049453,0.109,0.79285,TRAJECTORY_DEGRADATION
2018-03-01,0,0.15098821382923908,0.15585853963465293,0.113,0.84345,TRAJECTORY_DEGRADATION
2018-02-01,0,0.18552035144209808,0.1855203514420981,0.0365,0.902725,NONE
2018-05-01,0,0.48285960646768833,0.5049777229651942,0.147,0.78605,TRAJECTORY_DEGRADATION
2018-05-01,0,0.08013348062999072,0.08690416997627251,0.147,0.78605,TRAJECTORY_DEGRADATION
2018-02-01,1,0.25386209944214283,0.25386209944214283,0.0365,0.902725,NONE
2018-03-01,0,0.42945282235540894,0.43866447859256885,0.113,0.84345,TRAJECTORY_DEGRADATION
2018-04-01,0,0.2298006847067971,0.24542060874052365,0.1455,0.825575,MIXED
2018-03-01,0,0.04141274662745691,0.04292727951687334,0.113,0.84345,TRAJECTORY_DEGRADATION
2018-10-01,0,0.13969260519752036,0.13969260519752036,0.0805,0.809325,NONE
2018-03-01,0,0.3954190063068687,0.4044180998717642,0.113,0.84345,TRAJECTORY_DEGRADATION
2018-09-01,0,0.07667811706800057,0.07763937679598353,0.097,0.79705,TRAJECTORY_DEGRADATION
2018-06-01,0,0.03188246296314476,0.03286920975018567,0.109,0.79285,TRAJECTORY_DEGRADATION
2018-03-01,1,0.15188047916636702,0.15677427158423873,0.113,0.84345,TRAJECTORY_DEGRADATION
2018-02-01,0,0.10730923904939382,0.10730923904939382,0.0365,0.902725,NONE
2018-04-01,0,0.08705663366508098,0.0941601916745407,0.1455,0.825575,MIXED
2018-03-01,0,0.3361135857942375,0.3445321341037555,0.113,0.84345,TRAJECTORY_DEGRADATION
2018-07-01,0,0.09816969961421343,0.09990966026229385,0.101,0.79565,TRAJECTORY_DEGRADATION
2018-10-01,0,0.057867624595126795,0.057867624595126795,0.0805,0.809325,NONE
2018-02-01,0,0.11367870830294907,0.11367870830294907,0.0365,0.902725,NONE
2018-08-01,0,0.07102306423279652,0.07292660323158268,0.107,0.79355,TRAJECTORY_DEGRADATION
2018-09-01,0,0.12083963042369084,0.12228119249426114,0.097,0.79705,TRAJECTORY_DEGRADATION
2018-01-01,0,0.11596847580102805,0.11596847580102805,0.039,0.89535,NONE
2018-06-01,0,0.1959378943002586,0.20094817469652296,0.109,0.79285,TRAJECTORY_DEGRADATION
2018-08-01,0,0.022284389630277564,0.02291386950006051,0.107,0.79355,TRAJECTORY_DEGRADATION
2018-03-01,0,0.21091213123929323,0.2172208410399261,0.113,0.84345,TRAJECTORY_DEGRADATION
2018-04-01,1,0.602213815993169,0.622682070871374,0.1455,0.825575,MIXED
2018-04-01,0,0.09823048145707611,0.10613979034939289,0.1455,0.825575,MIXED
2018-02-01,0,0.25669155960256107,0.25669155960256107,0.0365,0.902725,NONE
2018-04-01,0,0.30228220859626653,0.3207769250535479,0.1455,0.825575,MIXED
2018-08-01,0,0.11229476952167644,0.11516732835782574,0.107,0.79355,TRAJECTORY_DEGRADATION
2018-05-01,1,0.3133110630123365,0.3326586274555148,0.147,0.78605,TRAJECTORY_DEGRADATION
2018-07-01,0,0.08180656759578366,0.08328329108096548,0.101,0.79565,TRAJECTORY_DEGRADATION
2018-01-01,0,0.332874934782753,0.332874934782753,0.039,0.89535,NONE
2018-03-01,0,0.047367079612095096,0.049088221095955446,0.113,0.84345,TRAJECTORY_DEGRADATION
2018-02-01,0,0.0949486506125568,0.0949486506125568,0.0365,0.902725,NONE
2018-02-01,1,0.2784177591433035,0.2784177591433035,0.0365,0.902725,NONE
2018-09-01,0,0.163935753161157,0.1657944788205252,0.097,0.79705,TRAJECTORY_DEGRADATION
2018-02-01,0,0.07576879757655908,0.07576879757655908,0.0365,0.902725,NONE
2018-05-01,0,0.07496163765154286,0.0813339820449691,0.147,0.78605,TRAJECTORY_DEGRADATION
2018-04-01,0,0.20115576545384936,0.21537310496427292,0.1455,0.825575,MIXED
2018-04-01,0,0.13837634993723025,0.14898407408618444,0.1455,0.825575,MIXED
2018-04-01,0,0.3969301722063445,0.417748571525994,0.1455,0.825575,MIXED
2018-03-01,0,0.1474677536308966,0.15224488538356176,0.113,0.84345,TRAJECTORY_DEGRADATION
2018-01-01,0,0.07955354086310218,0.07955354086310218,0.039,0.89535,NONE
2018-03-01,0,0.16997245109650666,0.17532868043577768,0.113,0.84345,TRAJECTORY_DEGRADATION
2018-04-01,0,0.2281776654897631,0.24372217974800986,0.1455,0.825575,MIXED
2018-02-01,1,0.3425473528311342,0.3425473528311342,0.0365,0.902725,NONE
2018-04-01,1,0.5936627413417392,0.6142891811173101,0.1455,0.825575,MIXED
2018-06-01,1,0.4412191800967821,0.44899910375833096,0.109,0.79285,TRAJECTORY_DEGRADATION
2018-03-01,0,0.40044418542915505,0.4094801850259743,0.113,0.84345,TRAJECTORY_DEGRADATION
2018-01-01,0,0.23466714628680296,0.23466714628680296,0.039,0.89535,NONE
2018-05-01,0,0.03653352147745993,0.039779644432893786,0.147,0.78605,TRAJECTORY_DEGRADATION
2018-09-01,0,0.05863984653502632,0.05938951836723182,0.097,0.79705,TRAJECTORY_DEGRADATION
2018-05-01,0,0.19906223379614152,0.2135487252817659,0.147,0.78605,TRAJECTORY_DEGRADATION
2018-04-01,0,0.03746007085722991,0.04069710298471552,0.1455,0.825575,MIXED
2018-08-01,0,0.1355991269653058,0.13897449523815295,0.107,0.79355,TRAJECTORY_DEGRADATION
2018-12-01,0,0.15560712161032983,0.1779887840077795,0.1955,0.7170749999999999,TRANSITIONAL
2018-01-01,0,0.2908867504959929,0.2908867504959929,0.039,0.89535,NONE
2018-07-01,0,0.11179579521550441,0.11374680365210915,0.101,0.79565,TRAJECTORY_DEGRADATION
2018-01-01,0,0.03790803441580756,0.03790803441580756,0.039,0.89535,NONE
2018-06-01,0,0.15020288017741712,0.15426805887052322,0.109,0.79285,TRAJECTORY_DEGRADATION
2018-01-01,0,0.2620445856191078,0.2620445856191078,0.039,0.89535,NONE
2018-05-01,1,0.27327473477585423,0.2911983947124569,0.147,0.78605,TRAJECTORY_DEGRADATION
2018-03-01,0,0.16664076935148797,0.1719137547516556,0.113,0.84345,TRAJECTORY_DEGRADATION
2018-02-01,1,0.14185286441832828,0.14185286441832828,0.0365,0.902725,NONE
2018-02-01,0,0.07410759716384509,0.07410759716384509,0.0365,0.902725,NONE
2018-05-01,0,0.06680422280861122,0.07253749812099992,0.147,0.78605,TRAJECTORY_DEGRADATION
2018-05-01,0,0.2310585979172213,0.2471550512957264,0.147,0.78605,TRAJECTORY_DEGRADATION
2018-05-01,0,0.11320852296319225,0.12240194710160936,0.147,0.78605,TRAJECTORY_DEGRADATION
2018-01-01,0,0.046058208877459025,0.046058208877459025,0.039,0.89535,NONE
2018-01-01,0,0.3094520029857712,0.3094520029857712,0.039,0.89535,NONE
2018-03-01,0,0.333151007171415,0.34153352593320224,0.113,0.84345,TRAJECTORY_DEGRADATION
2018-08-01,0,0.10445699729903972,0.10715326312776104,0.107,0.79355,TRAJECTORY_DEGRADATION
2018-04-01,1,0.047230392165489216,0.05126673770655908,0.1455,0.825575,MIXED
2018-03-01,0,0.04408924313639689,0.045696993703313024,0.113,0.84345,TRAJECTORY_DEGRADATION
2018-05-01,0,0.07590108528660587,0.0823461811832812,0.147,0.78605,TRAJECTORY_DEGRADATION
2018-03-01,0,0.06049106307879159,0.06265771507833814,0.113,0.84345,TRAJECTORY_DEGRADATION
2018-04-01,0,0.02690587711781047,0.029258613991631717,0.1455,0.825575,MIXED
2018-05-01,0,0.2397349206305951,0.25623438767532364,0.147,0.78605,TRAJECTORY_DEGRADATION
2018-09-01,1,0.17798530067948637,0.1799690324284084,0.097,0.79705,TRAJECTORY_DEGRADATION
2018-06-01,0,0.17630374195426599,0.18092493257702952,0.109,0.79285,TRAJECTORY_DEGRADATION
2018-07-01,0,0.0396277587357196,0.0403765766293865,0.101,0.79565,TRAJECTORY_DEGRADATION
2018-12-01,0,0.19049351960561517,0.2166058515098017,0.1955,0.7170749999999999,TRANSITIONAL
2018-04-01,0,0.18378585603366446,0.19707839339550517,0.1455,0.825575,MIXED
2018-01-01,1,0.2638740967357644,0.2638740967357644,0.039,0.89535,NONE
2018-03-01,0,0.09748152209206279,0.10083089431489543,0.113,0.84345,TRAJECTORY_DEGRADATION
2018-02-01,0,0.3123155745562356,0.3123155745562356,0.0365,0.902725,NONE
2018-08-01,0,0.4300528625596328,0.43705190219997014,0.107,0.79355,TRAJECTORY_DEGRADATION
2018-04-01,0,0.08801152968399659,0.09518488061309796,0.1455,0.825575,MIXED
2018-04-01,0,0.06805520187407996,0.07373352277738565,0.1455,0.825575,MIXED
2018-04-01,0,0.14283161057739133,0.153719936261387,0.1455,0.825575,MIXED
2018-02-01,0,0.1626154032274243,0.16261540322742427,0.0365,0.902725,NONE
2018-01-01,1,0.10566016077479892,0.10566016077479892,0.039,0.89535,NONE
2018-04-01,1,0.0802817303080202,0.08688508793819653,0.1455,0.825575,MIXED
2018-02-01,1,0.33218961747137554,0.33218961747137554,0.0365,0.902725,NONE
2018-02-01,1,0.1501210246277447,0.1501210246277447,0.0365,0.902725,NONE
2018-03-01,0,0.08612533090982832,0.0891230459967673,0.113,0.84345,TRAJECTORY_DEGRADATION
2018-02-01,0,0.1222716931571615,0.12227169315716149,0.0365,0.902725,NONE
2018-02-01,0,0.35496303949488617,0.3549630394948861,0.0365,0.902725,NONE
2018-05-01,0,0.07728305313184543,0.0838348520372398,0.147,0.78605,TRAJECTORY_DEGRADATION
2018-03-01,0,0.20522158775147642,0.2114056865631742,0.113,0.84345,TRAJECTORY_DEGRADATION
2018-03-01,0,0.09755074460157746,0.10090222933483894,0.113,0.84345,TRAJECTORY_DEGRADATION
2018-07-01,1,0.19699027667007177,0.20009312169500432,0.101,0.79565,TRAJECTORY_DEGRADATION
2018-02-01,0,0.06635568299246973,0.06635568299246973,0.0365,0.902725,NONE
2018-06-01,0,0.20009484582897571,0.20518429741674593,0.109,0.79285,TRAJECTORY_DEGRADATION
2018-05-01,0,0.054745075567357235,0.059509407779430215,0.147,0.78605,TRAJECTORY_DEGRADATION
2018-01-01,1,0.06555741631406982,0.06555741631406982,0.039,0.89535,NONE
2018-04-01,0,0.11076651568691066,0.11955138226254301,0.1455,0.825575,MIXED
2018-08-01,0,0.08969004709886126,0.0920443219067125,0.107,0.79355,TRAJECTORY_DEGRADATION
2018-06-01,0,0.0823400694149961,0.08475174443872746,0.109,0.79285,TRAJECTORY_DEGRADATION
2018-07-01,0,0.15023193363815004,0.1527383641134769,0.101,0.79565,TRAJECTORY_DEGRADATION
2018-01-01,1,0.19571551699057413,0.1957155169905741,0.039,0.89535,NONE
2018-06-01,0,0.11862487252897445,0.12195805943253091,0.109,0.79285,TRAJECTORY_DEGRADATION
2018-02-01,1,0.09815626124179432,0.09815626124179432,0.0365,0.902725,NONE
2018-02-01,1,0.12750400658438052,0.12750400658438052,0.0365,0.902725,NONE
2018-02-01,0,0.18116103546488546,0.18116103546488546,0.0365,0.902725,NONE
2018-12-01,0,0.05210896793142704,0.060673705870429334,0.1955,0.7170749999999999,TRANSITIONAL
2018-01-01,0,0.1085317359416895,0.1085317359416895,0.039,0.89535,NONE
2018-05-01,0,0.0822451385868787,0.08917695051007497,0.147,0.78605,TRAJECTORY_DEGRADATION
2018-07-01,0,0.09973103356222515,0.1014955528674694,0.101,0.79565,TRAJECTORY_DEGRADATION
2018-03-01,1,0.47025403887023504,0.47960519319012296,0.113,0.84345,TRAJECTORY_DEGRADATION
2018-09-01,0,0.25345561667805633,0.25601852220374605,0.097,0.79705,TRAJECTORY_DEGRADATION
2018-05-01,0,0.2734987743141198,0.291431235905574,0.147,0.78605,TRAJECTORY_DEGRADATION
2018-02-01,0,0.07795608218164089,0.07795608218164089,0.0365,0.902725,NONE
2018-02-01,0,0.050781781252975555,0.050781781252975555,0.0365,0.902725,NONE
2018-03-01,0,0.13184349456268074,0.1361953452031928,0.113,0.84345,TRAJECTORY_DEGRADATION
2018-03-01,0,0.08496912646927024,0.08793047031261368,0.113,0.84345,TRAJECTORY_DEGRADATION
2018-05-01,0,0.11087554420955632,0.11990512890887849,0.147,0.78605,TRAJECTORY_DEGRADATION
2018-04-01,0,0.14637053875295727,0.15747907979788858,0.1455,0.825575,MIXED
2018-01-01,0,0.20053178990340115,0.20053178990340115,0.039,0.89535,NONE
2018-07-01,0,0.10609739857214703,0.10796104884504408,0.101,0.79565,TRAJECTORY_DEGRADATION
2018-12-01,0,0.3861070666050547,0.4249572447447057,0.1955,0.7170749999999999,TRANSITIONAL
2018-05-01,0,0.32685376909287644,0.34661549405142406,0.147,0.78605,TRAJECTORY_DEGRADATION
2018-08-01,0,0.18531838423271307,0.18965982748792826,0.107,0.79355,TRAJECTORY_DEGRADATION
2018-01-01,0,0.10350631870760305,0.10350631870760305,0.039,0.89535,NONE
2018-02-01,0,0.111446576975578,0.111446576975578,0.0365,0.902725,NONE
2018-02-01,0,0.1387145816160957,0.1387145816160957,0.0365,0.902725,NONE
2018-11-01,1,0.20500014651474546,0.24618174450963604,0.2455,0.732075,MIXED
2018-09-01,0,0.22096270755499348,0.2232953246624022,0.097,0.79705,TRAJECTORY_DEGRADATION
2018-03-01,0,0.034512346806042565,0.03578394115176461,0.113,0.84345,TRAJECTORY_DEGRADATION
2018-05-01,0,0.5327447903180319,0.5546969572081438,0.147,0.78605,TRAJECTORY_DEGRADATION
2018-12-01,1,0.2564315711925445,0.28836277408878,0.1955,0.7170749999999999,TRANSITIONAL
2018-02-01,0,0.5439008813557515,0.5439008813557515,0.0365,0.902725,NONE
2018-05-01,0,0.09574640535848161,0.10368757396332191,0.147,0.78605,TRAJECTORY_DEGRADATION
2018-06-01,0,0.013979868664647404,0.014420792190253919,0.109,0.79285,TRAJECTORY_DEGRADATION
2018-01-01,0,0.18162173683331578,0.18162173683331578,0.039,0.89535,NONE
2018-03-01,0,0.5610454674019597,0.5702585515395516,0.113,0.84345,TRAJECTORY_DEGRADATION
2018-07-01,0,0.29872139383547586,0.3028223548763392,0.101,0.79565,TRAJECTORY_DEGRADATION
2018-11-01,0,0.05383346903054984,0.06721531863392997,0.2455,0.732075,MIXED
2018-02-01,0,0.1529002913368054,0.1529002913368054,0.0365,0.902725,NONE
2018-02-01,0,0.14172322463803974,0.14172322463803974,0.0365,0.902725,NONE
2018-01-01,1,0.12442992916728382,0.12442992916728382,0.039,0.89535,NONE
2018-06-01,1,0.17215413212729508,0.176689886715817,0.109,0.79285,TRAJECTORY_DEGRADATION
2018-07-01,0,0.036355408569507176,0.03704477635773734,0.101,0.79565,TRAJECTORY_DEGRADATION
2018-05-01,0,0.23189092712143025,0.24802666096289702,0.147,0.78605,TRAJECTORY_DEGRADATION
2018-04-01,0,0.08280257825834907,0.0895930831700401,0.1455,0.825575,MIXED
2018-03-01,1,0.22596983152215577,0.2325961782279069,0.113,0.84345,TRAJECTORY_DEGRADATION
2018-02-01,0,0.15524163904632188,0.15524163904632188,0.0365,0.902725,NONE
2018-01-01,0,0.24901789339727312,0.24901789339727312,0.039,0.89535,NONE
2018-05-01,0,0.18968119101275735,0.20365858136189322,0.147,0.78605,TRAJECTORY_DEGRADATION
2018-06-01,0,0.17047973202632377,0.17498069573959144,0.109,0.79285,TRAJECTORY_DEGRADATION
2018-01-01,0,0.20003252862094445,0.20003252862094445,0.039,0.89535,NONE
2018-11-01,0,0.19696928002362168,0.23701857149043212,0.2455,0.732075,MIXED
2018-01-01,0,0.11851325949972921,0.11851325949972921,0.039,0.89535,NONE
2018-01-01,1,0.11017914669659461,0.11017914669659461,0.039,0.89535,NONE
2018-12-01,0,0.1962365451560664,0.22291932815313287,0.1955,0.7170749999999999,TRANSITIONAL
2018-02-01,0,0.18178056012437746,0.18178056012437746,0.0365,0.902725,NONE
2018-03-01,0,0.26691679956362085,0.2743183345340718,0.113,0.84345,TRAJECTORY_DEGRADATION
2018-03-01,0,0.289152026564608,0.29692040670291725,0.113,0.84345,TRAJECTORY_DEGRADATION
2018-02-01,0,0.023575667864873532,0.023575667864873532,0.0365,0.902725,NONE
2018-08-01,1,0.14447975315472775,0.14803832145657525,0.107,0.79355,TRAJECTORY_DEGRADATION
2018-09-01,0,0.4911848208097669,0.49455912207148456,0.097,0.79705,TRAJECTORY_DEGRADATION
2018-02-01,0,0.5138934841349705,0.5138934841349705,0.0365,0.902725,NONE
2018-04-01,0,0.06583977333274717,0.07134739711597293,0.1455,0.825575,MIXED
2018-04-01,0,0.23102228283448037,0.24669864466761063,0.1455,0.825575,MIXED
2018-06-01,1,0.020105749976777894,0.020735819965141372,0.109,0.79285,TRAJECTORY_DEGRADATION
2018-08-01,0,0.08582928362722145,0.088092024159186,0.107,0.79355,TRAJECTORY_DEGRADATION
2018-04-01,0,0.23677372738147281,0.25271210519969595,0.1455,0.825575,MIXED
2018-04-01,0,0.2024007484815299,0.2166822135334145,0.1455,0.825575,MIXED
2018-12-01,0,0.12352279722932943,0.1420660575835298,0.1955,0.7170749999999999,TRANSITIONAL
2018-01-01,0,0.01692064292873235,0.01692064292873235,0.039,0.89535,NONE
2018-08-01,0,0.03321261899307817,0.034140015704179974,0.107,0.79355,TRAJECTORY_DEGRADATION
2018-05-01,0,0.3609289541342301,0.38158302425942947,0.147,0.78605,TRAJECTORY_DEGRADATION
2018-06-01,0,0.16088815562761205,0.16518631268832792,0.109,0.79285,TRAJECTORY_DEGRADATION
2018-01-01,0,0.2005768099566175,0.2005768099566175,0.039,0.89535,NONE
2018-02-01,1,0.2243232774802225,0.2243232774802225,0.0365,0.902725,NONE
2018-06-01,0,0.07576502680063704,0.07800049304864642,0.109,0.79285,TRAJECTORY_DEGRADATION
2018-01-01,0,0.3032247778104245,0.3032247778104245,0.039,0.89535,NONE
2018-06-01,0,0.23620985548122253,0.24194006111261127,0.109,0.79285,TRAJECTORY_DEGRADATION
2018-09-01,0,0.10216667268107385,0.10341167706944866,0.097,0.79705,TRAJECTORY_DEGRADATION
2018-01-01,0,0.04286541979770208,0.04286541979770208,0.039,0.89535,NONE
2018-03-01,1,0.1838007228951611,0.1894932302147596,0.113,0.84345,TRAJECTORY_DEGRADATION
2018-07-01,0,0.021033786213094326,0.02143909048561438,0.101,0.79565,TRAJECTORY_DEGRADATION
2018-01-01,0,0.2337009275222777,0.2337009275222777,0.039,0.89535,NONE
2018-04-01,0,0.28272082377574903,0.3005342280451122,0.1455,0.825575,MIXED
2018-03-01,0,0.17717565875618754,0.1827089121020131,0.113,0.84345,TRAJECTORY_DEGRADATION
2018-04-01,1,0.27746806672025415,0.2950866665983064,0.1455,0.825575,MIXED
2018-10-01,0,0.4140658009497398,0.4140658009497398,0.0805,0.809325,NONE
2018-01-01,0,0.22543886813059513,0.22543886813059508,0.039,0.89535,NONE
2018-04-01,1,0.2411113599301767,0.2572433112679165,0.1455,0.825575,MIXED
2018-01-01,0,0.13362440362572472,0.13362440362572472,0.039,0.89535,NONE
2018-07-01,0,0.057636847846212716,0.058705168829362664,0.101,0.79565,TRAJECTORY_DEGRADATION
2018-03-01,0,0.35863862301671695,0.36730920620692825,0.113,0.84345,TRAJECTORY_DEGRADATION
2018-03-01,1,0.13063114631975237,0.1349492004839279,0.113,0.84345,TRAJECTORY_DEGRADATION
2018-11-01,0,0.09841238697894206,0.12145316070808705,0.2455,0.732075,MIXED
2018-07-01,0,0.16582240849998445,0.16853735841945952,0.101,0.79565,TRAJECTORY_DEGRADATION
2018-02-01,0,0.3688564638144498,0.3688564638144498,0.0365,0.902725,NONE
2018-07-01,0,0.15040865653652813,0.1529175048402783,0.101,0.79565,TRAJECTORY_DEGRADATION
2018-06-01,0,0.2208559858431232,0.226324091468523,0.109,0.79285,TRAJECTORY_DEGRADATION
2018-07-01,0,0.15753916061266426,0.16014452784545702,0.101,0.79565,TRAJECTORY_DEGRADATION
2018-09-01,0,0.342922497706041,0.34597082541638063,0.097,0.79705,TRAJECTORY_DEGRADATION
2018-01-01,0,0.30421652677724215,0.30421652677724215,0.039,0.89535,NONE
2018-08-01,0,0.0825600585865461,0.08474460132744654,0.107,0.79355,TRAJECTORY_DEGRADATION
2018-03-01,0,0.03704178592161889,0.03840286955583867,0.113,0.84345,TRAJECTORY_DEGRADATION
2018-01-01,0,0.08661478092233514,0.08661478092233514,0.039,0.89535,NONE
2018-02-01,0,0.03374925857347391,0.03374925857347391,0.0365,0.902725,NONE
2018-03-01,0,0.10722757278405474,0.11087067323671156,0.113,0.84345,TRAJECTORY_DEGRADATION
2018-09-01,0,0.07220059203733316,0.07311016476975271,0.097,0.79705,TRAJECTORY_DEGRADATION
2018-03-01,1,0.24625072766110662,0.2532771892533228,0.113,0.84345,TRAJECTORY_DEGRADATION
2018-05-01,0,0.239793830713175,0.2562959853732321,0.147,0.78605,TRAJECTORY_DEGRADATION
2018-01-01,0,0.026594997839075825,0.026594997839075825,0.039,0.89535,NONE
2018-06-01,0,0.06719181146707566,0.06919326041107123,0.109,0.79285,TRAJECTORY_DEGRADATION
2018-01-01,0,0.1771986147400719,0.1771986147400719,0.039,0.89535,NONE
2018-06-01,0,0.042930206034546795,0.04424324917180654,0.109,0.79285,TRAJECTORY_DEGRADATION
2018-05-01,0,0.05475631822061161,0.05952156724374874,0.147,0.78605,TRAJECTORY_DEGRADATION
2018-02-01,0,0.08807592727585863,0.08807592727585863,0.0365,0.902725,NONE
2018-09-01,0,0.06616660122178712,0.06700564842767211,0.097,0.79705,TRAJECTORY_DEGRADATION
2018-04-01,0,0.019943877393822182,0.02170141117792288,0.1455,0.825575,MIXED
2018-01-01,0,0.16226678557897303,0.16226678557897303,0.039,0.89535,NONE
2018-01-01,0,0.17271229627268628,0.17271229627268628,0.039,0.89535,NONE
2018-07-01,0,0.39511019553720717,0.3997800625937953,0.101,0.79565,TRAJECTORY_DEGRADATION
2018-01-01,0,0.25462597027603356,0.25462597027603356,0.039,0.89535,NONE
2018-02-01,1,0.5321341483427886,0.5321341483427886,0.0365,0.902725,NONE
2018-05-01,0,0.024834418832265344,0.027070244864398022,0.147,0.78605,TRAJECTORY_DEGRADATION
2018-02-01,0,0.2378582590172902,0.2378582590172902,0.0365,0.902725,NONE
2018-06-01,0,0.03890111820120359,0.040096092299789714,0.109,0.79285,TRAJECTORY_DEGRADATION
2018-01-01,0,0.08807738368210273,0.08807738368210273,0.039,0.89535,NONE
2018-01-01,0,0.10586787335480843,0.10586787335480843,0.039,0.89535,NONE
2018-10-01,0,0.14290553894980232,0.1429055389498023,0.0805,0.809325,NONE
2018-02-01,0,0.14557380114651636,0.14557380114651636,0.0365,0.902725,NONE
2018-04-01,0,0.029406787143348476,0.031971026687181325,0.1455,0.825575,MIXED
2018-08-01,0,0.12289347511969743,0.12599867222045644,0.107,0.79355,TRAJECTORY_DEGRADATION
2018-12-01,0,0.1961306294092036,0.22280300290119295,0.1955,0.7170749999999999,TRANSITIONAL
2018-06-01,1,0.2422699142556477,0.24809937761617717,0.109,0.79285,TRAJECTORY_DEGRADATION
2018-12-01,0,0.055435870774684454,0.06451021089394857,0.1955,0.7170749999999999,TRANSITIONAL
2018-02-01,1,0.2350135558496056,0.2350135558496056,0.0365,0.902725,NONE
2018-04-01,1,0.27579986580321336,0.2933555461449311,0.1455,0.825575,MIXED
2018-01-01,0,0.05821673082518808,0.05821673082518808,0.039,0.89535,NONE
2018-05-01,1,0.23784888314125363,0.2542619574772045,0.147,0.78605,TRAJECTORY_DEGRADATION
2018-04-01,0,0.042063411710733835,0.04567935386060968,0.1455,0.825575,MIXED
2018-06-01,1,0.1956184889703918,0.20062263979862924,0.109,0.79285,TRAJECTORY_DEGRADATION
2018-06-01,1,0.4140141637012606,0.4216763864170975,0.109,0.79285,TRAJECTORY_DEGRADATION
2018-02-01,0,0.19910341453643263,0.19910341453643265,0.0365,0.902725,NONE
2018-04-01,0,0.1291876529272821,0.13920478754562726,0.1455,0.825575,MIXED
2018-05-01,0,0.19442007410964396,0.20865674774876383,0.147,0.78605,TRAJECTORY_DEGRADATION
2018-01-01,0,0.0269510219802264,0.0269510219802264,0.039,0.89535,NONE
2018-02-01,0,0.05748127649916743,0.05748127649916743,0.0365,0.902725,NONE
2018-05-01,1,0.08603555604983165,0.09325437187576555,0.147,0.78605,TRAJECTORY_DEGRADATION
2018-01-01,0,0.03376965459750675,0.03376965459750675,0.039,0.89535,NONE
2018-09-01,0,0.11816384972033192,0.11957783261119534,0.097,0.79705,TRAJECTORY_DEGRADATION
2018-03-01,0,0.22004250599847358,0.2265459118518708,0.113,0.84345,TRAJECTORY_DEGRADATION
2018-03-01,0,0.2867779482200745,0.2945089715605263,0.113,0.84345,TRAJECTORY_DEGRADATION
2018-04-01,0,0.0944217097371157,0.10205905274047475,0.1455,0.825575,MIXED
2018-03-01,0,0.33997234708918866,0.34843681892708794,0.113,0.84345,TRAJECTORY_DEGRADATION
2018-01-01,0,0.02069534034371429,0.02069534034371429,0.039,0.89535,NONE
2018-08-01,0,0.6027750806616566,0.6095786544321216,0.107,0.79355,TRAJECTORY_DEGRADATION
2018-04-01,0,0.24475205158851618,0.26104380009772693,0.1455,0.825575,MIXED
2018-02-01,0,0.568164664924515,0.568164664924515,0.0365,0.902725,NONE
2018-05-01,1,0.2536633797128516,0.2707800327708122,0.147,0.78605,TRAJECTORY_DEGRADATION
2018-07-01,0,0.07613972712529238,0.07752279286583949,0.101,0.79565,TRAJECTORY_DEGRADATION
2018-06-01,1,0.3885727733527453,0.3960824060575346,0.109,0.79285,TRAJECTORY_DEGRADATION
2018-09-01,0,0.16457444618058276,0.1664389718129207,0.097,0.79705,TRAJECTORY_DEGRADATION
2018-09-01,0,0.05602766597386097,0.056745955875624504,0.097,0.79705,TRAJECTORY_DEGRADATION
2018-02-01,0,0.09611005765987851,0.09611005765987851,0.0365,0.902725,NONE
2018-12-01,0,0.046299670007037726,0.05396393858003496,0.1955,0.7170749999999999,TRANSITIONAL
2018-05-01,1,0.3375123221020976,0.3575761507328658,0.147,0.78605,TRAJECTORY_DEGRADATION
2018-04-01,0,0.03339179044884825,0.03629052531535244,0.1455,0.825575,MIXED
2018-01-01,0,0.13132704908509626,0.13132704908509626,0.039,0.89535,NONE
2018-01-01,1,0.28671701241720093,0.28671701241720093,0.039,0.89535,NONE
2018-05-01,0,0.1428943254123526,0.1540796089586225,0.147,0.78605,TRAJECTORY_DEGRADATION
2018-10-01,0,0.055859510250239774,0.055859510250239774,0.0805,0.809325,NONE
2018-01-01,0,0.24563140878283823,0.24563140878283823,0.039,0.89535,NONE
2018-06-01,0,0.06521318197367246,0.06715993665762578,0.109,0.79285,TRAJECTORY_DEGRADATION
2018-06-01,0,0.027692712296664233,0.028553612832884583,0.109,0.79285,TRAJECTORY_DEGRADATION
2018-06-01,0,0.03455539252951658,0.03562182129888896,0.109,0.79285,TRAJECTORY_DEGRADATION
2018-03-01,0,0.07013162656726636,0.07261689228148177,0.113,0.84345,TRAJECTORY_DEGRADATION
2018-04-01,0,0.11051654066310891,0.11928424122000507,0.1455,0.825575,MIXED
2018-03-01,0,0.18706220377263552,0.19283185810476672,0.113,0.84345,TRAJECTORY_DEGRADATION
2018-06-01,0,0.12449189528772084,0.12796600190967,0.109,0.79285,TRAJECTORY_DEGRADATION
2018-01-01,0,0.03165296052390941,0.03165296052390941,0.039,0.89535,NONE
2018-01-01,1,0.4063100072366168,0.4063100072366168,0.039,0.89535,NONE
2018-02-01,0,0.5095955913128634,0.5095955913128634,0.0365,0.902725,NONE
2018-04-01,0,0.042131684814934144,0.04575321568052485,0.1455,0.825575,MIXED
2018-05-01,0,0.3195697575708614,0.3391129468753547,0.147,0.78605,TRAJECTORY_DEGRADATION
2018-02-01,0,0.02161552553346732,0.02161552553346732,0.0365,0.902725,NONE
2018-01-01,0,0.06807664663395278,0.06807664663395278,0.039,0.89535,NONE
2018-09-01,0,0.20561293135341685,0.20782673531384527,0.097,0.79705,TRAJECTORY_DEGRADATION
2018-05-01,0,0.07234733201615656,0.07851630257901224,0.147,0.78605,TRAJECTORY_DEGRADATION
2018-12-01,0,0.02518024069975709,0.029456460579662502,0.1955,0.7170749999999999,TRANSITIONAL
2018-09-01,0,0.17027756803295666,0.1721933888303453,0.097,0.79705,TRAJECTORY_DEGRADATION
2018-06-01,0,0.06997826048957867,0.07205629816986349,0.109,0.79285,TRAJECTORY_DEGRADATION
2018-02-01,1,0.2648406115124138,0.26484061151241384,0.0365,0.902725,NONE
2018-02-01,1,0.310603520376528,0.31060352037652805,0.0365,0.902725,NONE
2018-04-01,0,0.1770700267082227,0.189989896829394,0.1455,0.825575,MIXED
2018-06-01,0,0.024656206312459968,0.02542517753954947,0.109,0.79285,TRAJECTORY_DEGRADATION
2018-01-01,0,0.16194582733091983,0.16194582733091983,0.039,0.89535,NONE
2018-04-01,0,0.18694577219711592,0.20041073817196287,0.1455,0.825575,MIXED
2018-01-01,0,0.06601032204673596,0.06601032204673596,0.039,0.89535,NONE
2018-06-01,0,0.4581552684643817,0.4659847853098183,0.109,0.79285,TRAJECTORY_DEGRADATION
2018-03-01,0,0.03802528594457792,0.03942102843399539,0.113,0.84345,TRAJECTORY_DEGRADATION
2018-01-01,0,0.07087560291503232,0.07087560291503232,0.039,0.89535,NONE
2018-05-01,0,0.08970273306751769,0.09719652137845826,0.147,0.78605,TRAJECTORY_DEGRADATION
2018-04-01,0,0.23587510769612824,0.251772949669646,0.1455,0.825575,MIXED
2018-06-01,0,0.03154133238458847,0.032517875969824334,0.109,0.79285,TRAJECTORY_DEGRADATION
2018-04-01,0,0.20731427276429484,0.22184600586692246,0.1455,0.825575,MIXED
2018-09-01,0,0.03785460495899464,0.03834937636194295,0.097,0.79705,TRAJECTORY_DEGRADATION
2018-10-01,0,0.07331662321107034,0.07331662321107034,0.0805,0.809325,NONE
2018-07-01,0,0.09976395827508198,0.10152899441450891,0.101,0.79565,TRAJECTORY_DEGRADATION
2018-04-01,0,0.13587449330336995,0.14632299886164357,0.1455,0.825575,MIXED
2018-01-01,0,0.184957199148424,0.184957199148424,0.039,0.89535,NONE
2018-05-01,1,0.19596914817974773,0.21028964415616266,0.147,0.78605,TRAJECTORY_DEGRADATION
2018-06-01,0,0.043986042318385946,0.045329849255444664,0.109,0.79285,TRAJECTORY_DEGRADATION
2018-08-01,0,0.08813962953229788,0.09045725145849241,0.107,0.79355,TRAJECTORY_DEGRADATION
2018-01-01,0,0.026573697215948145,0.026573697215948145,0.039,0.89535,NONE
2018-11-01,0,0.26336080137326656,0.3116700387227387,0.2455,0.732075,MIXED
2018-09-01,0,0.036591696904344724,0.037070597692580136,0.097,0.79705,TRAJECTORY_DEGRADATION
2018-02-01,0,0.3902793288144173,0.3902793288144173,0.0365,0.902725,NONE
2018-02-01,0,0.13117416115110775,0.13117416115110775,0.0365,0.902725,NONE
2018-05-01,0,0.029349725862027727,0.031978731213628715,0.147,0.78605,TRAJECTORY_DEGRADATION
2018-01-01,0,0.15661059332600422,0.15661059332600424,0.039,0.89535,NONE
2018-03-01,0,0.1421496700999142,0.14678418718738717,0.113,0.84345,TRAJECTORY_DEGRADATION
2018-03-01,0,0.19502126767288522,0.2009757181616947,0.113,0.84345,TRAJECTORY_DEGRADATION
2018-10-01,0,0.31016580146531,0.31016580146531,0.0805,0.809325,NONE
2018-04-01,0,0.21819572731384262,0.23326574519489654,0.1455,0.825575,MIXED
2018-01-01,0,0.3124897430340642,0.3124897430340642,0.039,0.89535,NONE
2018-05-01,0,0.042301059604848264,0.04603516124942573,0.147,0.78605,TRAJECTORY_DEGRADATION
2018-06-01,0,0.5998252315791225,0.607362009113326,0.109,0.79285,TRAJECTORY_DEGRADATION
2018-10-01,0,0.09991848893750241,0.09991848893750241,0.0805,0.809325,NONE
2018-03-01,1,0.11356415112317367,0.11739423034445884,0.113,0.84345,TRAJECTORY_DEGRADATION
2018-03-01,1,0.027396367569016304,0.028413492256319065,0.113,0.84345,TRAJECTORY_DEGRADATION
2018-05-01,0,0.0754521975357729,0.08186255304326079,0.147,0.78605,TRAJECTORY_DEGRADATION
2018-04-01,0,0.12907351768077582,0.13908321580822836,0.1455,0.825575,MIXED
2018-01-01,1,0.08660784436039967,0.08660784436039967,0.039,0.89535,NONE
2018-11-01,0,0.0760332680171107,0.09438303607874436,0.2455,0.732075,MIXED
2018-03-01,1,0.08377764056150494,0.08670139339752234,0.113,0.84345,TRAJECTORY_DEGRADATION
2018-04-01,0,0.1735877314614057,0.18631104148733366,0.1455,0.825575,MIXED
2018-05-01,0,0.046342552929503684,0.050414634686987085,0.147,0.78605,TRAJECTORY_DEGRADATION
2018-07-01,0,0.27862838673562135,0.2825646487235008,0.101,0.79565,TRAJECTORY_DEGRADATION
2018-03-01,0,0.03738572265424834,0.0387589354181344,0.113,0.84345,TRAJECTORY_DEGRADATION
2018-04-01,0,0.1616626615040654,0.17369562054083587,0.1455,0.825575,MIXED
2018-01-01,0,0.06621609820129674,0.06621609820129674,0.039,0.89535,NONE
2018-06-01,1,0.15585334159960043,0.16004264680852048,0.109,0.79285,TRAJECTORY_DEGRADATION
2018-07-01,0,0.4716281882420427,0.4764900272833476,0.101,0.79565,TRAJECTORY_DEGRADATION
2018-03-01,1,0.19795225892912477,0.2039735235091732,0.113,0.84345,TRAJECTORY_DEGRADATION
2018-02-01,0,0.28128088738000395,0.28128088738000395,0.0365,0.902725,NONE
2018-08-01,0,0.3619058670489374,0.3685129284349756,0.107,0.79355,TRAJECTORY_DEGRADATION
2018-04-01,0,0.02506018126617132,0.027256045109926477,0.1455,0.825575,MIXED
2018-02-01,0,0.17855214842103634,0.17855214842103637,0.0365,0.902725,NONE
2018-02-01,0,0.04476684250647681,0.04476684250647681,0.0365,0.902725,NONE
2018-06-01,1,0.23625278326751878,0.24198370035167738,0.109,0.79285,TRAJECTORY_DEGRADATION
2018-04-01,0,0.02451168483489763,0.026660801722415316,0.1455,0.825575,MIXED
2018-01-01,0,0.4690448631956928,0.4690448631956928,0.039,0.89535,NONE
2018-01-01,1,0.09085902327989107,0.09085902327989107,0.039,0.89535,NONE
2018-04-01,0,0.23340034998533882,0.24918578834463778,0.1455,0.825575,MIXED
2018-02-01,0,0.029322164979308504,0.029322164979308504,0.0365,0.902725,NONE
2018-05-01,0,0.1999383032216196,0.21447147753412749,0.147,0.78605,TRAJECTORY_DEGRADATION
2018-02-01,1,0.7195540742195328,0.7195540742195328,0.0365,0.902725,NONE
2018-04-01,0,0.06630050532522626,0.07184370613464705,0.1455,0.825575,MIXED
2018-11-01,0,0.16668325994400846,0.20212454523119852,0.2455,0.732075,MIXED
2018-01-01,0,0.12325425020668061,0.12325425020668061,0.039,0.89535,NONE
2018-03-01,1,0.08140447377407721,0.08425302152147195,0.113,0.84345,TRAJECTORY_DEGRADATION
2018-03-01,1,0.31342298124435347,0.3215484682567218,0.113,0.84345,TRAJECTORY_DEGRADATION
2018-08-01,0,0.22597299015855749,0.23099679702881634,0.107,0.79355,TRAJECTORY_DEGRADATION
2018-01-01,0,0.24383406532952925,0.24383406532952928,0.039,0.89535,NONE
2018-09-01,1,0.2983754811513813,0.3012093436613407,0.097,0.79705,TRAJECTORY_DEGRADATION
2018-08-01,0,0.02019927766865023,0.020771109480053097,0.107,0.79355,TRAJECTORY_DEGRADATION
2018-01-01,0,0.028300219298395143,0.028300219298395143,0.039,0.89535,NONE
2018-01-01,1,0.5166868626075146,0.5166868626075145,0.039,0.89535,NONE
2018-04-01,0,0.2859107545227802,0.3038400081888688,0.1455,0.825575,MIXED
2018-03-01,0,0.05167579058075789,0.05354469450329351,0.113,0.84345,TRAJECTORY_DEGRADATION
2018-03-01,0,0.1818797317209378,0.18752641321882277,0.113,0.84345,TRAJECTORY_DEGRADATION
2018-03-01,1,0.5347010692263855,0.5440176976655579,0.113,0.84345,TRAJECTORY_DEGRADATION
2018-01-01,0,0.02499484037224529,0.02499484037224529,0.039,0.89535,NONE
2018-05-01,0,0.14295725134374493,0.15414657466666568,0.147,0.78605,TRAJECTORY_DEGRADATION
2018-10-01,0,0.08304843413124353,0.08304843413124353,0.0805,0.809325,NONE
2018-01-01,0,0.10019428943981862,0.10019428943981862,0.039,0.89535,NONE
2018-04-01,0,0.1258868123171916,0.1356878824669379,0.1455,0.825575,MIXED
2018-04-01,0,0.049338286978430866,0.05354465101857834,0.1455,0.825575,MIXED
2018-02-01,0,0.04263019126170856,0.04263019126170856,0.0365,0.902725,NONE
2018-09-01,0,0.09217579677331007,0.09331170557164994,0.097,0.79705,TRAJECTORY_DEGRADATION
2018-05-01,0,0.44528677375497305,0.46723881419240304,0.147,0.78605,TRAJECTORY_DEGRADATION
2018-02-01,0,0.03545442742071279,0.03545442742071279,0.0365,0.902725,NONE
2018-07-01,0,0.24698414631178728,0.2506286803283721,0.101,0.79565,TRAJECTORY_DEGRADATION
2018-02-01,0,0.10090706928739554,0.10090706928739554,0.0365,0.902725,NONE
2018-07-01,0,0.14461599282827825,0.1470449414920959,0.101,0.79565,TRAJECTORY_DEGRADATION
2018-02-01,0,0.05068380116844793,0.05068380116844793,0.0365,0.902725,NONE
2018-04-01,0,0.10986690724195566,0.11858994115685488,0.1455,0.825575,MIXED
2018-05-01,0,0.11254894888446368,0.12169616091432206,0.147,0.78605,TRAJECTORY_DEGRADATION
2018-01-01,0,0.08910475179092138,0.08910475179092138,0.039,0.89535,NONE
2018-03-01,0,0.18850670146513987,0.1943102599216248,0.113,0.84345,TRAJECTORY_DEGRADATION
2018-05-01,1,0.2932517920244092,0.311923327356974,0.147,0.78605,TRAJECTORY_DEGRADATION
2018-08-01,0,0.27832859682255506,0.2840891610385799,0.107,0.79355,TRAJECTORY_DEGRADATION
2018-02-01,1,0.14143771800941765,0.14143771800941765,0.0365,0.902725,NONE
2018-01-01,1,0.139285687038238,0.13928568703823796,0.039,0.89535,NONE
2018-03-01,0,0.04389753329616099,0.04549862575070938,0.113,0.84345,TRAJECTORY_DEGRADATION
2018-05-01,0,0.10610672175351317,0.11479808226608669,0.147,0.78605,TRAJECTORY_DEGRADATION
2018-03-01,0,0.062175699073153644,0.06439855490656228,0.113,0.84345,TRAJECTORY_DEGRADATION
2018-03-01,0,0.08682461227618854,0.08984427400099439,0.113,0.84345,TRAJECTORY_DEGRADATION
2018-08-01,0,0.2221551578599717,0.22711899233075641,0.107,0.79355,TRAJECTORY_DEGRADATION
2018-07-01,1,0.1547105579808616,0.15727787919712313,0.101,0.79565,TRAJECTORY_DEGRADATION
2018-12-01,0,0.08251907601486237,0.09557809510406945,0.1955,0.7170749999999999,TRANSITIONAL
2018-09-01,0,0.16958921461270687,0.171498891434274,0.097,0.79705,TRAJECTORY_DEGRADATION
2018-03-01,0,0.15547563005403334,0.1604633461291894,0.113,0.84345,TRAJECTORY_DEGRADATION
2018-03-01,1,0.5788010573799384,0.5879151964502962,0.113,0.84345,TRAJECTORY_DEGRADATION
2018-02-01,0,0.07681938976111823,0.07681938976111823,0.0365,0.902725,NONE
2018-03-01,0,0.26304560330986654,0.2703793833519555,0.113,0.84345,TRAJECTORY_DEGRADATION
2018-08-01,0,0.20056020072820466,0.20516878912843053,0.107,0.79355,TRAJECTORY_DEGRADATION
2018-03-01,1,0.32669900136996316,0.33500073337054087,0.113,0.84345,TRAJECTORY_DEGRADATION
2018-02-01,0,0.14399746612724873,0.14399746612724873,0.0365,0.902725,NONE
2018-05-01,0,0.5176949169535265,0.539743290135801,0.147,0.78605,TRAJECTORY_DEGRADATION
2018-03-01,0,0.13132706793264196,0.1356645362597386,0.113,0.84345,TRAJECTORY_DEGRADATION
2018-04-01,0,0.24232005805804227,0.2585053320602166,0.1455,0.825575,MIXED
2018-01-01,0,0.24120609230451157,0.24120609230451157,0.039,0.89535,NONE
2018-01-01,1,0.5110192240832835,0.5110192240832835,0.039,0.89535,NONE
2018-10-01,0,0.13904673668163683,0.13904673668163683,0.0805,0.809325,NONE
2018-09-01,0,0.08105643685193126,0.08206770589328521,0.097,0.79705,TRAJECTORY_DEGRADATION
2018-04-01,0,0.08004117869031799,0.08662661399553873,0.1455,0.825575,MIXED
2018-07-01,0,0.03009252263521968,0.030666913462925646,0.101,0.79565,TRAJECTORY_DEGRADATION
2018-08-01,0,0.2791125199739257,0.284882904210143,0.107,0.79355,TRAJECTORY_DEGRADATION
2018-03-01,0,0.29238350131375357,0.3002020343229461,0.113,0.84345,TRAJECTORY_DEGRADATION
2018-07-01,0,0.2757340023319258,0.27964522577179585,0.101,0.79565,TRAJECTORY_DEGRADATION
2018-01-01,0,0.029355410733687474,0.029355410733687474,0.039,0.89535,NONE
2018-05-01,0,0.3416276306278095,0.361802494489506,0.147,0.78605,TRAJECTORY_DEGRADATION
2018-04-01,0,0.22109210509908078,0.23630170243410614,0.1455,0.825575,MIXED
2018-03-01,0,0.15642613322804386,0.16143851288096156,0.113,0.84345,TRAJECTORY_DEGRADATION
2018-02-01,0,0.17642167237479345,0.17642167237479345,0.0365,0.902725,NONE
2018-10-01,0,0.15160826842188563,0.1516082684218856,0.0805,0.809325,NONE
2018-05-01,0,0.09579091279611444,0.10373534935184668,0.147,0.78605,TRAJECTORY_DEGRADATION
2018-06-01,0,0.42874035913890324,0.436472120151553,0.109,0.79285,TRAJECTORY_DEGRADATION
2018-03-01,0,0.15494723639363145,0.1599212112989126,0.113,0.84345,TRAJECTORY_DEGRADATION
2018-04-01,0,0.03583922236162054,0.03894185887381369,0.1455,0.825575,MIXED
2018-05-01,0,0.06658562757780452,0.0723015960983088,0.147,0.78605,TRAJECTORY_DEGRADATION
2018-07-01,0,0.04769627087172637,0.04858983983012049,0.101,0.79565,TRAJECTORY_DEGRADATION
2018-03-01,1,0.03471633245560874,0.035995162373393286,0.113,0.84345,TRAJECTORY_DEGRADATION
2018-10-01,0,0.07830793657311423,0.07830793657311423,0.0805,0.809325,NONE
2018-05-01,0,0.13494376286256665,0.1456124322755865,0.147,0.78605,TRAJECTORY_DEGRADATION
2018-01-01,0,0.021517129728127214,0.021517129728127214,0.039,0.89535,NONE
2018-01-01,0,0.025399481284067497,0.025399481284067497,0.039,0.89535,NONE
2018-02-01,1,0.5780220849275289,0.5780220849275289,0.0365,0.902725,NONE
2018-04-01,0,0.08632028022143987,0.0933698990388668,0.1455,0.825575,MIXED
2018-02-01,1,0.2446025547751761,0.2446025547751761,0.0365,0.902725,NONE
2018-10-01,0,0.14663552028911314,0.14663552028911317,0.0805,0.809325,NONE
2018-03-01,0,0.20824508227284547,0.21449570168054052,0.113,0.84345,TRAJECTORY_DEGRADATION
2018-08-01,0,0.29932185494218,0.30533308428945743,0.107,0.79355,TRAJECTORY_DEGRADATION
2018-10-01,0,0.058141948454492005,0.058141948454492005,0.0805,0.809325,NONE
2018-09-01,0,0.10503503870637879,0.10631085820514426,0.097,0.79705,TRAJECTORY_DEGRADATION
2018-06-01,0,0.1571538760083487,0.16137145653957788,0.109,0.79285,TRAJECTORY_DEGRADATION
2018-04-01,0,0.02926423426697958,0.03181645083202893,0.1455,0.825575,MIXED
2018-01-01,0,0.12674605345332976,0.1267460534533298,0.039,0.89535,NONE
2018-01-01,0,0.12373969422558369,0.12373969422558369,0.039,0.89535,NONE
2018-01-01,0,0.07231294787348078,0.07231294787348075,0.039,0.89535,NONE
2018-10-01,0,0.1383921959251885,0.1383921959251885,0.0805,0.809325,NONE
2018-01-01,0,0.04146868010007947,0.04146868010007947,0.039,0.89535,NONE
2018-05-01,0,0.16026388211723486,0.17253510260114355,0.147,0.78605,TRAJECTORY_DEGRADATION
2018-08-01,0,0.5031009771027678,0.5102245913022889,0.107,0.79355,TRAJECTORY_DEGRADATION
2018-03-01,0,0.10783036510732644,0.111491388072797,0.113,0.84345,TRAJECTORY_DEGRADATION
2018-01-01,1,0.2322223739952791,0.2322223739952791,0.039,0.89535,NONE
2018-02-01,0,0.3832708711462569,0.3832708711462569,0.0365,0.902725,NONE
2018-04-01,1,0.28106929338002673,0.29882199068669296,0.1455,0.825575,MIXED
2018-01-01,0,0.01613776122157875,0.01613776122157875,0.039,0.89535,NONE
2018-11-01,0,0.30415331436420284,0.35632574440970183,0.2455,0.732075,MIXED
2018-06-01,0,0.21949759026047336,0.22494177349841654,0.109,0.79285,TRAJECTORY_DEGRADATION
2018-10-01,0,0.0768469585081423,0.0768469585081423,0.0805,0.809325,NONE
2018-03-01,1,0.1572401012038494,0.1622735456617857,0.113,0.84345,TRAJECTORY_DEGRADATION
2018-08-01,0,0.22970862561664254,0.234790290595742,0.107,0.79355,TRAJECTORY_DEGRADATION
2018-08-01,0,0.2793391900627878,0.2851124070899863,0.107,0.79355,TRAJECTORY_DEGRADATION
2018-03-01,1,0.29586356973074945,0.3037352175910653,0.113,0.84345,TRAJECTORY_DEGRADATION
2018-04-01,0,0.24124238908691145,0.25738013387685627,0.1455,0.825575,MIXED
2018-06-01,0,0.07987850985944459,0.08222454784122668,0.109,0.79285,TRAJECTORY_DEGRADATION
2018-03-01,0,0.17554816790802658,0.18104177740265812,0.113,0.84345,TRAJECTORY_DEGRADATION
2018-06-01,1,0.21650214176609386,0.22189315107946475,0.109,0.79285,TRAJECTORY_DEGRADATION
2018-03-01,1,0.41892897881676594,0.4280842703947452,0.113,0.84345,TRAJECTORY_DEGRADATION
2018-04-01,0,0.5314247812275271,0.5528308208102776,0.1455,0.825575,MIXED
2018-08-01,0,0.03679497308526217,0.037818487002325665,0.107,0.79355,TRAJECTORY_DEGRADATION
2018-01-01,1,0.5242150548245196,0.5242150548245196,0.039,0.89535,NONE
2018-06-01,0,0.3132317444099937,0.32004748419263956,0.109,0.79285,TRAJECTORY_DEGRADATION
2018-01-01,1,0.16860599259412926,0.16860599259412926,0.039,0.89535,NONE
2018-09-01,0,0.24363796493654355,0.2461343264938148,0.097,0.79705,TRAJECTORY_DEGRADATION
2018-09-01,0,0.5080727354623567,0.5114464367696673,0.097,0.79705,TRAJECTORY_DEGRADATION
2018-04-01,0,0.08852060182333003,0.09573108913621999,0.1455,0.825575,MIXED
2018-03-01,1,0.035041970628216575,0.03633234443807318,0.113,0.84345,TRAJECTORY_DEGRADATION
2018-04-01,0,0.2517272006798477,0.2683182938534823,0.1455,0.825575,MIXED
2018-01-01,0,0.10135534500228308,0.10135534500228308,0.039,0.89535,NONE
2018-05-01,0,0.13928911198245275,0.15024165902883985,0.147,0.78605,TRAJECTORY_DEGRADATION
2018-03-01,0,0.1712373182250686,0.17662492474371067,0.113,0.84345,TRAJECTORY_DEGRADATION
2018-01-01,0,0.18524824954096356,0.18524824954096356,0.039,0.89535,NONE
2018-05-01,0,0.033054962732355975,0.03600355434635055,0.147,0.78605,TRAJECTORY_DEGRADATION
2018-04-01,1,0.4192519431278907,0.44038616142236,0.1455,0.825575,MIXED
2018-08-01,0,0.1473602616294243,0.15097725707800141,0.107,0.79355,TRAJECTORY_DEGRADATION
2018-06-01,0,0.30232995021815756,0.30901521029385975,0.109,0.79285,TRAJECTORY_DEGRADATION
2018-06-01,0,0.053232785124751755,0.054842881401283,0.109,0.79285,TRAJECTORY_DEGRADATION
2018-10-01,0,0.4771374795935668,0.4771374795935668,0.0805,0.809325,NONE
2018-02-01,0,0.23911174184084574,0.23911174184084574,0.0365,0.902725,NONE
2018-05-01,0,0.01667791758934822,0.018193119176371873,0.147,0.78605,TRAJECTORY_DEGRADATION
2018-01-01,0,0.15269595338792574,0.15269595338792574,0.039,0.89535,NONE
2018-01-01,1,0.07884994858942601,0.07884994858942601,0.039,0.89535,NONE
2018-07-01,0,0.12225998690795886,0.12436804129996441,0.101,0.79565,TRAJECTORY_DEGRADATION
2018-01-01,0,0.29144116474411863,0.29144116474411863,0.039,0.89535,NONE
2018-01-01,0,0.3183175090085754,0.3183175090085754,0.039,0.89535,NONE
2018-02-01,1,0.09896411805590526,0.09896411805590526,0.0365,0.902725,NONE
2018-01-01,1,0.20667961169407156,0.20667961169407156,0.039,0.89535,NONE
2018-10-01,0,0.09782913339622185,0.09782913339622185,0.0805,0.809325,NONE
2018-03-01,0,0.1692620470420606,0.1746005990034396,0.113,0.84345,TRAJECTORY_DEGRADATION
2018-02-01,0,0.09171329028466409,0.09171329028466409,0.0365,0.902725,NONE
2018-10-01,0,0.06601304213634618,0.06601304213634618,0.0805,0.809325,NONE
2018-06-01,0,0.3763637296485978,0.3837855137121455,0.109,0.79285,TRAJECTORY_DEGRADATION
2018-06-01,0,0.0795388907540016,0.08187584167712161,0.109,0.79285,TRAJECTORY_DEGRADATION
2018-03-01,0,0.15663132923047396,0.1616490240506951,0.113,0.84345,TRAJECTORY_DEGRADATION
2018-02-01,0,0.041714020318495346,0.041714020318495346,0.0365,0.902725,NONE
2018-08-01,0,0.028028782508029246,0.02881574515822546,0.107,0.79355,TRAJECTORY_DEGRADATION
2018-05-01,0,0.1293446378771324,0.13964209762228816,0.147,0.78605,TRAJECTORY_DEGRADATION
2018-04-01,1,0.7551293688926969,0.7707249249791869,0.1455,0.825575,MIXED
2018-01-01,0,0.08348058484314029,0.08348058484314029,0.039,0.89535,NONE
2018-10-01,0,0.10563004891195509,0.10563004891195509,0.0805,0.809325,NONE
2018-03-01,0,0.09886665399384895,0.10225822572479783,0.113,0.84345,TRAJECTORY_DEGRADATION
2018-11-01,0,0.23653948096974167,0.28181097001952393,0.2455,0.732075,MIXED
2018-06-01,0,0.3131680538748703,0.31998305350073386,0.109,0.79285,TRAJECTORY_DEGRADATION
2018-03-01,0,0.16509890232609334,0.17033307084481347,0.113,0.84345,TRAJECTORY_DEGRADATION
2018-01-01,0,0.026960007988927663,0.026960007988927663,0.039,0.89535,NONE
2018-04-01,0,0.246849511750298,0.2632322148271723,0.1455,0.825575,MIXED
2018-02-01,0,0.1318596405945939,0.1318596405945939,0.0365,0.902725,NONE
2018-01-01,0,0.11503903439795864,0.11503903439795864,0.039,0.89535,NONE
2018-02-01,0,0.053609771305400344,0.053609771305400344,0.0365,0.902725,NONE
2018-06-01,0,0.11761682772257447,0.12092557619276334,0.109,0.79285,TRAJECTORY_DEGRADATION
2018-10-01,0,0.36068804388078574,0.36068804388078574,0.0805,0.809325,NONE
2018-12-01,0,0.11849031501145599,0.13639566424484337,0.1955,0.7170749999999999,TRANSITIONAL
2018-08-01,0,0.22624464413457301,0.23127268587056266,0.107,0.79355,TRAJECTORY_DEGRADATION
2018-03-01,1,0.4121666668245201,0.4212813190714006,0.113,0.84345,TRAJECTORY_DEGRADATION
2018-01-01,0,0.19157892941971036,0.19157892941971036,0.039,0.89535,NONE
2018-01-01,0,0.07647703506930663,0.07647703506930663,0.039,0.89535,NONE
2018-10-01,0,0.17026504075537452,0.17026504075537452,0.0805,0.809325,NONE
2018-03-01,0,0.1405643453840755,0.1451559218139716,0.113,0.84345,TRAJECTORY_DEGRADATION
2018-02-01,0,0.14440189504520565,0.14440189504520565,0.0365,0.902725,NONE
2018-04-01,0,0.027082125917424045,0.02944980813300586,0.1455,0.825575,MIXED
2018-03-01,0,0.13440147878606964,0.13882426115262259,0.113,0.84345,TRAJECTORY_DEGRADATION
2018-05-01,1,0.15285651737778014,0.16467178687584688,0.147,0.78605,TRAJECTORY_DEGRADATION
2018-03-01,0,0.2716292378652644,0.2791116948884459,0.113,0.84345,TRAJECTORY_DEGRADATION
2018-08-01,0,0.09878343087390326,0.10134982305979011,0.107,0.79355,TRAJECTORY_DEGRADATION
2018-06-01,0,0.04837936407217565,0.04985039158756205,0.109,0.79285,TRAJECTORY_DEGRADATION
2018-02-01,0,0.0330948988258238,0.0330948988258238,0.0365,0.902725,NONE
2018-01-01,0,0.14324486686093543,0.14324486686093543,0.039,0.89535,NONE
2018-07-01,0,0.2521105772103566,0.2558050599588449,0.101,0.79565,TRAJECTORY_DEGRADATION
2018-03-01,0,0.04339267907599555,0.04497622398404955,0.113,0.84345,TRAJECTORY_DEGRADATION
2018-01-01,0,0.04607841553857317,0.04607841553857317,0.039,0.89535,NONE
2018-02-01,1,0.28793398729662767,0.28793398729662767,0.0365,0.902725,NONE
2018-02-01,0,0.09280339373503686,0.09280339373503686,0.0365,0.902725,NONE
2018-02-01,0,0.2724373176649127,0.2724373176649127,0.0365,0.902725,NONE
2018-01-01,0,0.13910841238596935,0.13910841238596935,0.039,0.89535,NONE
2018-03-01,1,0.33265724658252155,0.34103369527293537,0.113,0.84345,TRAJECTORY_DEGRADATION
2018-08-01,0,0.05123399747861279,0.05263720796208864,0.107,0.79355,TRAJECTORY_DEGRADATION
2018-08-01,0,0.2264474765080521,0.2314786774293327,0.107,0.79355,TRAJECTORY_DEGRADATION
2018-05-01,0,0.18703682845176972,0.20086766205797527,0.147,0.78605,TRAJECTORY_DEGRADATION
2018-06-01,0,0.2331521361707832,0.2388313593210576,0.109,0.79285,TRAJECTORY_DEGRADATION
2018-07-01,0,0.19312431157447355,0.19618113958388622,0.101,0.79565,TRAJECTORY_DEGRADATION
2018-02-01,0,0.09072373666819587,0.09072373666819587,0.0365,0.902725,NONE
2018-04-01,0,0.11362848293098649,0.12260903480197659,0.1455,0.825575,MIXED
2018-08-01,0,0.18330361347603283,0.18760872623151112,0.107,0.79355,TRAJECTORY_DEGRADATION
2018-04-01,0,0.029665206814811655,0.03225123150501864,0.1455,0.825575,MIXED
2018-08-01,0,0.13000959792822778,0.13326728122369655,0.107,0.79355,TRAJECTORY_DEGRADATION
2018-06-01,0,0.25039614587644504,0.25635498904895065,0.109,0.79285,TRAJECTORY_DEGRADATION
2018-01-01,0,0.1418880460666295,0.1418880460666295,0.039,0.89535,NONE
2018-03-01,0,0.030701882591152096,0.03183771146490024,0.113,0.84345,TRAJECTORY_DEGRADATION
2018-04-01,1,0.5251717676139496,0.5466197586590255,0.1455,0.825575,MIXED
2018-02-01,0,0.05020860811432248,0.05020860811432248,0.0365,0.902725,NONE
2018-10-01,0,0.23272055002298342,0.23272055002298342,0.0805,0.809325,NONE
2018-05-01,0,0.15764643514712443,0.16975775582530112,0.147,0.78605,TRAJECTORY_DEGRADATION
2018-03-01,0,0.16888227734444347,0.17421136317587405,0.113,0.84345,TRAJECTORY_DEGRADATION
2018-02-01,0,0.10281774090460549,0.10281774090460549,0.0365,0.902725,NONE
2018-08-01,0,0.17112659616814593,0.17520707092517715,0.107,0.79355,TRAJECTORY_DEGRADATION
2018-03-01,0,0.16922800797570353,0.17456571193810888,0.113,0.84345,TRAJECTORY_DEGRADATION
2018-05-01,0,0.141858237603459,0.15297689475642717,0.147,0.78605,TRAJECTORY_DEGRADATION
2018-02-01,0,0.05158633504192497,0.05158633504192497,0.0365,0.902725,NONE
2018-04-01,0,0.09657418413451808,0.10436556598708627,0.1455,0.825575,MIXED
2018-03-01,1,0.12236241868070807,0.1264469017217652,0.113,0.84345,TRAJECTORY_DEGRADATION
2018-01-01,1,0.12140923521876873,0.12140923521876873,0.039,0.89535,NONE
2018-06-01,0,0.049118012611171394,0.05061030507839169,0.109,0.79285,TRAJECTORY_DEGRADATION
2018-08-01,1,0.19783010770599632,0.20239184454564932,0.107,0.79355,TRAJECTORY_DEGRADATION
2018-03-01,0,0.01809583660438735,0.018774332620893005,0.113,0.84345,TRAJECTORY_DEGRADATION
2018-04-01,1,0.3834586185997705,0.4040438369521663,0.1455,0.825575,MIXED
2018-01-01,0,0.16122199664931297,0.16122199664931297,0.039,0.89535,NONE
2018-08-01,0,0.02283614210592552,0.023480833337106474,0.107,0.79355,TRAJECTORY_DEGRADATION
2018-04-01,0,0.06675917202880884,0.07233774971130708,0.1455,0.825575,MIXED
2018-01-01,0,0.26636424987873786,0.26636424987873786,0.039,0.89535,NONE
2018-05-01,0,0.5005223959365481,0.5226319208894845,0.147,0.78605,TRAJECTORY_DEGRADATION
2018-07-01,0,0.08892331358896463,0.0905158399892209,0.101,0.79565,TRAJECTORY_DEGRADATION
2018-01-01,1,0.3931780779512187,0.3931780779512187,0.039,0.89535,NONE
2018-06-01,0,0.11360910765476381,0.116820038871336,0.109,0.79285,TRAJECTORY_DEGRADATION
2018-04-01,0,0.35698642117957485,0.37701954958279066,0.1455,0.825575,MIXED
2018-07-01,0,0.3409820683336556,0.3453774678278437,0.101,0.79565,TRAJECTORY_DEGRADATION
2018-02-01,0,0.23141896216262484,0.23141896216262484,0.0365,0.902725,NONE
2018-08-01,1,0.2981450691504395,0.3041429237535614,0.107,0.79355,TRAJECTORY_DEGRADATION
2018-08-01,0,0.4898250327741612,0.49694866575384167,0.107,0.79355,TRAJECTORY_DEGRADATION
2018-02-01,0,0.28420142049973174,0.28420142049973174,0.0365,0.902725,NONE
2018-01-01,1,0.43903627380019467,0.4390362738001947,0.039,0.89535,NONE
2018-02-01,0,0.20303440639594691,0.20303440639594694,0.0365,0.902725,NONE
2018-02-01,0,0.42330841222318294,0.42330841222318294,0.0365,0.902725,NONE
2018-11-01,0,0.02157458078713373,0.027167810687040328,0.2455,0.732075,MIXED
2018-03-01,1,0.25800282036770283,0.26524660931401345,0.113,0.84345,TRAJECTORY_DEGRADATION
2018-05-01,0,0.09388650666258809,0.10169076373631683,0.147,0.78605,TRAJECTORY_DEGRADATION
2018-02-01,0,0.2612988693400221,0.2612988693400221,0.0365,0.902725,NONE
2018-04-01,0,0.11431467702513853,0.12334191508129487,0.1455,0.825575,MIXED
2018-12-01,1,0.08557094395645212,0.09906078834654154,0.1955,0.7170749999999999,TRANSITIONAL
2018-02-01,0,0.2656000860604272,0.2656000860604272,0.0365,0.902725,NONE
2018-09-01,0,0.19747329400942998,0.19962148231660046,0.097,0.79705,TRAJECTORY_DEGRADATION
2018-07-01,0,0.19950714616147455,0.20263963091596446,0.101,0.79565,TRAJECTORY_DEGRADATION
2018-06-01,0,0.07558750137988779,0.07781817071575341,0.109,0.79285,TRAJECTORY_DEGRADATION
2018-03-01,0,0.5797146922291342,0.5888231058664156,0.113,0.84345,TRAJECTORY_DEGRADATION
2018-02-01,0,0.23618707379530557,0.23618707379530557,0.0365,0.902725,NONE
2018-09-01,0,0.24989129200469767,0.25243034252619523,0.097,0.79705,TRAJECTORY_DEGRADATION
2018-11-01,0,0.18012123153106602,0.21767342943103202,0.2455,0.732075,MIXED
2018-06-01,0,0.04441927597765592,0.04577568478605508,0.109,0.79285,TRAJECTORY_DEGRADATION
2018-01-01,0,0.17639090241688987,0.17639090241688987,0.039,0.89535,NONE
2018-06-01,0,0.15182678413252465,0.15592784874851448,0.109,0.79285,TRAJECTORY_DEGRADATION
2018-02-01,0,0.1832232786574692,0.1832232786574692,0.0365,0.902725,NONE
2018-09-01,0,0.09889977004258921,0.10010940282982979,0.097,0.79705,TRAJECTORY_DEGRADATION
2018-07-01,0,0.11696497166964456,0.11899410459506346,0.101,0.79565,TRAJECTORY_DEGRADATION
2018-05-01,0,0.20139957391026722,0.2160102876789081,0.147,0.78605,TRAJECTORY_DEGRADATION
2018-01-01,0,0.15013849520314806,0.15013849520314806,0.039,0.89535,NONE
2018-09-01,0,0.057253192144687444,0.057986228495850764,0.097,0.79705,TRAJECTORY_DEGRADATION
2018-02-01,0,0.19506956393097846,0.1950695639309785,0.0365,0.902725,NONE
2018-10-01,0,0.06230535676542957,0.06230535676542957,0.0805,0.809325,NONE
2018-01-01,1,0.13386319126134444,0.13386319126134444,0.039,0.89535,NONE
2018-06-01,0,0.016272665842712482,0.01678467295459262,0.109,0.79285,TRAJECTORY_DEGRADATION
2018-05-01,0,0.12724192797192058,0.1373984033534638,0.147,0.78605,TRAJECTORY_DEGRADATION
2018-05-01,0,0.12827441885545562,0.13850022942933377,0.147,0.78605,TRAJECTORY_DEGRADATION
2018-06-01,0,0.07859778089711707,0.08090951139917128,0.109,0.79285,TRAJECTORY_DEGRADATION
2018-01-01,0,0.020957736749383515,0.020957736749383515,0.039,0.89535,NONE
2018-12-01,0,0.17036912214404823,0.19438527339806758,0.1955,0.7170749999999999,TRANSITIONAL
2018-10-01,0,0.14298743994139543,0.14298743994139546,0.0805,0.809325,NONE
2018-09-01,0,0.10712402791356636,0.1084221475511514,0.097,0.79705,TRAJECTORY_DEGRADATION
2018-09-01,0,0.22841571030217003,0.23080369595995104,0.097,0.79705,TRAJECTORY_DEGRADATION
2018-07-01,0,0.04326319923071874,0.044077560576372285,0.101,0.79565,TRAJECTORY_DEGRADATION
2018-03-01,0,0.18252166125679797,0.18818368807724561,0.113,0.84345,TRAJECTORY_DEGRADATION
2018-08-01,0,0.0883961597642755,0.0907198560299906,0.107,0.79355,TRAJECTORY_DEGRADATION
2018-10-01,0,0.17001626012400567,0.17001626012400567,0.0805,0.809325,NONE
2018-02-01,1,0.28940240129670386,0.28940240129670386,0.0365,0.902725,NONE
2018-08-01,0,0.04102506996422477,0.04216110063123505,0.107,0.79355,TRAJECTORY_DEGRADATION
2018-09-01,0,0.15674875422755513,0.1585414449969567,0.097,0.79705,TRAJECTORY_DEGRADATION
2018-03-01,0,0.10941004466115392,0.11311790033083201,0.113,0.84345,TRAJECTORY_DEGRADATION
2018-04-01,0,0.06199434247950902,0.06720343004302409,0.1455,0.825575,MIXED
2018-02-01,0,0.042044166360538864,0.042044166360538864,0.0365,0.902725,NONE
2018-09-01,0,0.14316682184664692,0.14483085877263976,0.097,0.79705,TRAJECTORY_DEGRADATION
2018-07-01,0,0.25862572481547785,0.26238218664770546,0.101,0.79565,TRAJECTORY_DEGRADATION
2018-05-01,0,0.09911553339889166,0.10730297717098666,0.147,0.78605,TRAJECTORY_DEGRADATION
2018-03-01,0,0.14876950738894737,0.15358121197169797,0.113,0.84345,TRAJECTORY_DEGRADATION
2018-03-01,0,0.38623586835366513,0.39516256955895374,0.113,0.84345,TRAJECTORY_DEGRADATION
2018-04-01,0,0.030526287686239578,0.03318480882407874,0.1455,0.825575,MIXED
2018-03-01,0,0.0873049370947991,0.0903396513466604,0.113,0.84345,TRAJECTORY_DEGRADATION
2018-04-01,0,0.07132195419791701,0.07725024951583992,0.1455,0.825575,MIXED
2018-06-01,0,0.1802132831837258,0.18491394393973107,0.109,0.79285,TRAJECTORY_DEGRADATION
2018-01-01,1,0.12498518954758278,0.12498518954758278,0.039,0.89535,NONE
2018-03-01,0,0.08865862047876244,0.09173565925429447,0.113,0.84345,TRAJECTORY_DEGRADATION
2018-02-01,0,0.26406766032390694,0.26406766032390694,0.0365,0.902725,NONE
2018-06-01,1,0.06564129843015132,0.06759990910596765,0.109,0.79285,TRAJECTORY_DEGRADATION
2018-07-01,0,0.14362473615630203,0.14603987830768433,0.101,0.79565,TRAJECTORY_DEGRADATION
2018-05-01,1,0.4560004270600051,0.4780254855270112,0.147,0.78605,TRAJECTORY_DEGRADATION
2018-06-01,1,0.4936557756946195,0.5015304304157812,0.109,0.79285,TRAJECTORY_DEGRADATION
2018-11-01,0,0.1517309872118346,0.18469767659204775,0.2455,0.732075,MIXED
2018-02-01,0,0.10045126757601984,0.10045126757601984,0.0365,0.902725,NONE
2018-01-01,1,0.5814825346121176,0.5814825346121176,0.039,0.89535,NONE
2018-08-01,0,0.050553968416504044,0.05193957368488434,0.107,0.79355,TRAJECTORY_DEGRADATION
2018-11-01,0,0.12417518399514064,0.15222923741495856,0.2455,0.732075,MIXED
2018-03-01,1,0.21360874160493454,0.2199756255160977,0.113,0.84345,TRAJECTORY_DEGRADATION
2018-01-01,0,0.017680894305326836,0.017680894305326836,0.039,0.89535,NONE
2018-01-01,0,0.5038319404678411,0.5038319404678411,0.039,0.89535,NONE
2018-02-01,0,0.03246791536243164,0.03246791536243164,0.0365,0.902725,NONE
2018-03-01,0,0.14215876404510325,0.1467935268883541,0.113,0.84345,TRAJECTORY_DEGRADATION
2018-06-01,0,0.04717394148785658,0.04861018905845164,0.109,0.79285,TRAJECTORY_DEGRADATION
2018-01-01,1,0.20489323444103447,0.20489323444103447,0.039,0.89535,NONE
2018-09-01,0,0.20026282408010296,0.20243370341122907,0.097,0.79705,TRAJECTORY_DEGRADATION
2018-03-01,0,0.02451415933863969,0.025427075892193885,0.113,0.84345,TRAJECTORY_DEGRADATION
2018-02-01,0,0.05323010603499814,0.05323010603499814,0.0365,0.902725,NONE
2018-05-01,0,0.06729126832273416,0.07306307027436766,0.147,0.78605,TRAJECTORY_DEGRADATION
2018-02-01,0,0.09453574138868513,0.09453574138868513,0.0365,0.902725,NONE
2018-07-01,0,0.09205788403409483,0.09370077393845118,0.101,0.79565,TRAJECTORY_DEGRADATION
2018-04-01,0,0.09543661059436358,0.10314669406280008,0.1455,0.825575,MIXED
2018-04-01,1,0.16147541215751363,0.1734973181637645,0.1455,0.825575,MIXED
2018-08-01,0,0.06521768186113276,0.06697684466784326,0.107,0.79355,TRAJECTORY_DEGRADATION
2018-02-01,0,0.2940195630483356,0.2940195630483356,0.0365,0.902725,NONE
2018-01-01,1,0.16093003800380679,0.16093003800380679,0.039,0.89535,NONE
2018-04-01,0,0.18330059068655005,0.19656648304487268,0.1455,0.825575,MIXED
2018-01-01,1,0.27520234730636906,0.27520234730636906,0.039,0.89535,NONE
2018-06-01,0,0.1746990650319964,0.17928734970709642,0.109,0.79285,TRAJECTORY_DEGRADATION
2018-04-01,0,0.2732584774195028,0.29071732820767043,0.1455,0.825575,MIXED
2018-05-01,0,0.22976751415227115,0.24580277674587342,0.147,0.78605,TRAJECTORY_DEGRADATION
2018-04-01,1,0.28542380582252175,0.303335494657572,0.1455,0.825575,MIXED
2018-02-01,0,0.16404600199387703,0.164046001993877,0.0365,0.902725,NONE
2018-01-01,0,0.15452841242998824,0.15452841242998824,0.039,0.89535,NONE
2018-03-01,0,0.04333130380187312,0.044912714077757696,0.113,0.84345,TRAJECTORY_DEGRADATION
2018-08-01,0,0.02843511590829916,0.029233144033258825,0.107,0.79355,TRAJECTORY_DEGRADATION
2018-05-01,1,0.48716203294552224,0.509283143794793,0.147,0.78605,TRAJECTORY_DEGRADATION
2018-05-01,0,0.2095584170325205,0.22459456094681626,0.147,0.78605,TRAJECTORY_DEGRADATION
2018-04-01,0,0.20928833630385138,0.22391935407973443,0.1455,0.825575,MIXED
2018-10-01,0,0.4738110687162671,0.4738110687162671,0.0805,0.809325,NONE
2018-01-01,0,0.13303497159186786,0.13303497159186786,0.039,0.89535,NONE
2018-03-01,0,0.37718423652477223,0.38603331559678283,0.113,0.84345,TRAJECTORY_DEGRADATION
2018-03-01,0,0.27700279949505363,0.28457544688632147,0.113,0.84345,TRAJECTORY_DEGRADATION
2018-03-01,0,0.27015431304364224,0.2776116263409174,0.113,0.84345,TRAJECTORY_DEGRADATION
2018-05-01,1,0.2467202085025354,0.2635337838419985,0.147,0.78605,TRAJECTORY_DEGRADATION
2018-02-01,0,0.14286135179257592,0.14286135179257592,0.0365,0.902725,NONE
2018-09-01,1,0.2916274271827521,0.2944240935713313,0.097,0.79705,TRAJECTORY_DEGRADATION
2018-03-01,0,0.15039992853554116,0.15525474845299586,0.113,0.84345,TRAJECTORY_DEGRADATION
2018-05-01,0,0.20353188292237823,0.21825501059959387,0.147,0.78605,TRAJECTORY_DEGRADATION
2018-05-01,0,0.024156701841010722,0.026333161087866652,0.147,0.78605,TRAJECTORY_DEGRADATION
2018-01-01,0,0.4856856037760229,0.4856856037760229,0.039,0.89535,NONE
2018-05-01,0,0.032655637981659526,0.035569919097303546,0.147,0.78605,TRAJECTORY_DEGRADATION
2018-08-01,0,0.1809851958539736,0.18524820859414134,0.107,0.79355,TRAJECTORY_DEGRADATION
2018-03-01,0,0.07358846719632159,0.07618619677744014,0.113,0.84345,TRAJECTORY_DEGRADATION
2018-10-01,0,0.323693601538586,0.323693601538586,0.0805,0.809325,NONE
2018-06-01,0,0.2722057836292806,0.2784908208827651,0.109,0.79285,TRAJECTORY_DEGRADATION
2018-10-01,0,0.22577589588550095,0.22577589588550095,0.0805,0.809325,NONE
2018-05-01,0,0.09708796356631645,0.10512746455036487,0.147,0.78605,TRAJECTORY_DEGRADATION
2018-06-01,0,0.25167966517025575,0.25765855406563315,0.109,0.79285,TRAJECTORY_DEGRADATION
2018-07-01,0,0.3513823779893245,0.35583945320241883,0.101,0.79565,TRAJECTORY_DEGRADATION
2018-02-01,0,0.12246930218280631,0.12246930218280631,0.0365,0.902725,NONE
2018-06-01,0,0.031978170002415984,0.0329677780065938,0.109,0.79285,TRAJECTORY_DEGRADATION
2018-05-01,0,0.1398556795980231,0.15084496914703532,0.147,0.78605,TRAJECTORY_DEGRADATION
2018-07-01,0,0.10457679309975916,0.10641691300573022,0.101,0.79565,TRAJECTORY_DEGRADATION
2018-04-01,0,0.21646847554526033,0.23145451573885473,0.1455,0.825575,MIXED
2018-01-01,0,0.19104406978373667,0.19104406978373667,0.039,0.89535,NONE
2018-05-01,0,0.08674645590084318,0.09401878385036304,0.147,0.78605,TRAJECTORY_DEGRADATION
2018-06-01,0,0.1263907669931765,0.1299100012228294,0.109,0.79285,TRAJECTORY_DEGRADATION
2018-02-01,0,0.01897869699397681,0.01897869699397681,0.0365,0.902725,NONE
2018-02-01,0,0.16909712834657747,0.16909712834657747,0.0365,0.902725,NONE
2018-04-01,0,0.3574838962152299,0.37752855087439724,0.1455,0.825575,MIXED
2018-04-01,0,0.10418830662413425,0.11251747134321706,0.1455,0.825575,MIXED
2018-05-01,1,0.3461325926582741,0.36642542910362913,0.147,0.78605,TRAJECTORY_DEGRADATION
2018-08-01,0,0.02974333359860771,0.030576921209235476,0.107,0.79355,TRAJECTORY_DEGRADATION
2018-02-01,0,0.015650371247015026,0.015650371247015026,0.0365,0.902725,NONE
2018-09-01,0,0.04150337346135676,0.04204375142086781,0.097,0.79705,TRAJECTORY_DEGRADATION
2018-10-01,1,0.06271089487290558,0.06271089487290558,0.0805,0.809325,NONE
2018-07-01,0,0.14776095667839287,0.15023345035248817,0.101,0.79565,TRAJECTORY_DEGRADATION
2018-09-01,0,0.17869228484711525,0.1806821642892158,0.097,0.79705,TRAJECTORY_DEGRADATION
2018-06-01,0,0.32307473600235925,0.3300017381335067,0.109,0.79285,TRAJECTORY_DEGRADATION
2018-01-01,0,0.17898385252131457,0.17898385252131457,0.039,0.89535,NONE
2018-06-01,0,0.04716768824628706,0.04860375514359818,0.109,0.79285,TRAJECTORY_DEGRADATION
2018-06-01,0,0.06734552129031322,0.06935120840207644,0.109,0.79285,TRAJECTORY_DEGRADATION
2018-03-01,0,0.05443291269206515,0.05639560069055729,0.113,0.84345,TRAJECTORY_DEGRADATION
2018-03-01,0,0.28243265999261635,0.29009418783316887,0.113,0.84345,TRAJECTORY_DEGRADATION
2018-04-01,0,0.2390292221940786,0.2550686875318054,0.1455,0.825575,MIXED
2018-02-01,0,0.16363681367112184,0.16363681367112184,0.0365,0.902725,NONE
2018-07-01,0,0.15230809136514672,0.15484284824251335,0.101,0.79565,TRAJECTORY_DEGRADATION
2018-05-01,0,0.2402602264930679,0.2567836360264301,0.147,0.78605,TRAJECTORY_DEGRADATION
2018-07-01,0,0.24571733667674955,0.2493493674344621,0.101,0.79565,TRAJECTORY_DEGRADATION
2018-10-01,0,0.22828383294589216,0.22828383294589216,0.0805,0.809325,NONE
2018-01-01,0,0.1854723956526135,0.1854723956526135,0.039,0.89535,NONE
2018-05-01,0,0.11812988697882329,0.1276654292122667,0.147,0.78605,TRAJECTORY_DEGRADATION
2018-12-01,0,0.4544350139395104,0.4946209551322004,0.1955,0.7170749999999999,TRANSITIONAL
2018-07-01,1,0.3476773016778353,0.35211289314423655,0.101,0.79565,TRAJECTORY_DEGRADATION
2018-01-01,0,0.11743532442644894,0.11743532442644894,0.039,0.89535,NONE
2018-07-01,0,0.3719377957603722,0.37650425588607794,0.101,0.79565,TRAJECTORY_DEGRADATION
2018-08-01,0,0.023092634268676814,0.023744390623159542,0.107,0.79355,TRAJECTORY_DEGRADATION
2018-12-01,0,0.2511731249219299,0.28269848424616134,0.1955,0.7170749999999999,TRANSITIONAL
2018-04-01,0,0.013340219401465396,0.014524436946210998,0.1455,0.825575,MIXED
2018-07-01,0,0.03986676779972636,0.040619911054519516,0.101,0.79565,TRAJECTORY_DEGRADATION
2018-04-01,1,0.31883888913742875,0.3378560790189935,0.1455,0.825575,MIXED
2018-11-01,0,0.25557986408199496,0.3030489925030207,0.2455,0.732075,MIXED
2018-09-01,0,0.17834441733006273,0.18033127354343415,0.097,0.79705,TRAJECTORY_DEGRADATION
2018-02-01,0,0.1137985082503902,0.1137985082503902,0.0365,0.902725,NONE
2018-05-01,0,0.09628433504232732,0.10426497490933495,0.147,0.78605,TRAJECTORY_DEGRADATION
2018-07-01,0,0.18518732775133803,0.18814782109443712,0.101,0.79565,TRAJECTORY_DEGRADATION
2018-06-01,0,0.025826444636323716,0.02663091642488391,0.109,0.79285,TRAJECTORY_DEGRADATION
2018-09-01,0,0.08268164274209004,0.08371134096257879,0.097,0.79705,TRAJECTORY_DEGRADATION
2018-02-01,0,0.44000714484491815,0.44000714484491815,0.0365,0.902725,NONE
2018-04-01,1,0.05248164820303695,0.05693995008858348,0.1455,0.825575,MIXED
2018-01-01,0,0.151699009814756,0.151699009814756,0.039,0.89535,NONE
2018-01-01,0,0.06058767291515231,0.06058767291515231,0.039,0.89535,NONE
2018-12-01,0,0.13748586663687729,0.1577480029591497,0.1955,0.7170749999999999,TRANSITIONAL
2018-03-01,0,0.05521713699798396,0.05720639104613256,0.113,0.84345,TRAJECTORY_DEGRADATION
2018-05-01,1,0.22593501797569995,0.24178677564372802,0.147,0.78605,TRAJECTORY_DEGRADATION
2018-02-01,0,0.28041898042652663,0.28041898042652663,0.0365,0.902725,NONE
2018-01-01,0,0.10152914289825478,0.10152914289825478,0.039,0.89535,NONE
2018-03-01,0,0.013853493820057601,0.014375253662261127,0.113,0.84345,TRAJECTORY_DEGRADATION
2018-03-01,1,0.29301860249724737,0.30084689811491067,0.113,0.84345,TRAJECTORY_DEGRADATION
2018-05-01,0,0.15997013771709884,0.17222347940139468,0.147,0.78605,TRAJECTORY_DEGRADATION
2018-05-01,0,0.024963488927024303,0.027210610810799972,0.147,0.78605,TRAJECTORY_DEGRADATION
2018-04-01,0,0.12068731812639176,0.13014384662981854,0.1455,0.825575,MIXED
2018-11-01,0,0.056355285321123896,0.07031741670824009,0.2455,0.732075,MIXED
2018-03-01,1,0.35015414984990767,0.35873434165706786,0.113,0.84345,TRAJECTORY_DEGRADATION
2018-01-01,0,0.08021737160057896,0.08021737160057896,0.039,0.89535,NONE
2018-01-01,1,0.5826790667540156,0.5826790667540156,0.039,0.89535,NONE
2018-02-01,0,0.06480662605747645,0.06480662605747645,0.0365,0.902725,NONE
2018-09-01,0,0.21286803950965086,0.2151388028434404,0.097,0.79705,TRAJECTORY_DEGRADATION
2018-11-01,0,0.24386699999618755,0.2900081856468588,0.2455,0.732075,MIXED
2018-01-01,0,0.03610256724378587,0.03610256724378587,0.039,0.89535,NONE
2018-10-01,0,0.053834182675384645,0.053834182675384645,0.0805,0.809325,NONE
2018-04-01,0,0.036070302283651746,0.03919213043570971,0.1455,0.825575,MIXED
2018-05-01,0,0.32467374028990603,0.34437108937423533,0.147,0.78605,TRAJECTORY_DEGRADATION
2018-02-01,0,0.03806431032475152,0.03806431032475152,0.0365,0.902725,NONE
2018-03-01,0,0.12736421402372056,0.13159062435583532,0.113,0.84345,TRAJECTORY_DEGRADATION
2018-04-01,0,0.20872342870026855,0.22332610861535743,0.1455,0.825575,MIXED
2018-01-01,0,0.026214189995780103,0.026214189995780103,0.039,0.89535,NONE
2018-09-01,0,0.07601246967995284,0.0769660802542289,0.097,0.79705,TRAJECTORY_DEGRADATION
2018-03-01,0,0.04645613934320191,0.04814585355829742,0.113,0.84345,TRAJECTORY_DEGRADATION
2018-10-01,0,0.022846532569352974,0.022846532569352974,0.0805,0.809325,NONE
2018-08-01,0,0.1054158270619912,0.10813385398287018,0.107,0.79355,TRAJECTORY_DEGRADATION
2018-03-01,0,0.20806255327901058,0.2143091769158543,0.113,0.84345,TRAJECTORY_DEGRADATION
2018-03-01,0,0.2368381883678187,0.243682903592443,0.113,0.84345,TRAJECTORY_DEGRADATION
2018-03-01,0,0.04125674760352711,0.04276582987547835,0.113,0.84345,TRAJECTORY_DEGRADATION
2018-04-01,1,0.28240444255084846,0.30020625574830423,0.1455,0.825575,MIXED
2018-01-01,0,0.2597291678220058,0.2597291678220058,0.039,0.89535,NONE
2018-02-01,1,0.10938979927612545,0.10938979927612545,0.0365,0.902725,NONE
2018-02-01,0,0.06408284850663534,0.06408284850663534,0.0365,0.902725,NONE
2018-05-01,0,0.2893758908223937,0.30790815983544806,0.147,0.78605,TRAJECTORY_DEGRADATION
2018-10-01,0,0.2788602102169947,0.2788602102169947,0.0805,0.809325,NONE
2018-02-01,0,0.07789150105672736,0.07789150105672736,0.0365,0.902725,NONE
2018-09-01,0,0.16632904242304639,0.1682094440856895,0.097,0.79705,TRAJECTORY_DEGRADATION
2018-12-01,0,0.09123234205856588,0.10551169792913118,0.1955,0.7170749999999999,TRANSITIONAL
2018-04-01,1,0.18555544132831245,0.19894477034568372,0.1455,0.825575,MIXED
2018-08-01,0,0.11863382661182344,0.1216463208039466,0.107,0.79355,TRAJECTORY_DEGRADATION
2018-01-01,0,0.05475053994726026,0.05475053994726026,0.039,0.89535,NONE
2018-06-01,0,0.07375392932947142,0.07593493283014861,0.109,0.79285,TRAJECTORY_DEGRADATION
2018-01-01,1,0.31140992851995847,0.31140992851995847,0.039,0.89535,NONE
2018-02-01,0,0.29831907849995926,0.2983190784999592,0.0365,0.902725,NONE
2018-01-01,0,0.1046212958961099,0.1046212958961099,0.039,0.89535,NONE
2018-05-01,0,0.06727108382327653,0.07304129006064622,0.147,0.78605,TRAJECTORY_DEGRADATION
2018-10-01,0,0.6543388412561449,0.6543388412561449,0.0805,0.809325,NONE
2018-07-01,0,0.1749075120886555,0.1777395153271241,0.101,0.79565,TRAJECTORY_DEGRADATION
2018-01-01,0,0.1560927406853962,0.1560927406853962,0.039,0.89535,NONE
2018-03-01,0,0.10953515258471114,0.11324670896800998,0.113,0.84345,TRAJECTORY_DEGRADATION
2018-03-01,0,0.019994291297038686,0.020742465401967013,0.113,0.84345,TRAJECTORY_DEGRADATION
2018-02-01,0,0.2219518636612414,0.2219518636612414,0.0365,0.902725,NONE
2018-08-01,0,0.03534136540793639,0.03632596972199798,0.107,0.79355,TRAJECTORY_DEGRADATION
2018-03-01,0,0.09788598733826404,0.1012476975827106,0.113,0.84345,TRAJECTORY_DEGRADATION
2018-06-01,1,0.3550593074933608,0.36230504389924434,0.109,0.79285,TRAJECTORY_DEGRADATION
2018-07-01,0,0.19780154070654402,0.20091396698387495,0.101,0.79565,TRAJECTORY_DEGRADATION
2018-04-01,0,0.3739192092174108,0.3943198485355623,0.1455,0.825575,MIXED
2018-02-01,0,0.03825345871902161,0.03825345871902161,0.0365,0.902725,NONE
2018-04-01,0,0.04299164580773882,0.046683494070305434,0.1455,0.825575,MIXED
2018-01-01,1,0.4043479978329218,0.40434799783292186,0.039,0.89535,NONE
2018-06-01,0,0.12741817496684463,0.13096172794753885,0.109,0.79285,TRAJECTORY_DEGRADATION
2018-04-01,1,0.08722549498174902,0.0943414077188281,0.1455,0.825575,MIXED
2018-03-01,0,0.20837726200942377,0.214630773372965,0.113,0.84345,TRAJECTORY_DEGRADATION
2018-05-01,0,0.4931363355295181,0.5152561671954773,0.147,0.78605,TRAJECTORY_DEGRADATION
2018-02-01,0,0.16964950073717544,0.16964950073717544,0.0365,0.902725,NONE
2018-07-01,0,0.219836677518768,0.22319935790721226,0.101,0.79565,TRAJECTORY_DEGRADATION
2018-09-01,0,0.06649861710976203,0.06734157093865731,0.097,0.79705,TRAJECTORY_DEGRADATION
2018-07-01,1,0.11317450932033384,0.11514645921939823,0.101,0.79565,TRAJECTORY_DEGRADATION
2018-09-01,0,0.03754949927580904,0.03804044052011827,0.097,0.79705,TRAJECTORY_DEGRADATION
2018-02-01,0,0.3336137937700181,0.33361379377001815,0.0365,0.902725,NONE
2018-07-01,1,0.14243425320175865,0.14483276224667702,0.101,0.79565,TRAJECTORY_DEGRADATION
2018-01-01,1,0.07370491666633698,0.07370491666633698,0.039,0.89535,NONE
2018-06-01,0,0.16579975227786814,0.17020250852549038,0.109,0.79285,TRAJECTORY_DEGRADATION
2018-07-01,0,0.09778523004723359,0.09951912833214668,0.101,0.79565,TRAJECTORY_DEGRADATION
2018-07-01,0,0.052063809380282024,0.0530346454309489,0.101,0.79565,TRAJECTORY_DEGRADATION
2018-02-01,0,0.12890823459102996,0.12890823459102996,0.0365,0.902725,NONE
2018-08-01,0,0.0743432912502973,0.07632850639139195,0.107,0.79355,TRAJECTORY_DEGRADATION
2018-09-01,0,0.04876490412100587,0.049394955611617906,0.097,0.79705,TRAJECTORY_DEGRADATION
2018-02-01,1,0.1742041000547638,0.1742041000547638,0.0365,0.902725,NONE
2018-07-01,0,0.05761923383759157,0.05868724867060443,0.101,0.79565,TRAJECTORY_DEGRADATION
2018-12-01,0,0.03208663008801265,0.037490615996220396,0.1955,0.7170749999999999,TRANSITIONAL
2018-05-01,0,0.035809139178156715,0.03899350333052515,0.147,0.78605,TRAJECTORY_DEGRADATION
2018-03-01,1,0.3148595992346219,0.3230048087159614,0.113,0.84345,TRAJECTORY_DEGRADATION
2018-09-01,0,0.16894572131284102,0.17084964283717355,0.097,0.79705,TRAJECTORY_DEGRADATION
2018-04-01,0,0.21605843372987796,0.23102445679643543,0.1455,0.825575,MIXED
2018-06-01,0,0.07974163082705504,0.08208400729836499,0.109,0.79285,TRAJECTORY_DEGRADATION
2018-04-01,0,0.24303755903312887,0.2592543589519123,0.1455,0.825575,MIXED
2018-01-01,0,0.040075586289859244,0.040075586289859244,0.039,0.89535,NONE
2018-10-01,0,0.12387805500498997,0.12387805500498997,0.0805,0.809325,NONE
2018-06-01,0,0.4229799777704038,0.43068617617873717,0.109,0.79285,TRAJECTORY_DEGRADATION
2018-02-01,0,0.10804502062051854,0.10804502062051854,0.0365,0.902725,NONE
2018-05-01,0,0.10223041327019228,0.11064356055502948,0.147,0.78605,TRAJECTORY_DEGRADATION
2018-05-01,1,0.2153115127980115,0.23064000281507968,0.147,0.78605,TRAJECTORY_DEGRADATION
2018-05-01,1,0.1495310724405046,0.16113819025646514,0.147,0.78605,TRAJECTORY_DEGRADATION
2018-01-01,0,0.25321328918869884,0.25321328918869884,0.039,0.89535,NONE
2018-01-01,0,0.09676827936741915,0.09676827936741915,0.039,0.89535,NONE
2018-04-01,0,0.09166646167870252,0.09910533464697484,0.1455,0.825575,MIXED
2018-02-01,1,0.1556122623625384,0.1556122623625384,0.0365,0.902725,NONE
2018-02-01,0,0.10128330694356125,0.10128330694356125,0.0365,0.902725,NONE
2018-03-01,0,0.36488316352541955,0.3736167712528096,0.113,0.84345,TRAJECTORY_DEGRADATION
2018-02-01,0,0.3618497323467981,0.3618497323467981,0.0365,0.902725,NONE
2018-01-01,0,0.10403505669060746,0.10403505669060746,0.039,0.89535,NONE
2018-02-01,0,0.20490744116205897,0.20490744116205895,0.0365,0.902725,NONE
2018-03-01,0,0.13346108354047453,0.13785784861515848,0.113,0.84345,TRAJECTORY_DEGRADATION
2018-07-01,0,0.20498782301554458,0.20818398079539932,0.101,0.79565,TRAJECTORY_DEGRADATION
2018-01-01,0,0.4601476561823567,0.4601476561823567,0.039,0.89535,NONE
2018-05-01,1,0.24637456130459057,0.26317281085078426,0.147,0.78605,TRAJECTORY_DEGRADATION
2018-03-01,0,0.040430618528171196,0.0419108037513207,0.113,0.84345,TRAJECTORY_DEGRADATION
2018-03-01,0,0.12118412624101736,0.1252348900819557,0.113,0.84345,TRAJECTORY_DEGRADATION
2018-03-01,0,0.055380906309950025,0.05737570201727144,0.113,0.84345,TRAJECTORY_DEGRADATION
2018-02-01,0,0.14440929179078543,0.14440929179078543,0.0365,0.902725,NONE
2018-04-01,0,0.32436107244656565,0.343541516268887,0.1455,0.825575,MIXED
2018-11-01,0,0.03959724613652906,0.049625884142325806,0.2455,0.732075,MIXED
2018-02-01,0,0.12695772170195918,0.12695772170195918,0.0365,0.902725,NONE
2018-07-01,0,0.06866903913271177,0.06992667241995391,0.101,0.79565,TRAJECTORY_DEGRADATION
2018-03-01,0,0.1305527272729842,0.13486859140352458,0.113,0.84345,TRAJECTORY_DEGRADATION
2018-12-01,0,0.11606753055629218,0.13366228038202443,0.1955,0.7170749999999999,TRANSITIONAL
2018-08-01,0,0.4240225115237326,0.43099762452732415,0.107,0.79355,TRAJECTORY_DEGRADATION
2018-04-01,0,0.05415515966487836,0.05874681160787959,0.1455,0.825575,MIXED
2018-07-01,0,0.2680207489614675,0.27186363056064333,0.101,0.79565,TRAJECTORY_DEGRADATION
2018-02-01,1,0.32115693850757604,0.32115693850757604,0.0365,0.902725,NONE
2018-05-01,1,0.4910113573184068,0.5131323678270568,0.147,0.78605,TRAJECTORY_DEGRADATION
2018-07-01,0,0.1019326840377699,0.10373166834475062,0.101,0.79565,TRAJECTORY_DEGRADATION
2018-04-01,0,0.14781062068935533,0.15900809603556595,0.1455,0.825575,MIXED
2018-01-01,0,0.16851221896585394,0.16851221896585394,0.039,0.89535,NONE
2018-03-01,0,0.4033195202518644,0.4123757757955291,0.113,0.84345,TRAJECTORY_DEGRADATION
2018-03-01,0,0.39193677127609916,0.4009091670225471,0.113,0.84345,TRAJECTORY_DEGRADATION
2018-04-01,0,0.18715904274748926,0.20063557914959762,0.1455,0.825575,MIXED
2018-01-01,1,0.36573029275230096,0.36573029275230096,0.039,0.89535,NONE
2018-09-01,0,0.22098855747928056,0.22332136924741686,0.097,0.79705,TRAJECTORY_DEGRADATION
2018-01-01,0,0.07119548426662632,0.07119548426662632,0.039,0.89535,NONE
2018-02-01,0,0.17201702394732019,0.17201702394732019,0.0365,0.902725,NONE
2018-07-01,0,0.23333051941828425,0.2368369459881244,0.101,0.79565,TRAJECTORY_DEGRADATION
2018-12-01,0,0.250526008271239,0.2820007334836449,0.1955,0.7170749999999999,TRANSITIONAL
2018-07-01,1,0.21287469405341686,0.2161603879976491,0.101,0.79565,TRAJECTORY_DEGRADATION
2018-06-01,0,0.15966983117662295,0.16394179950464788,0.109,0.79285,TRAJECTORY_DEGRADATION
2018-10-01,0,0.19764141965601664,0.19764141965601664,0.0805,0.809325,NONE
2018-02-01,0,0.39771060401007696,0.39771060401007696,0.0365,0.902725,NONE
2018-02-01,0,0.023655181579658645,0.023655181579658645,0.0365,0.902725,NONE
2018-02-01,1,0.12501381049188978,0.12501381049188978,0.0365,0.902725,NONE
2018-02-01,1,0.5308402270103364,0.5308402270103364,0.0365,0.902725,NONE
2018-08-01,0,0.036747585407404366,0.03776983284556034,0.107,0.79355,TRAJECTORY_DEGRADATION
2018-03-01,0,0.1552422656478336,0.16022391563568936,0.113,0.84345,TRAJECTORY_DEGRADATION
2018-11-01,0,0.31568165343940996,0.3687835490146167,0.2455,0.732075,MIXED
2018-06-01,0,0.04922286968679193,0.05071817797687801,0.109,0.79285,TRAJECTORY_DEGRADATION
2018-03-01,0,0.020993121699806903,0.021777840858268532,0.113,0.84345,TRAJECTORY_DEGRADATION
2018-10-01,0,0.031521073637038405,0.031521073637038405,0.0805,0.809325,NONE
2018-01-01,0,0.0990935330777426,0.0990935330777426,0.039,0.89535,NONE
2018-08-01,0,0.2170255380402829,0.2219074545801979,0.107,0.79355,TRAJECTORY_DEGRADATION
2018-03-01,0,0.08842316451741863,0.09149285182240793,0.113,0.84345,TRAJECTORY_DEGRADATION
2018-03-01,1,0.2579135666885838,0.26515574521475443,0.113,0.84345,TRAJECTORY_DEGRADATION
2018-07-01,0,0.021792233554855215,0.022211820909104663,0.101,0.79565,TRAJECTORY_DEGRADATION
2018-06-01,0,0.08134362685592986,0.08372877975857901,0.109,0.79285,TRAJECTORY_DEGRADATION
2018-06-01,0,0.450409786806543,0.45821887515423876,0.109,0.79285,TRAJECTORY_DEGRADATION
2018-07-01,0,0.030400000237918206,0.030980072579796042,0.101,0.79565,TRAJECTORY_DEGRADATION
2018-01-01,0,0.17101994896587966,0.1710199489658797,0.039,0.89535,NONE
2018-08-01,0,0.13688971110118558,0.14029199095864184,0.107,0.79355,TRAJECTORY_DEGRADATION
2018-07-01,0,0.05215954215180621,0.05313206327834579,0.101,0.79565,TRAJECTORY_DEGRADATION
2018-07-01,0,0.052914506412598074,0.05390030346658214,0.101,0.79565,TRAJECTORY_DEGRADATION
2018-04-01,0,0.11938287366133203,0.12875215766120493,0.1455,0.825575,MIXED
2018-01-01,0,0.05230396914448125,0.05230396914448125,0.039,0.89535,NONE
2018-11-01,0,0.19144796844846795,0.23069713892418361,0.2455,0.732075,MIXED
2018-05-01,0,0.19253778213259481,0.20667198362061254,0.147,0.78605,TRAJECTORY_DEGRADATION
2018-02-01,1,0.06036764439356686,0.06036764439356686,0.0365,0.902725,NONE
2018-07-01,0,0.14700676739840154,0.14946885449904146,0.101,0.79565,TRAJECTORY_DEGRADATION
2018-07-01,0,0.1282594294020182,0.13045555387915042,0.101,0.79565,TRAJECTORY_DEGRADATION
2018-04-01,0,0.09621306186943256,0.10397866241257527,0.1455,0.825575,MIXED
2018-10-01,0,0.2340766492860122,0.2340766492860122,0.0805,0.809325,NONE
2018-01-01,1,0.04050650873957141,0.04050650873957141,0.039,0.89535,NONE
2018-06-01,0,0.19171407152530975,0.19664275978467083,0.109,0.79285,TRAJECTORY_DEGRADATION
2018-08-01,0,0.2752397815917863,0.28096130555447807,0.107,0.79355,TRAJECTORY_DEGRADATION
2018-11-01,0,0.472608419937808,0.5316012890514464,0.2455,0.732075,MIXED
2018-01-01,0,0.17437804480974428,0.17437804480974425,0.039,0.89535,NONE
2018-05-01,0,0.37615418029973957,0.39713808302573816,0.147,0.78605,TRAJECTORY_DEGRADATION
2018-07-01,0,0.1723466962363379,0.17514603779057117,0.101,0.79565,TRAJECTORY_DEGRADATION
2018-03-01,0,0.05836015017087563,0.06045538904169401,0.113,0.84345,TRAJECTORY_DEGRADATION
2018-03-01,0,0.031106901583904435,0.032257215656663916,0.113,0.84345,TRAJECTORY_DEGRADATION
2018-02-01,0,0.2141943814384173,0.2141943814384173,0.0365,0.902725,NONE
2018-05-01,0,0.05862487351378242,0.06370409980404852,0.147,0.78605,TRAJECTORY_DEGRADATION
2018-03-01,0,0.10841345852412805,0.11209179120871865,0.113,0.84345,TRAJECTORY_DEGRADATION
2018-04-01,0,0.15588619888154956,0.16757514524042658,0.1455,0.825575,MIXED
2018-01-01,0,0.06747338750694588,0.06747338750694588,0.039,0.89535,NONE
2018-07-01,0,0.05069350796657157,0.051640183934526886,0.101,0.79565,TRAJECTORY_DEGRADATION
2018-08-01,0,0.12432215758849108,0.1274582079657275,0.107,0.79355,TRAJECTORY_DEGRADATION
2018-06-01,1,0.2394219751371298,0.24520508736897223,0.109,0.79285,TRAJECTORY_DEGRADATION
2018-05-01,1,0.16004798977854165,0.17230607156680214,0.147,0.78605,TRAJECTORY_DEGRADATION
2018-01-01,0,0.09735786670124777,0.09735786670124777,0.039,0.89535,NONE
2018-06-01,1,0.03388191358455769,0.03492830978398403,0.109,0.79285,TRAJECTORY_DEGRADATION
2018-01-01,0,0.11165060027831074,0.11165060027831074,0.039,0.89535,NONE
2018-04-01,0,0.08836357153540637,0.09556260892179239,0.1455,0.825575,MIXED
2018-01-01,0,0.1652629426424035,0.1652629426424035,0.039,0.89535,NONE
2018-07-01,0,0.1627494739497673,0.16542408911038697,0.101,0.79565,TRAJECTORY_DEGRADATION
2018-07-01,0,0.02417016816959886,0.024634387237969353,0.101,0.79565,TRAJECTORY_DEGRADATION
2018-03-01,0,0.07239009114896398,0.07494893959607601,0.113,0.84345,TRAJECTORY_DEGRADATION
2018-06-01,1,0.06177266690744438,0.06362370522590924,0.109,0.79285,TRAJECTORY_DEGRADATION
2018-11-01,0,0.15335098711406053,0.186592230847453,0.2455,0.732075,MIXED
2018-01-01,0,0.02017039630466021,0.02017039630466021,0.039,0.89535,NONE
2018-01-01,0,0.43122235162464273,0.43122235162464273,0.039,0.89535,NONE
2018-01-01,0,0.08469744591132243,0.08469744591132243,0.039,0.89535,NONE
2018-02-01,0,0.08852892354486772,0.08852892354486772,0.0365,0.902725,NONE
2018-10-01,0,0.20627756530305247,0.20627756530305247,0.0805,0.809325,NONE
2018-05-01,0,0.1270592158515229,0.13720339983677557,0.147,0.78605,TRAJECTORY_DEGRADATION
2018-01-01,0,0.1913791876034526,0.1913791876034526,0.039,0.89535,NONE
2018-06-01,0,0.23890151912592036,0.24467610418598587,0.109,0.79285,TRAJECTORY_DEGRADATION
2018-03-01,1,0.40993851198709524,0.41903901554441436,0.113,0.84345,TRAJECTORY_DEGRADATION
2018-01-01,0,0.2444187548939476,0.2444187548939476,0.039,0.89535,NONE
2018-06-01,0,0.07168495533242633,0.0738096519030499,0.109,0.79285,TRAJECTORY_DEGRADATION
2018-03-01,0,0.0985157602465938,0.10189665586479621,0.113,0.84345,TRAJECTORY_DEGRADATION
2018-03-01,0,0.16746332449410162,0.17275694221842328,0.113,0.84345,TRAJECTORY_DEGRADATION
2018-07-01,0,0.04527923296166046,0.046129713236039774,0.101,0.79565,TRAJECTORY_DEGRADATION
2018-01-01,1,0.16374844935564892,0.16374844935564892,0.039,0.89535,NONE
2018-06-01,0,0.330020482165449,0.33702226258275064,0.109,0.79285,TRAJECTORY_DEGRADATION
2018-02-01,0,0.1971422988087473,0.1971422988087473,0.0365,0.902725,NONE
2018-04-01,0,0.5165401531701559,0.5380350692718583,0.1455,0.825575,MIXED
2018-02-01,0,0.11445004404511122,0.11445004404511122,0.0365,0.902725,NONE
2018-02-01,0,0.025793243092008346,0.025793243092008346,0.0365,0.902725,NONE
2018-06-01,0,0.1957499005925422,0.2007565740844967,0.109,0.79285,TRAJECTORY_DEGRADATION
2018-01-01,0,0.04122891529559628,0.04122891529559628,0.039,0.89535,NONE
2018-05-01,0,0.1894679320229424,0.20343355282255454,0.147,0.78605,TRAJECTORY_DEGRADATION
2018-06-01,1,0.1873712538740125,0.19221484503337935,0.109,0.79285,TRAJECTORY_DEGRADATION
2018-09-01,0,0.29969063416051533,0.3025316016231483,0.097,0.79705,TRAJECTORY_DEGRADATION
2018-04-01,0,0.21145310528042344,0.22619216735826703,0.1455,0.825575,MIXED
2018-06-01,0,0.17847201699014836,0.1831374052109348,0.109,0.79285,TRAJECTORY_DEGRADATION
2018-06-01,0,0.01741418298025758,0.017961451272266327,0.109,0.79285,TRAJECTORY_DEGRADATION
2018-02-01,0,0.19513116578353135,0.19513116578353135,0.0365,0.902725,NONE
2018-10-01,0,0.08369648890135128,0.08369648890135128,0.0805,0.809325,NONE
2018-01-01,0,0.0566132235532948,0.0566132235532948,0.039,0.89535,NONE
2018-05-01,0,0.11145267055910778,0.12052288477235987,0.147,0.78605,TRAJECTORY_DEGRADATION
2018-02-01,0,0.21772461095866624,0.21772461095866624,0.0365,0.902725,NONE
2018-03-01,0,0.24399737041232966,0.25098094455599873,0.113,0.84345,TRAJECTORY_DEGRADATION
2018-03-01,0,0.3425632934256031,0.35105796258585525,0.113,0.84345,TRAJECTORY_DEGRADATION
2018-06-01,0,0.42110013749726505,0.4287975382991631,0.109,0.79285,TRAJECTORY_DEGRADATION
2018-03-01,0,0.0493818204783321,0.051172237572857354,0.113,0.84345,TRAJECTORY_DEGRADATION
2018-04-01,0,0.01806200404305165,0.019657025886932713,0.1455,0.825575,MIXED
2018-10-01,0,0.4230600690980389,0.4230600690980389,0.0805,0.809325,NONE
2018-02-01,0,0.06219323326577775,0.06219323326577775,0.0365,0.902725,NONE
2018-02-01,0,0.4070356391697398,0.4070356391697398,0.0365,0.902725,NONE
2018-05-01,0,0.03283164090562617,0.03576104835745051,0.147,0.78605,TRAJECTORY_DEGRADATION
2018-08-01,0,0.34081497928892185,0.347246536154591,0.107,0.79355,TRAJECTORY_DEGRADATION
2018-04-01,0,0.09210267236053558,0.09957306397384319,0.1455,0.825575,MIXED
2018-01-01,0,0.11401754117296026,0.11401754117296026,0.039,0.89535,NONE
2018-10-01,0,0.041018791373165726,0.041018791373165726,0.0805,0.809325,NONE
2018-05-01,0,0.27935750914191815,0.29751679710395723,0.147,0.78605,TRAJECTORY_DEGRADATION
2018-05-01,0,0.07488045428544708,0.0812465035762428,0.147,0.78605,TRAJECTORY_DEGRADATION
2018-04-01,0,0.19742410700014565,0.21144751108312,0.1455,0.825575,MIXED
2018-03-01,0,0.21757075952538124,0.2240220948975157,0.113,0.84345,TRAJECTORY_DEGRADATION
2018-01-01,0,0.028011451196720993,0.028011451196720993,0.039,0.89535,NONE
2018-10-01,0,0.17939102155166298,0.17939102155166298,0.0805,0.809325,NONE
2018-08-01,0,0.05887316531103812,0.06047226392276404,0.107,0.79355,TRAJECTORY_DEGRADATION
2018-08-01,0,0.1147658315689904,0.11769322085070397,0.107,0.79355,TRAJECTORY_DEGRADATION
2018-03-01,0,0.07205419872146362,0.07460212891271857,0.113,0.84345,TRAJECTORY_DEGRADATION
2018-07-01,0,0.1692424992880663,0.17200189912450325,0.101,0.79565,TRAJECTORY_DEGRADATION
2018-05-01,0,0.05313539779405513,0.05776820484609692,0.147,0.78605,TRAJECTORY_DEGRADATION
2018-06-01,0,0.37184265727343513,0.3792295012586226,0.109,0.79285,TRAJECTORY_DEGRADATION
2018-11-01,0,0.14743899115449954,0.179670672547436,0.2455,0.732075,MIXED
2018-02-01,0,0.28491826164837664,0.28491826164837664,0.0365,0.902725,NONE
2018-05-01,0,0.03340596595257216,0.03638468983369644,0.147,0.78605,TRAJECTORY_DEGRADATION
2018-05-01,0,0.10256835174114515,0.11100587126585895,0.147,0.78605,TRAJECTORY_DEGRADATION
2018-03-01,0,0.15430542846810527,0.1592626835300677,0.113,0.84345,TRAJECTORY_DEGRADATION
2018-02-01,0,0.20737928642019873,0.20737928642019873,0.0365,0.902725,NONE
2018-02-01,1,0.2136768420704977,0.2136768420704977,0.0365,0.902725,NONE
2018-05-01,0,0.057035091326343976,0.06198564924178368,0.147,0.78605,TRAJECTORY_DEGRADATION
2018-07-01,1,0.1209227286217289,0.12301095688424053,0.101,0.79565,TRAJECTORY_DEGRADATION
2018-09-01,0,0.09257230208592698,0.09371259273687398,0.097,0.79705,TRAJECTORY_DEGRADATION
2018-02-01,0,0.14542876816583347,0.14542876816583347,0.0365,0.902725,NONE
2018-03-01,0,0.19496958362914507,0.20092284996198084,0.113,0.84345,TRAJECTORY_DEGRADATION
2018-04-01,0,0.1811813058428602,0.19433031618007512,0.1455,0.825575,MIXED
2018-01-01,0,0.02579655370425168,0.02579655370425168,0.039,0.89535,NONE
2018-09-01,0,0.6532655315132869,0.6563170519517594,0.097,0.79705,TRAJECTORY_DEGRADATION
2018-03-01,0,0.036837632184584544,0.038191511797798706,0.113,0.84345,TRAJECTORY_DEGRADATION
2018-06-01,0,0.12798260619054985,0.1315394899474371,0.109,0.79285,TRAJECTORY_DEGRADATION
2018-04-01,0,0.029844164844065227,0.032445268326474125,0.1455,0.825575,MIXED
2018-02-01,0,0.07878301820384125,0.07878301820384125,0.0365,0.902725,NONE
2018-04-01,1,0.2625141401952946,0.2795505805236916,0.1455,0.825575,MIXED
2018-03-01,0,0.05394656656646833,0.05589275494780363,0.113,0.84345,TRAJECTORY_DEGRADATION
2018-09-01,0,0.2859533216270793,0.28871775208699246,0.097,0.79705,TRAJECTORY_DEGRADATION
2018-06-01,0,0.20343459189183258,0.208586839390933,0.109,0.79285,TRAJECTORY_DEGRADATION
2018-05-01,0,0.15211950069012845,0.16388882261045878,0.147,0.78605,TRAJECTORY_DEGRADATION
2018-03-01,0,0.035024673162358855,0.03631443398679633,0.113,0.84345,TRAJECTORY_DEGRADATION
2018-08-01,0,0.10027849723579449,0.10287929719961891,0.107,0.79355,TRAJECTORY_DEGRADATION
2018-02-01,0,0.277666855948817,0.277666855948817,0.0365,0.902725,NONE
2018-01-01,0,0.10636145757958641,0.10636145757958641,0.039,0.89535,NONE
2018-02-01,0,0.15051221758490954,0.15051221758490954,0.0365,0.902725,NONE
2018-03-01,0,0.02836840274386134,0.029420523826931767,0.113,0.84345,TRAJECTORY_DEGRADATION
2018-06-01,0,0.09624154174917789,0.0990164465108017,0.109,0.79285,TRAJECTORY_DEGRADATION
2018-01-01,1,0.4220373589399133,0.4220373589399133,0.039,0.89535,NONE
2018-03-01,0,0.2981103234258012,0.3060157690160894,0.113,0.84345,TRAJECTORY_DEGRADATION
2018-08-01,1,0.49106935649599176,0.4981934144746634,0.107,0.79355,TRAJECTORY_DEGRADATION
2018-03-01,0,0.11126906469690612,0.11503178421666856,0.113,0.84345,TRAJECTORY_DEGRADATION
2018-05-01,1,0.4924456173029816,0.5145659197754744,0.147,0.78605,TRAJECTORY_DEGRADATION
2018-02-01,1,0.15728983576680455,0.15728983576680455,0.0365,0.902725,NONE
2018-03-01,0,0.25296562074941203,0.26011756231010913,0.113,0.84345,TRAJECTORY_DEGRADATION
2018-01-01,0,0.22439000606817905,0.22439000606817905,0.039,0.89535,NONE
2018-05-01,0,0.02901304137761483,0.03161287040112736,0.147,0.78605,TRAJECTORY_DEGRADATION
2018-11-01,0,0.12556345327282914,0.15387604425854104,0.2455,0.732075,MIXED
2018-03-01,0,0.03837736775581419,0.039785499146244754,0.113,0.84345,TRAJECTORY_DEGRADATION
2018-07-01,0,0.04195981946422599,0.042750743023797576,0.101,0.79565,TRAJECTORY_DEGRADATION
2018-01-01,0,0.013308018184790217,0.013308018184790217,0.039,0.89535,NONE
2018-01-01,0,0.14945598848649483,0.14945598848649483,0.039,0.89535,NONE
2018-10-01,0,0.13617183674032576,0.13617183674032576,0.0805,0.809325,NONE
2018-03-01,0,0.1455024859572728,0.1502271723758422,0.113,0.84345,TRAJECTORY_DEGRADATION
2018-05-01,0,0.04365640278133131,0.04750421202036804,0.147,0.78605,TRAJECTORY_DEGRADATION
2018-01-01,1,0.4087629361616031,0.4087629361616031,0.039,0.89535,NONE
2018-08-01,0,0.22037691731556772,0.22531252794619705,0.107,0.79355,TRAJECTORY_DEGRADATION
2018-07-01,1,0.18954624732430841,0.19255995648095608,0.101,0.79565,TRAJECTORY_DEGRADATION
2018-07-01,0,0.3087786581386407,0.3129560733501355,0.101,0.79565,TRAJECTORY_DEGRADATION
2018-04-01,0,0.04480088428113128,0.04864020189049518,0.1455,0.825575,MIXED
2018-01-01,0,0.0921466292648087,0.09214662926480867,0.039,0.89535,NONE
2018-08-01,0,0.10994324881111026,0.11276329564275804,0.107,0.79355,TRAJECTORY_DEGRADATION
2018-05-01,0,0.06046427883182972,0.06569174923917782,0.147,0.78605,TRAJECTORY_DEGRADATION
2018-06-01,0,0.04588971283164497,0.04728880155805172,0.109,0.79285,TRAJECTORY_DEGRADATION
2018-03-01,0,0.2534801876084827,0.26064160136778347,0.113,0.84345,TRAJECTORY_DEGRADATION
2018-01-01,0,0.06052101508013591,0.06052101508013591,0.039,0.89535,NONE
2018-02-01,0,0.45981576952849695,0.45981576952849695,0.0365,0.902725,NONE
2018-03-01,1,0.10220494436384764,0.10569760216697427,0.113,0.84345,TRAJECTORY_DEGRADATION
2018-05-01,0,0.03207329047632251,0.034937478267475494,0.147,0.78605,TRAJECTORY_DEGRADATION
2018-04-01,0,0.11564336867242965,0.12476075123543537,0.1455,0.825575,MIXED
2018-01-01,0,0.07818991074679228,0.07818991074679228,0.039,0.89535,NONE
2018-01-01,0,0.14513633223514433,0.14513633223514433,0.039,0.89535,NONE
2018-12-01,0,0.1317251123650454,0.15128716731503009,0.1955,0.7170749999999999,TRANSITIONAL
2018-07-01,0,0.29639414999006436,0.30047685105370586,0.101,0.79565,TRAJECTORY_DEGRADATION
2018-07-01,1,0.18424967025239244,0.18719861758517778,0.101,0.79565,TRAJECTORY_DEGRADATION
2018-07-01,0,0.08285410538801583,0.08434800131614298,0.101,0.79565,TRAJECTORY_DEGRADATION
2018-05-01,0,0.2502345527153908,0.2672026707600738,0.147,0.78605,TRAJECTORY_DEGRADATION
2018-03-01,0,0.138907520480416,0.14345400986465046,0.113,0.84345,TRAJECTORY_DEGRADATION
2018-12-01,0,0.23130833094163133,0.26121013106432245,0.1955,0.7170749999999999,TRANSITIONAL
2018-01-01,1,0.2394948553847546,0.2394948553847546,0.039,0.89535,NONE
2018-06-01,0,0.08439133285822795,0.0868574011356947,0.109,0.79285,TRAJECTORY_DEGRADATION
2018-06-01,0,0.29162951669709664,0.29817929054035297,0.109,0.79285,TRAJECTORY_DEGRADATION
2018-02-01,0,0.14686821017825297,0.14686821017825297,0.0365,0.902725,NONE
2018-05-01,0,0.15820827951007208,0.17035403501702,0.147,0.78605,TRAJECTORY_DEGRADATION
2018-07-01,0,0.0403962192207861,0.041158935838985805,0.101,0.79565,TRAJECTORY_DEGRADATION
2018-07-01,0,0.06616939624539141,0.06738456231785794,0.101,0.79565,TRAJECTORY_DEGRADATION
2018-04-01,0,0.20122488006843692,0.21544578703715211,0.1455,0.825575,MIXED
2018-08-01,0,0.12522414461944187,0.12837961209716384,0.107,0.79355,TRAJECTORY_DEGRADATION
2018-02-01,0,0.06998955567974499,0.06998955567974499,0.0365,0.902725,NONE
2018-02-01,0,0.17106342771402766,0.17106342771402766,0.0365,0.902725,NONE
2018-01-01,1,0.3871539835118064,0.38715398351180635,0.039,0.89535,NONE
2018-05-01,0,0.27247866051896724,0.2903709695715959,0.147,0.78605,TRAJECTORY_DEGRADATION
2018-12-01,0,0.3501258822067522,0.38764174353786846,0.1955,0.7170749999999999,TRANSITIONAL
2018-05-01,0,0.04666410519986415,0.050762937507754236,0.147,0.78605,TRAJECTORY_DEGRADATION
2018-10-01,0,0.06986246581152361,0.06986246581152361,0.0805,0.809325,NONE
2018-04-01,0,0.015559715569214922,0.01693757657344945,0.1455,0.825575,MIXED
2018-06-01,0,0.09976081227496164,0.10262566478518881,0.109,0.79285,TRAJECTORY_DEGRADATION
2018-05-01,0,0.2099132078687187,0.22496756332149045,0.147,0.78605,TRAJECTORY_DEGRADATION
2018-03-01,0,0.08567526810971555,0.08865883785376769,0.113,0.84345,TRAJECTORY_DEGRADATION
2018-08-01,0,0.02442592498169924,0.025114344149116476,0.107,0.79355,TRAJECTORY_DEGRADATION
2018-05-01,0,0.07951652283122534,0.08623997096188495,0.147,0.78605,TRAJECTORY_DEGRADATION
2018-02-01,0,0.35157898896350503,0.351578988963505,0.0365,0.902725,NONE
2018-05-01,1,0.3114259341701766,0.33071315212326385,0.147,0.78605,TRAJECTORY_DEGRADATION
2018-01-01,0,0.04389767702526795,0.04389767702526795,0.039,0.89535,NONE
2018-04-01,0,0.1713906453264649,0.18398877019848608,0.1455,0.825575,MIXED
2018-01-01,0,0.25609087017760074,0.25609087017760074,0.039,0.89535,NONE
2018-07-01,1,0.29541512770549816,0.2994900833150345,0.101,0.79565,TRAJECTORY_DEGRADATION
2018-05-01,0,0.11737587471279594,0.12685930796783146,0.147,0.78605,TRAJECTORY_DEGRADATION
2018-03-01,0,0.1422608840835269,0.14689840618666183,0.113,0.84345,TRAJECTORY_DEGRADATION
2018-07-01,0,0.2820220839651551,0.2859872824181482,0.101,0.79565,TRAJECTORY_DEGRADATION
2018-05-01,1,0.45573224001894835,0.4777557211048734,0.147,0.78605,TRAJECTORY_DEGRADATION
2018-03-01,0,0.06763267413844744,0.0700360539399199,0.113,0.84345,TRAJECTORY_DEGRADATION
2018-06-01,0,0.18613383730779953,0.19095295743918544,0.109,0.79285,TRAJECTORY_DEGRADATION
2018-05-01,0,0.04734534598067417,0.0515007838419642,0.147,0.78605,TRAJECTORY_DEGRADATION
2018-09-01,0,0.47206536051003,0.47543104400733516,0.097,0.79705,TRAJECTORY_DEGRADATION
2018-02-01,0,0.12132935412492095,0.12132935412492095,0.0365,0.902725,NONE
2018-04-01,0,0.14583468693066426,0.1569100357335624,0.1455,0.825575,MIXED
2018-03-01,0,0.047459569953842665,0.04918389867510779,0.113,0.84345,TRAJECTORY_DEGRADATION
2018-04-01,0,0.3159073944507061,0.33483568495910193,0.1455,0.825575,MIXED
2018-04-01,0,0.10131997061901189,0.10944784667882089,0.1455,0.825575,MIXED
2018-02-01,0,0.20830709801499384,0.2083070980149938,0.0365,0.902725,NONE
2018-01-01,0,0.1253471206120505,0.1253471206120505,0.039,0.89535,NONE
2018-08-01,0,0.4536293373744117,0.4607019237368703,0.107,0.79355,TRAJECTORY_DEGRADATION
2018-05-01,0,0.021292466688744797,0.02321700512133089,0.147,0.78605,TRAJECTORY_DEGRADATION
2018-08-01,0,0.20503265998174242,0.20971705928480697,0.107,0.79355,TRAJECTORY_DEGRADATION
2018-02-01,1,0.5396454929366041,0.5396454929366041,0.0365,0.902725,NONE
2018-02-01,1,0.35644419143096345,0.3564441914309635,0.0365,0.902725,NONE
2018-02-01,1,0.27082386546923826,0.27082386546923826,0.0365,0.902725,NONE
2018-08-01,0,0.2307745637358687,0.23587258886947224,0.107,0.79355,TRAJECTORY_DEGRADATION
2018-09-01,0,0.1780055582105768,0.17998946630234056,0.097,0.79705,TRAJECTORY_DEGRADATION
2018-06-01,1,0.05647276710236063,0.0581748394010775,0.109,0.79285,TRAJECTORY_DEGRADATION
2018-03-01,0,0.22789302538719805,0.23455867795892624,0.113,0.84345,TRAJECTORY_DEGRADATION
2018-09-01,0,0.14240794186341083,0.144064641326497,0.097,0.79705,TRAJECTORY_DEGRADATION
2018-10-01,0,0.29854836115708405,0.29854836115708405,0.0805,0.809325,NONE
2018-04-01,0,0.18887769964786696,0.20244716717345776,0.1455,0.825575,MIXED
2018-01-01,1,0.30357718481977597,0.30357718481977597,0.039,0.89535,NONE
2018-05-01,0,0.14059550430293988,0.15163267824676854,0.147,0.78605,TRAJECTORY_DEGRADATION
2018-04-01,0,0.08608193882942979,0.09311407643207904,0.1455,0.825575,MIXED
2018-11-01,0,0.1578179640610183,0.19180813012296855,0.2455,0.732075,MIXED
2018-01-01,0,0.5474596793114523,0.5474596793114523,0.039,0.89535,NONE
2018-05-01,0,0.050419267608564786,0.05482897177914374,0.147,0.78605,TRAJECTORY_DEGRADATION
2018-03-01,0,0.18275033924589573,0.18841782487718634,0.113,0.84345,TRAJECTORY_DEGRADATION
2018-08-01,0,0.1096646736469329,0.11247847800708426,0.107,0.79355,TRAJECTORY_DEGRADATION
2018-06-01,0,0.08244516240839453,0.08485963087904481,0.109,0.79285,TRAJECTORY_DEGRADATION
2018-11-01,0,0.024683303788934526,0.03105689109708835,0.2455,0.732075,MIXED
2018-05-01,0,0.13315201895565648,0.1437025646029744,0.147,0.78605,TRAJECTORY_DEGRADATION
2018-11-01,0,0.21613671432047857,0.2588271344731477,0.2455,0.732075,MIXED
2018-06-01,0,0.10793006590621484,0.1110005903701954,0.109,0.79285,TRAJECTORY_DEGRADATION
2018-05-01,0,0.11762374993556676,0.12712432585910413,0.147,0.78605,TRAJECTORY_DEGRADATION
2018-04-01,0,0.15646171862866975,0.16818522132741592,0.1455,0.825575,MIXED
2018-02-01,0,0.01669037896346061,0.01669037896346061,0.0365,0.902725,NONE
2018-06-01,0,0.17365259342454775,0.1782193287612002,0.109,0.79285,TRAJECTORY_DEGRADATION
2018-05-01,0,0.14739441556126168,0.15886666016922704,0.147,0.78605,TRAJECTORY_DEGRADATION
2018-05-01,0,0.2725738210517121,0.29046988396021783,0.147,0.78605,TRAJECTORY_DEGRADATION
2018-03-01,0,0.08570105835803607,0.08868543911194364,0.113,0.84345,TRAJECTORY_DEGRADATION
2018-12-01,0,0.11352493511739573,0.1307912820860648,0.1955,0.7170749999999999,TRANSITIONAL
2018-04-01,0,0.047271491191261956,0.05131115992967073,0.1455,0.825575,MIXED
2018-01-01,0,0.056719368528468546,0.056719368528468546,0.039,0.89535,NONE
2018-01-01,0,0.018414758742041924,0.018414758742041924,0.039,0.89535,NONE
2018-02-01,0,0.11660778792572253,0.11660778792572253,0.0365,0.902725,NONE
2018-07-01,0,0.13978923815736927,0.14215058976313047,0.101,0.79565,TRAJECTORY_DEGRADATION
2018-04-01,0,0.06331249793816474,0.06862424074274047,0.1455,0.825575,MIXED
2018-02-01,0,0.09419079329437108,0.09419079329437108,0.0365,0.902725,NONE
2018-05-01,0,0.15395205497324535,0.1658354286102208,0.147,0.78605,TRAJECTORY_DEGRADATION
2018-11-01,0,0.09571788285522143,0.11821051963570452,0.2455,0.732075,MIXED
2018-04-01,0,0.21470313553261441,0.22960277487303937,0.1455,0.825575,MIXED
2018-07-01,0,0.05758257544899172,0.058649953080547726,0.101,0.79565,TRAJECTORY_DEGRADATION
2018-07-01,0,0.03843966972135038,0.03916695273246366,0.101,0.79565,TRAJECTORY_DEGRADATION
2018-10-01,0,0.4878799157825229,0.4878799157825229,0.0805,0.809325,NONE
2018-05-01,0,0.04906687855731396,0.05336494904241173,0.147,0.78605,TRAJECTORY_DEGRADATION
2018-05-01,1,0.19619245160029583,0.21052499288798024,0.147,0.78605,TRAJECTORY_DEGRADATION
2018-01-01,0,0.1299797167316166,0.1299797167316166,0.039,0.89535,NONE
2018-05-01,0,0.05541271475750818,0.06023144768881452,0.147,0.78605,TRAJECTORY_DEGRADATION
2018-05-01,0,0.07508519492436892,0.08146711766356893,0.147,0.78605,TRAJECTORY_DEGRADATION
2018-08-01,0,0.05456464789333524,0.056053689745982356,0.107,0.79355,TRAJECTORY_DEGRADATION
2018-03-01,0,0.2130571294137691,0.21941215918258175,0.113,0.84345,TRAJECTORY_DEGRADATION
2018-07-01,0,0.18722362675956555,0.19020907415495286,0.101,0.79565,TRAJECTORY_DEGRADATION
2018-06-01,0,0.06151656093051581,0.06336044321043287,0.109,0.79285,TRAJECTORY_DEGRADATION
2018-07-01,0,0.03984639738701335,0.040599172086464075,0.101,0.79565,TRAJECTORY_DEGRADATION
2018-06-01,0,0.3491144089797497,0.35630585098431056,0.109,0.79285,TRAJECTORY_DEGRADATION
2018-08-01,0,0.025441403951712384,0.026157675950303275,0.107,0.79355,TRAJECTORY_DEGRADATION
2018-02-01,1,0.21699101228379028,0.21699101228379028,0.0365,0.902725,NONE
2018-02-01,0,0.17627901780450625,0.17627901780450625,0.0365,0.902725,NONE
2018-06-01,0,0.08340878234119257,0.08584883077675591,0.109,0.79285,TRAJECTORY_DEGRADATION
2018-02-01,0,0.5280228035486305,0.5280228035486305,0.0365,0.902725,NONE
2018-06-01,0,0.14956617835799732,0.1536172400098475,0.109,0.79285,TRAJECTORY_DEGRADATION
2018-07-01,0,0.17535925649987896,0.17819699442330403,0.101,0.79565,TRAJECTORY_DEGRADATION
2018-10-01,0,0.07415878393370441,0.07415878393370441,0.0805,0.809325,NONE
2018-02-01,0,0.22173323795912647,0.22173323795912647,0.0365,0.902725,NONE
2018-06-01,0,0.11910129829064477,0.12244601228114022,0.109,0.79285,TRAJECTORY_DEGRADATION
2018-08-01,0,0.14838273912288164,0.15202035691004867,0.107,0.79355,TRAJECTORY_DEGRADATION
2018-07-01,0,0.09507505635089326,0.09676605284284616,0.101,0.79565,TRAJECTORY_DEGRADATION
2018-04-01,0,0.0887939448093057,0.09602435175650355,0.1455,0.825575,MIXED
2018-01-01,0,0.13825303455049748,0.13825303455049748,0.039,0.89535,NONE
2018-06-01,0,0.026039437973355655,0.0268503614601699,0.109,0.79285,TRAJECTORY_DEGRADATION
2018-03-01,1,0.4210502461037824,0.430217572878572,0.113,0.84345,TRAJECTORY_DEGRADATION
2018-07-01,0,0.028032230114580337,0.028568453457441984,0.101,0.79565,TRAJECTORY_DEGRADATION
2018-05-01,0,0.41047395227331007,0.4320464744598687,0.147,0.78605,TRAJECTORY_DEGRADATION
2018-07-01,0,0.25824738533057096,0.2620002939119056,0.101,0.79565,TRAJECTORY_DEGRADATION
2018-07-01,0,0.17449132892745972,0.17731804173600008,0.101,0.79565,TRAJECTORY_DEGRADATION
2018-12-01,0,0.07259161358202576,0.08422378881196771,0.1955,0.7170749999999999,TRANSITIONAL
2018-09-01,1,0.41173078590367196,0.41500445256766777,0.097,0.79705,TRAJECTORY_DEGRADATION
2018-07-01,0,0.09777331178072798,0.0995070220426444,0.101,0.79565,TRAJECTORY_DEGRADATION
2018-02-01,0,0.1032144090986989,0.1032144090986989,0.0365,0.902725,NONE
2018-02-01,1,0.08454609733318356,0.08454609733318356,0.0365,0.902725,NONE
2018-03-01,1,0.16748669630658997,0.1727808995015058,0.113,0.84345,TRAJECTORY_DEGRADATION
2018-04-01,0,0.40471511459296056,0.42565363362475267,0.1455,0.825575,MIXED
2018-09-01,0,0.16773091585704497,0.1696239414765631,0.097,0.79705,TRAJECTORY_DEGRADATION
2018-05-01,0,0.14870694734020667,0.16026214848291137,0.147,0.78605,TRAJECTORY_DEGRADATION
2018-04-01,1,0.3452681082479033,0.3650169335611035,0.1455,0.825575,MIXED
2018-11-01,0,0.149384838869814,0.181951118729906,0.2455,0.732075,MIXED
2018-01-01,0,0.08587301070375504,0.08587301070375504,0.039,0.89535,NONE
2018-04-01,0,0.1738369673648638,0.1865744211500721,0.1455,0.825575,MIXED
2018-03-01,0,0.38882809170873495,0.39777587625568117,0.113,0.84345,TRAJECTORY_DEGRADATION
2018-06-01,0,0.20939679704210024,0.21465935336753783,0.109,0.79285,TRAJECTORY_DEGRADATION
2018-11-01,0,0.032637694769916965,0.04097892293993966,0.2455,0.732075,MIXED
2018-07-01,0,0.14045785502624944,0.14282862574347183,0.101,0.79565,TRAJECTORY_DEGRADATION
2018-07-01,0,0.03465784105373159,0.035316199413786414,0.101,0.79565,TRAJECTORY_DEGRADATION
2018-01-01,0,0.16516985100286047,0.1651698510028605,0.039,0.89535,NONE
2018-06-01,0,0.0613928299665476,0.06323325344895919,0.109,0.79285,TRAJECTORY_DEGRADATION
2018-05-01,0,0.2934898122676945,0.3121698086031148,0.147,0.78605,TRAJECTORY_DEGRADATION
2018-03-01,0,0.0776951574080855,0.08042527098443157,0.113,0.84345,TRAJECTORY_DEGRADATION
2018-09-01,0,0.021304258526477736,0.02158756528905387,0.097,0.79705,TRAJECTORY_DEGRADATION
2018-04-01,1,0.1813841205343352,0.19454435278276477,0.1455,0.825575,MIXED
2018-05-01,0,0.06602242616194226,0.07169376075879563,0.147,0.78605,TRAJECTORY_DEGRADATION
2018-01-01,0,0.2072763593631002,0.2072763593631002,0.039,0.89535,NONE
2018-08-01,0,0.07793691191907524,0.08000979426161706,0.107,0.79355,TRAJECTORY_DEGRADATION
2018-02-01,0,0.02126967168503426,0.02126967168503426,0.0365,0.902725,NONE
2018-02-01,0,0.0833274870600859,0.0833274870600859,0.0365,0.902725,NONE
2018-09-01,0,0.03964517902841886,0.04016237687344978,0.097,0.79705,TRAJECTORY_DEGRADATION
2018-01-01,0,0.28625023547861095,0.2862502354786109,0.039,0.89535,NONE
2018-03-01,0,0.03315988871253146,0.034383426851544434,0.113,0.84345,TRAJECTORY_DEGRADATION
2018-06-01,0,0.07459218569143683,0.07679592233993517,0.109,0.79285,TRAJECTORY_DEGRADATION
2018-07-01,0,0.037414043139372674,0.038122690519666755,0.101,0.79565,TRAJECTORY_DEGRADATION
2018-04-01,0,0.2453240709255966,0.2616407048010612,0.1455,0.825575,MIXED
2018-04-01,0,0.04447316804263775,0.04828582091695195,0.1455,0.825575,MIXED
2018-06-01,0,0.30505660754206015,0.31177521690676846,0.109,0.79285,TRAJECTORY_DEGRADATION
2018-08-01,1,0.4929887750141705,0.5001133154210474,0.107,0.79355,TRAJECTORY_DEGRADATION
2018-06-01,0,0.2141572834195191,0.21950626274007684,0.109,0.79285,TRAJECTORY_DEGRADATION
2018-03-01,0,0.11464764532477952,0.11850938122959633,0.113,0.84345,TRAJECTORY_DEGRADATION
2018-05-01,1,0.3996561490026888,0.4210662106920736,0.147,0.78605,TRAJECTORY_DEGRADATION
2018-07-01,0,0.05757860514997054,0.05864591376598202,0.101,0.79565,TRAJECTORY_DEGRADATION
2018-03-01,0,0.17563028592780505,0.18112590065949327,0.113,0.84345,TRAJECTORY_DEGRADATION
2018-04-01,1,0.32561693521926477,0.3448337395342942,0.1455,0.825575,MIXED
2018-03-01,1,0.41514712482715516,0.4242801152074635,0.113,0.84345,TRAJECTORY_DEGRADATION
2018-01-01,0,0.10624508842856806,0.10624508842856806,0.039,0.89535,NONE
2018-03-01,1,0.32193522706304645,0.33017526887376275,0.113,0.84345,TRAJECTORY_DEGRADATION
2018-07-01,0,0.06187621776467847,0.06301786238446666,0.101,0.79565,TRAJECTORY_DEGRADATION
2018-02-01,0,0.05664836203847341,0.05664836203847341,0.0365,0.902725,NONE
2018-08-01,0,0.24846389716610026,0.25382375127074147,0.107,0.79355,TRAJECTORY_DEGRADATION
2018-06-01,0,0.14426748552961058,0.14820003980230778,0.109,0.79285,TRAJECTORY_DEGRADATION
2018-09-01,0,0.20517909188079947,0.20738944422917727,0.097,0.79705,TRAJECTORY_DEGRADATION
2018-08-01,0,0.06600651401119345,0.06778541160011879,0.107,0.79355,TRAJECTORY_DEGRADATION
2018-02-01,1,0.33312345674647376,0.33312345674647376,0.0365,0.902725,NONE
2018-06-01,0,0.06609942249988876,0.06807070685536702,0.109,0.79285,TRAJECTORY_DEGRADATION
2018-09-01,0,0.1480068162610105,0.1497172790262179,0.097,0.79705,TRAJECTORY_DEGRADATION
2018-08-01,0,0.16548701624832649,0.16946050938543342,0.107,0.79355,TRAJECTORY_DEGRADATION
2018-02-01,0,0.09928473667087548,0.09928473667087548,0.0365,0.902725,NONE
2018-07-01,1,0.09844872649830576,0.10019308318058302,0.101,0.79565,TRAJECTORY_DEGRADATION
2018-11-01,0,0.3121098565509047,0.364931333727208,0.2455,0.732075,MIXED
2018-08-01,1,0.14223237308868164,0.1457450178476022,0.107,0.79355,TRAJECTORY_DEGRADATION
2018-03-01,0,0.12937906628173979,0.13366209577142535,0.113,0.84345,TRAJECTORY_DEGRADATION
2018-01-01,0,0.16311680764919698,0.163116807649197,0.039,0.89535,NONE
2018-04-01,0,0.06158404906101602,0.06676111533901799,0.1455,0.825575,MIXED
2018-10-01,0,0.11391233304706172,0.11391233304706172,0.0805,0.809325,NONE
2018-05-01,0,0.028565760933509588,0.031126794463014616,0.147,0.78605,TRAJECTORY_DEGRADATION
2018-05-01,0,0.21743109758818857,0.23286570467849854,0.147,0.78605,TRAJECTORY_DEGRADATION
2018-10-01,0,0.09961594462940339,0.09961594462940339,0.0805,0.809325,NONE
2018-06-01,0,0.06062940359132307,0.06244846387964377,0.109,0.79285,TRAJECTORY_DEGRADATION
2018-01-01,1,0.2930920792600921,0.2930920792600921,0.039,0.89535,NONE
2018-08-01,0,0.4367183068642756,0.44374136746396564,0.107,0.79355,TRAJECTORY_DEGRADATION
2018-04-01,0,0.16946252133472195,0.1819500400100308,0.1455,0.825575,MIXED
2018-01-01,0,0.1620576523725085,0.1620576523725085,0.039,0.89535,NONE
2018-10-01,0,0.03930400015486427,0.03930400015486427,0.0805,0.809325,NONE
2018-02-01,1,0.1247307658631582,0.1247307658631582,0.0365,0.902725,NONE
2018-05-01,0,0.15850727517550514,0.17067133088948025,0.147,0.78605,TRAJECTORY_DEGRADATION
2018-01-01,0,0.13736597877827056,0.13736597877827056,0.039,0.89535,NONE
2018-09-01,0,0.12286640065589981,0.12432872191978311,0.097,0.79705,TRAJECTORY_DEGRADATION
2018-06-01,0,0.10461222384433304,0.10759974347701821,0.109,0.79285,TRAJECTORY_DEGRADATION
2018-02-01,0,0.06511024008071578,0.06511024008071578,0.0365,0.902725,NONE
2018-04-01,0,0.033743478587569625,0.03667158517425428,0.1455,0.825575,MIXED
2018-06-01,0,0.05025553307888699,0.05178050347128936,0.109,0.79285,TRAJECTORY_DEGRADATION
2018-02-01,0,0.052229761562671576,0.052229761562671576,0.0365,0.902725,NONE
2018-04-01,0,0.06392950446129723,0.06928918320009028,0.1455,0.825575,MIXED
2018-07-01,0,0.03631221393883192,0.03700079412352725,0.101,0.79565,TRAJECTORY_DEGRADATION
2018-01-01,0,0.03107822393771776,0.03107822393771776,0.039,0.89535,NONE
2018-05-01,0,0.04158618329645841,0.04526016195785786,0.147,0.78605,TRAJECTORY_DEGRADATION
2018-08-01,0,0.42255264143102983,0.42952160631092423,0.107,0.79355,TRAJECTORY_DEGRADATION
2018-04-01,0,0.1862119574802376,0.19963704737562488,0.1455,0.825575,MIXED
2018-03-01,0,0.09173652832026041,0.09490926591975328,0.113,0.84345,TRAJECTORY_DEGRADATION
2018-07-01,0,0.10753792199093812,0.10942377829924776,0.101,0.79565,TRAJECTORY_DEGRADATION
2018-05-01,1,0.3612642711586721,0.3819260621930316,0.147,0.78605,TRAJECTORY_DEGRADATION
2018-06-01,0,0.39567827887264717,0.4032346702027498,0.109,0.79285,TRAJECTORY_DEGRADATION
2018-02-01,0,0.13608785878761484,0.13608785878761484,0.0365,0.902725,NONE
2018-06-01,0,0.03938195668836681,0.040591077483303734,0.109,0.79285,TRAJECTORY_DEGRADATION
2018-04-01,0,0.10094426587969028,0.10904566000890187,0.1455,0.825575,MIXED
2018-05-01,1,0.28774117256593573,0.30621386283049307,0.147,0.78605,TRAJECTORY_DEGRADATION
2018-04-01,0,0.09701357399872548,0.1048362912040827,0.1455,0.825575,MIXED
2018-02-01,0,0.16167294508589014,0.16167294508589014,0.0365,0.902725,NONE
2018-01-01,0,0.07555199759662636,0.07555199759662636,0.039,0.89535,NONE
2018-06-01,0,0.1731419317801416,0.17769812555202963,0.109,0.79285,TRAJECTORY_DEGRADATION
2018-03-01,0,0.07157596273054809,0.07410833243832082,0.113,0.84345,TRAJECTORY_DEGRADATION
2018-03-01,0,0.1487520818806462,0.15356332453825652,0.113,0.84345,TRAJECTORY_DEGRADATION
2018-01-01,1,0.333966692967387,0.333966692967387,0.039,0.89535,NONE
2018-07-01,0,0.457893125941506,0.4627373766948444,0.101,0.79565,TRAJECTORY_DEGRADATION
2018-08-01,0,0.1105371146630182,0.11337045391457755,0.107,0.79355,TRAJECTORY_DEGRADATION
2018-11-01,0,0.07297523366926333,0.09065939431443583,0.2455,0.732075,MIXED
2018-01-01,0,0.38700637276976985,0.38700637276976985,0.039,0.89535,NONE
2018-04-01,0,0.04956030377857992,0.05378452511083025,0.1455,0.825575,MIXED
2018-09-01,0,0.04508055532338831,0.04566528957153062,0.097,0.79705,TRAJECTORY_DEGRADATION
2018-04-01,0,0.04277615403265333,0.04645039541798253,0.1455,0.825575,MIXED
2018-09-01,0,0.08599454180689406,0.08706158235744273,0.097,0.79705,TRAJECTORY_DEGRADATION
2018-05-01,0,0.15540172126376928,0.1673748559573608,0.147,0.78605,TRAJECTORY_DEGRADATION
2018-06-01,0,0.3530324652179155,0.3602599441829486,0.109,0.79285,TRAJECTORY_DEGRADATION
2018-09-01,0,0.15440490187357753,0.15617575131689795,0.097,0.79705,TRAJECTORY_DEGRADATION
2018-03-01,0,0.419793961480705,0.4289542017139375,0.113,0.84345,TRAJECTORY_DEGRADATION
2018-01-01,0,0.03976399250817279,0.03976399250817279,0.039,0.89535,NONE
2018-02-01,0,0.06787896629106814,0.06787896629106814,0.0365,0.902725,NONE
2018-01-01,0,0.4590362228507147,0.4590362228507147,0.039,0.89535,NONE
2018-05-01,0,0.18355313444632768,0.19718884349321147,0.147,0.78605,TRAJECTORY_DEGRADATION
2018-01-01,0,0.22242971668370673,0.22242971668370673,0.039,0.89535,NONE
2018-04-01,1,0.2626146897174113,0.2796551810002505,0.1455,0.825575,MIXED
2018-02-01,1,0.12273878568169277,0.12273878568169277,0.0365,0.902725,NONE
2018-10-01,0,0.24855579451107532,0.24855579451107532,0.0805,0.809325,NONE
2018-02-01,0,0.2581433304551455,0.2581433304551455,0.0365,0.902725,NONE
2018-09-01,0,0.27852197743638496,0.2812428624868546,0.097,0.79705,TRAJECTORY_DEGRADATION
2018-01-01,0,0.3539872414282992,0.3539872414282992,0.039,0.89535,NONE
2018-03-01,0,0.08648334655664867,0.08949230260641576,0.113,0.84345,TRAJECTORY_DEGRADATION
2018-03-01,0,0.17970561476695013,0.18530008610063248,0.113,0.84345,TRAJECTORY_DEGRADATION
2018-07-01,0,0.024711061756716016,0.025185401259471236,0.101,0.79565,TRAJECTORY_DEGRADATION
2018-02-01,0,0.08545776267934778,0.08545776267934778,0.0365,0.902725,NONE
2018-03-01,0,0.039860387703178506,0.04132059546262853,0.113,0.84345,TRAJECTORY_DEGRADATION
2018-02-01,0,0.18230665521752673,0.1823066552175267,0.0365,0.902725,NONE
2018-02-01,0,0.2897751005847088,0.2897751005847088,0.0365,0.902725,NONE
2018-08-01,1,0.3337160333175361,0.3400827395995275,0.107,0.79355,TRAJECTORY_DEGRADATION
2018-06-01,1,0.36385441916769395,0.371176342438139,0.109,0.79285,TRAJECTORY_DEGRADATION
2018-07-01,0,0.17348998125521986,0.1763039369400264,0.101,0.79565,TRAJECTORY_DEGRADATION
2018-01-01,0,0.08943857052696533,0.08943857052696533,0.039,0.89535,NONE
2018-01-01,1,0.17517670683804049,0.17517670683804049,0.039,0.89535,NONE
2018-04-01,0,0.12334983207512179,0.13298343226218606,0.1455,0.825575,MIXED
2018-06-01,0,0.07466927756847176,0.0768751026012148,0.109,0.79285,TRAJECTORY_DEGRADATION
2018-08-01,0,0.043169424372820696,0.04436208774816148,0.107,0.79355,TRAJECTORY_DEGRADATION
2018-06-01,0,0.020222104260994668,0.0208557429303764,0.109,0.79285,TRAJECTORY_DEGRADATION
2018-06-01,0,0.03406359783186539,0.035115401153910146,0.109,0.79285,TRAJECTORY_DEGRADATION
2018-07-01,0,0.056960360872918364,0.058016914876171624,0.101,0.79565,TRAJECTORY_DEGRADATION
2018-09-01,1,0.4295053004570354,0.43281631290440065,0.097,0.79705,TRAJECTORY_DEGRADATION
2018-07-01,0,0.05245685260367336,0.05343460461122671,0.101,0.79565,TRAJECTORY_DEGRADATION
2018-11-01,0,0.04276647898182367,0.05355301898919801,0.2455,0.732075,MIXED
2018-10-01,0,0.24739138101795868,0.24739138101795868,0.0805,0.809325,NONE
2018-05-01,0,0.03679447375421332,0.04006281903503882,0.147,0.78605,TRAJECTORY_DEGRADATION
2018-06-01,0,0.19235690800284372,0.19729808864893877,0.109,0.79285,TRAJECTORY_DEGRADATION
2018-08-01,1,0.07080369889159652,0.07270181864548533,0.107,0.79355,TRAJECTORY_DEGRADATION
2018-02-01,0,0.4425239753064126,0.4425239753064126,0.0365,0.902725,NONE
2018-11-01,0,0.057175135551704004,0.07132503371505712,0.2455,0.732075,MIXED
2018-01-01,0,0.10977165338105395,0.10977165338105395,0.039,0.89535,NONE
2018-04-01,0,0.3812785035797312,0.40182296293871034,0.1455,0.825575,MIXED
2018-07-01,0,0.03384467580050411,0.03448813917909375,0.101,0.79565,TRAJECTORY_DEGRADATION
2018-10-01,0,0.07748002357069568,0.07748002357069568,0.0805,0.809325,NONE
2018-05-01,0,0.2509241875547814,0.26792235845921974,0.147,0.78605,TRAJECTORY_DEGRADATION
2018-03-01,1,0.12565140743970143,0.12982943673719236,0.113,0.84345,TRAJECTORY_DEGRADATION
2018-01-01,0,0.46296174600738776,0.46296174600738776,0.039,0.89535,NONE
2018-07-01,0,0.15583608742763394,0.15841858567291156,0.101,0.79565,TRAJECTORY_DEGRADATION
2018-09-01,0,0.037177085568067716,0.0376633482285851,0.097,0.79705,TRAJECTORY_DEGRADATION
2018-06-01,0,0.05290036498414099,0.054500985562231534,0.109,0.79285,TRAJECTORY_DEGRADATION
2018-02-01,0,0.25690960319909256,0.25690960319909256,0.0365,0.902725,NONE
2018-03-01,1,0.032953247447322524,0.03416943037485642,0.113,0.84345,TRAJECTORY_DEGRADATION
2018-11-01,0,0.42040146889845753,0.4787938432168849,0.2455,0.732075,MIXED
2018-03-01,0,0.10256746276944793,0.10607104530475044,0.113,0.84345,TRAJECTORY_DEGRADATION
2018-10-01,0,0.13741358631722403,0.137413586317224,0.0805,0.809325,NONE
2018-06-01,0,0.1209088400167133,0.12429715256054037,0.109,0.79285,TRAJECTORY_DEGRADATION
2018-04-01,0,0.08159600384770181,0.088297085229527,0.1455,0.825575,MIXED
2018-06-01,0,0.4121965013219424,0.41984918661311804,0.109,0.79285,TRAJECTORY_DEGRADATION
2018-06-01,0,0.033498196243562886,0.03453316545193941,0.109,0.79285,TRAJECTORY_DEGRADATION
2018-09-01,1,0.11612256949158586,0.11751538096601515,0.097,0.79705,TRAJECTORY_DEGRADATION
2018-04-01,1,0.546322506433054,0.5676017263433477,0.1455,0.825575,MIXED
2018-06-01,1,0.14760451547976333,0.15161191692211112,0.109,0.79285,TRAJECTORY_DEGRADATION
2018-12-01,0,0.4251098709102067,0.46491244569232876,0.1955,0.7170749999999999,TRANSITIONAL
2018-09-01,0,0.22438303718223615,0.22674125229452236,0.097,0.79705,TRAJECTORY_DEGRADATION
2018-03-01,0,0.031580771417652205,0.03274801662406565,0.113,0.84345,TRAJECTORY_DEGRADATION
2018-12-01,0,0.05723008173381435,0.06657741653017472,0.1955,0.7170749999999999,TRANSITIONAL
2018-02-01,0,0.2443506432734543,0.2443506432734543,0.0365,0.902725,NONE
2018-03-01,0,0.05318260341579098,0.05510283617549726,0.113,0.84345,TRAJECTORY_DEGRADATION
2018-12-01,0,0.08437246291313792,0.09769355752878939,0.1955,0.7170749999999999,TRANSITIONAL
2018-07-01,0,0.10053658570055217,0.10231373770031982,0.101,0.79565,TRAJECTORY_DEGRADATION
2018-07-01,0,0.37258047937745153,0.3771500917887262,0.101,0.79565,TRAJECTORY_DEGRADATION
2018-04-01,0,0.11857582002109006,0.1278909642194766,0.1455,0.825575,MIXED
2018-06-01,0,0.17922660649856811,0.18390730448177864,0.109,0.79285,TRAJECTORY_DEGRADATION
2018-01-01,0,0.0730454557378693,0.0730454557378693,0.039,0.89535,NONE
2018-01-01,0,0.022794037186549293,0.022794037186549293,0.039,0.89535,NONE
2018-01-01,0,0.05538822292564427,0.05538822292564427,0.039,0.89535,NONE
2018-04-01,1,0.16730663984675168,0.17966966093520895,0.1455,0.825575,MIXED
2018-03-01,0,0.05573534882625895,0.057742130990573876,0.113,0.84345,TRAJECTORY_DEGRADATION
2018-06-01,0,0.11854831159640335,0.12187964473133454,0.109,0.79285,TRAJECTORY_DEGRADATION
2018-09-01,0,0.25807291644100594,0.26066620915427074,0.097,0.79705,TRAJECTORY_DEGRADATION
2018-09-01,0,0.16500940208408385,0.1668778711616953,0.097,0.79705,TRAJECTORY_DEGRADATION
2018-02-01,0,0.08255134654964003,0.08255134654964003,0.0365,0.902725,NONE
2018-04-01,0,0.10439148258181292,0.11273484580016818,0.1455,0.825575,MIXED
2018-05-01,1,0.31603615749794883,0.33546979163688195,0.147,0.78605,TRAJECTORY_DEGRADATION
2018-01-01,0,0.054683072848270224,0.054683072848270224,0.039,0.89535,NONE
2018-05-01,1,0.04091554343061314,0.0445330266494727,0.147,0.78605,TRAJECTORY_DEGRADATION
2018-05-01,0,0.05146148848986889,0.05595697452962107,0.147,0.78605,TRAJECTORY_DEGRADATION
2018-08-01,0,0.27054184889014826,0.276202931959267,0.107,0.79355,TRAJECTORY_DEGRADATION
2018-05-01,0,0.01685690713174163,0.018388065969724143,0.147,0.78605,TRAJECTORY_DEGRADATION
2018-07-01,0,0.17089649291474482,0.17367722237505412,0.101,0.79565,TRAJECTORY_DEGRADATION
2018-07-01,0,0.027624411082820037,0.028153059289698572,0.101,0.79565,TRAJECTORY_DEGRADATION
2018-06-01,0,0.15561594316431596,0.1598000751414986,0.109,0.79285,TRAJECTORY_DEGRADATION
2018-12-01,0,0.14735903488588356,0.16879148781206482,0.1955,0.7170749999999999,TRANSITIONAL
2018-02-01,0,0.12637049909827014,0.12637049909827014,0.0365,0.902725,NONE
2018-07-01,0,0.17941411352237277,0.18230296284996167,0.101,0.79565,TRAJECTORY_DEGRADATION
2018-08-01,1,0.057179308312140166,0.05873527013687975,0.107,0.79355,TRAJECTORY_DEGRADATION
2018-08-01,0,0.17792196199859048,0.18212886688719832,0.107,0.79355,TRAJECTORY_DEGRADATION
2018-12-01,0,0.07743426003617825,0.0897673161157079,0.1955,0.7170749999999999,TRANSITIONAL
2018-01-01,0,0.326505254568301,0.32650525456830093,0.039,0.89535,NONE
2018-02-01,0,0.05753746664195583,0.05753746664195583,0.0365,0.902725,NONE
2018-01-01,0,0.23865142843506135,0.23865142843506135,0.039,0.89535,NONE
2018-01-01,0,0.5096885159661998,0.5096885159661998,0.039,0.89535,NONE
2018-08-01,0,0.04404382177275843,0.04525949988288174,0.107,0.79355,TRAJECTORY_DEGRADATION
2018-05-01,1,0.14123443953419387,0.15231288223178766,0.147,0.78605,TRAJECTORY_DEGRADATION
2018-09-01,1,0.04400837282045701,0.044579849170218774,0.097,0.79705,TRAJECTORY_DEGRADATION
2018-09-01,0,0.10907162374374221,0.11039042630121981,0.097,0.79705,TRAJECTORY_DEGRADATION
2018-06-01,0,0.084921197487342,0.08740127135418206,0.109,0.79285,TRAJECTORY_DEGRADATION
2018-08-01,0,0.05863745899881953,0.06023056514304832,0.107,0.79355,TRAJECTORY_DEGRADATION
2018-08-01,0,0.08417911261038394,0.08640246099229577,0.107,0.79355,TRAJECTORY_DEGRADATION
2018-07-01,0,0.11539558793649357,0.1174011146090168,0.101,0.79565,TRAJECTORY_DEGRADATION
2018-01-01,0,0.0243659570200942,0.0243659570200942,0.039,0.89535,NONE
2018-02-01,0,0.019253008274858763,0.019253008274858763,0.0365,0.902725,NONE
2018-08-01,0,0.24051263040421916,0.24575704964626868,0.107,0.79355,TRAJECTORY_DEGRADATION
2018-10-01,0,0.1564798653153656,0.1564798653153656,0.0805,0.809325,NONE
2018-11-01,0,0.11827252937658604,0.14521414190101253,0.2455,0.732075,MIXED
2018-02-01,0,0.06252391823132582,0.06252391823132582,0.0365,0.902725,NONE
2018-01-01,1,0.325004568863113,0.325004568863113,0.039,0.89535,NONE
2018-05-01,0,0.23874852310342742,0.2552028907854503,0.147,0.78605,TRAJECTORY_DEGRADATION
2018-01-01,0,0.19314262924263467,0.19314262924263467,0.039,0.89535,NONE
2018-07-01,0,0.20028041325831497,0.2034219538475035,0.101,0.79565,TRAJECTORY_DEGRADATION
2018-10-01,1,0.16667818622237845,0.16667818622237845,0.0805,0.809325,NONE
2018-05-01,0,0.11302594885051893,0.12220658973046326,0.147,0.78605,TRAJECTORY_DEGRADATION
2018-11-01,0,0.3649541342844172,0.4212423408882371,0.2455,0.732075,MIXED
2018-02-01,1,0.4912373645838549,0.4912373645838549,0.0365,0.902725,NONE
2018-01-01,0,0.14777157766100887,0.14777157766100887,0.039,0.89535,NONE
2018-01-01,1,0.48296479229852424,0.48296479229852424,0.039,0.89535,NONE
2018-01-01,0,0.1336726782980125,0.1336726782980125,0.039,0.89535,NONE
2018-02-01,0,0.12047814255485044,0.12047814255485044,0.0365,0.902725,NONE
2018-05-01,1,0.5644513822727102,0.5860713267324876,0.147,0.78605,TRAJECTORY_DEGRADATION
2018-04-01,0,0.11749454245670055,0.12673695680800465,0.1455,0.825575,MIXED
2018-11-01,0,0.04380223794108583,0.05483505152240788,0.2455,0.732075,MIXED
2018-06-01,0,0.2532648660726668,0.2592683656773958,0.109,0.79285,TRAJECTORY_DEGRADATION
2018-06-01,1,0.5758023360267406,0.5834773763331998,0.109,0.79285,TRAJECTORY_DEGRADATION
2018-08-01,0,0.40356682783098136,0.4104452348275903,0.107,0.79355,TRAJECTORY_DEGRADATION
2018-01-01,0,0.2111229985694082,0.2111229985694082,0.039,0.89535,NONE
2018-03-01,0,0.3090684133694485,0.317133153663099,0.113,0.84345,TRAJECTORY_DEGRADATION
2018-01-01,1,0.3381763233972858,0.3381763233972858,0.039,0.89535,NONE
2018-03-01,1,0.30137426274718854,0.30932811780762476,0.113,0.84345,TRAJECTORY_DEGRADATION
2018-01-01,0,0.5501677376583747,0.5501677376583747,0.039,0.89535,NONE
2018-07-01,1,0.35546228939163943,0.35994239712630843,0.101,0.79565,TRAJECTORY_DEGRADATION
2018-01-01,0,0.04025985438081633,0.04025985438081633,0.039,0.89535,NONE
2018-06-01,0,0.16287470586132635,0.1672153581612359,0.109,0.79285,TRAJECTORY_DEGRADATION
2018-04-01,0,0.12148887506689039,0.13099885322605737,0.1455,0.825575,MIXED
2018-03-01,0,0.11770282807210437,0.12165333285094708,0.113,0.84345,TRAJECTORY_DEGRADATION
2018-06-01,0,0.2993690064358243,0.306017511364652,0.109,0.79285,TRAJECTORY_DEGRADATION
2018-05-01,1,0.5016123027605427,0.5237194910526899,0.147,0.78605,TRAJECTORY_DEGRADATION
2018-04-01,0,0.11246734926426022,0.1213686974701533,0.1455,0.825575,MIXED
2018-02-01,0,0.1065418610304516,0.1065418610304516,0.0365,0.902725,NONE
2018-08-01,0,0.4088949004508192,0.4158008102096979,0.107,0.79355,TRAJECTORY_DEGRADATION
2018-06-01,0,0.025485569814570067,0.026279710076817515,0.109,0.79285,TRAJECTORY_DEGRADATION
2018-06-01,0,0.07279110958250248,0.07494594496408889,0.109,0.79285,TRAJECTORY_DEGRADATION
2018-10-01,0,0.5097011709774523,0.5097011709774523,0.0805,0.809325,NONE
2018-01-01,1,0.26867642352911564,0.26867642352911564,0.039,0.89535,NONE
2018-01-01,0,0.019148539914571463,0.019148539914571463,0.039,0.89535,NONE
2018-03-01,0,0.022742890684530052,0.02359143978623397,0.113,0.84345,TRAJECTORY_DEGRADATION
2018-04-01,0,0.11547528747145963,0.12458128520979274,0.1455,0.825575,MIXED
2018-03-01,0,0.15943314670726466,0.16452308838845683,0.113,0.84345,TRAJECTORY_DEGRADATION
2018-04-01,1,0.06053432980049703,0.0656293228809636,0.1455,0.825575,MIXED
2018-04-01,0,0.12316760621632802,0.13278913033531656,0.1455,0.825575,MIXED
2018-06-01,0,0.4588694374126948,0.4667006468146713,0.109,0.79285,TRAJECTORY_DEGRADATION
2018-03-01,0,0.24548865743311268,0.2525006586212799,0.113,0.84345,TRAJECTORY_DEGRADATION
2018-03-01,0,0.23834219823011144,0.24521641343233455,0.113,0.84345,TRAJECTORY_DEGRADATION
2018-02-01,0,0.020886408800626616,0.020886408800626616,0.0365,0.902725,NONE
2018-09-01,0,0.19338307151319,0.1954976039419778,0.097,0.79705,TRAJECTORY_DEGRADATION
2018-08-01,0,0.049333261707777916,0.05068719548625642,0.107,0.79355,TRAJECTORY_DEGRADATION
2018-02-01,1,0.2144904933600791,0.21449049336007908,0.0365,0.902725,NONE
2018-11-01,0,0.03802072283154371,0.04766989939418383,0.2455,0.732075,MIXED
2018-07-01,0,0.05442773994662938,0.05544007827181725,0.101,0.79565,TRAJECTORY_DEGRADATION
2018-08-01,0,0.12655897566550856,0.1297430902336443,0.107,0.79355,TRAJECTORY_DEGRADATION
2018-02-01,1,0.32127546612868285,0.32127546612868285,0.0365,0.902725,NONE
2018-02-01,0,0.21730317450279485,0.21730317450279488,0.0365,0.902725,NONE
2018-05-01,0,0.4017434864187378,0.42318654576301706,0.147,0.78605,TRAJECTORY_DEGRADATION
2018-06-01,0,0.30502992355783287,0.3117482088664108,0.109,0.79285,TRAJECTORY_DEGRADATION
2018-03-01,0,0.4091880370559278,0.4182836904913585,0.113,0.84345,TRAJECTORY_DEGRADATION
2018-04-01,0,0.4549036200688717,0.4763608740324316,0.1455,0.825575,MIXED
2018-04-01,0,0.019795853557984817,0.02154062959667195,0.1455,0.825575,MIXED
2018-05-01,0,0.19323160327397432,0.20740365549280362,0.147,0.78605,TRAJECTORY_DEGRADATION
2018-09-01,0,0.05642718277619188,0.0571502844993139,0.097,0.79705,TRAJECTORY_DEGRADATION
2018-02-01,0,0.18733304755244845,0.18733304755244842,0.0365,0.902725,NONE
2018-01-01,0,0.10814637901934102,0.10814637901934102,0.039,0.89535,NONE
2018-07-01,0,0.1858321589775482,0.18880057229612893,0.101,0.79565,TRAJECTORY_DEGRADATION
2018-10-01,0,0.4679464062697756,0.4679464062697756,0.0805,0.809325,NONE
2018-03-01,0,0.423483843135862,0.43266455794931713,0.113,0.84345,TRAJECTORY_DEGRADATION
2018-02-01,0,0.020252353944119835,0.020252353944119835,0.0365,0.902725,NONE
2018-02-01,0,0.1309319487651971,0.1309319487651971,0.0365,0.902725,NONE
2018-02-01,0,0.24847925506867538,0.24847925506867538,0.0365,0.902725,NONE
2018-04-01,0,0.5246346291901239,0.5460859122866466,0.1455,0.825575,MIXED
2018-05-01,0,0.23167868038845668,0.2478044100659454,0.147,0.78605,TRAJECTORY_DEGRADATION
2018-02-01,0,0.08111153308388405,0.08111153308388405,0.0365,0.902725,NONE
2018-06-01,0,0.09765060159108671,0.10046161727930918,0.109,0.79285,TRAJECTORY_DEGRADATION
2018-11-01,0,0.018445733182725025,0.02324707929055521,0.2455,0.732075,MIXED
2018-08-01,0,0.09192849766765225,0.09433544058308806,0.107,0.79355,TRAJECTORY_DEGRADATION
2018-07-01,1,0.1573708174586818,0.159973929307538,0.101,0.79565,TRAJECTORY_DEGRADATION
2018-09-01,0,0.333662761442538,0.33667095176718614,0.097,0.79705,TRAJECTORY_DEGRADATION
2018-04-01,0,0.10774255919194758,0.11631896810194459,0.1455,0.825575,MIXED
2018-05-01,0,0.08879794097551041,0.09622413270620904,0.147,0.78605,TRAJECTORY_DEGRADATION
2018-08-01,0,0.12000445254665168,0.12304689229226136,0.107,0.79355,TRAJECTORY_DEGRADATION
2018-04-01,0,0.05808669097886789,0.06298948626572051,0.1455,0.825575,MIXED
2018-07-01,0,0.058338392032505335,0.05941889650131617,0.101,0.79565,TRAJECTORY_DEGRADATION
2018-03-01,0,0.029546819816890165,0.03064126750115321,0.113,0.84345,TRAJECTORY_DEGRADATION
2018-01-01,0,0.038465080412495106,0.038465080412495106,0.039,0.89535,NONE
2018-08-01,0,0.023315389551855418,0.023973278571990882,0.107,0.79355,TRAJECTORY_DEGRADATION
2018-06-01,0,0.06269023925638238,0.06456688075850088,0.109,0.79285,TRAJECTORY_DEGRADATION
2018-04-01,0,0.0791130057122349,0.08562918313385401,0.1455,0.825575,MIXED
2018-06-01,0,0.08637541758894367,0.08889383545820059,0.109,0.79285,TRAJECTORY_DEGRADATION
2018-07-01,1,0.19217517902133016,0.19522061867895635,0.101,0.79565,TRAJECTORY_DEGRADATION
2018-10-01,0,0.09008381268225185,0.09008381268225185,0.0805,0.809325,NONE
2018-08-01,0,0.23203254703507653,0.23714979461469027,0.107,0.79355,TRAJECTORY_DEGRADATION
2018-11-01,0,0.15736842788463207,0.1912837651705682,0.2455,0.732075,MIXED
2018-04-01,0,0.05992773152596022,0.06497520014577267,0.1455,0.825575,MIXED
2018-06-01,0,0.1673162490818025,0.1717509843067526,0.109,0.79285,TRAJECTORY_DEGRADATION
2018-03-01,1,0.05687460232040475,0.05891984442364997,0.113,0.84345,TRAJECTORY_DEGRADATION
2018-03-01,0,0.08168669454175595,0.0845442089892748,0.113,0.84345,TRAJECTORY_DEGRADATION
2018-02-01,0,0.3914113995342462,0.3914113995342462,0.0365,0.902725,NONE
2018-07-01,0,0.19964128269082998,0.2027753400374466,0.101,0.79565,TRAJECTORY_DEGRADATION
2018-04-01,0,0.318371500866538,0.33737462082169206,0.1455,0.825575,MIXED
2018-01-01,0,0.16096147534693073,0.16096147534693073,0.039,0.89535,NONE
2018-06-01,0,0.07585957267609361,0.07809759280363114,0.109,0.79285,TRAJECTORY_DEGRADATION
2018-02-01,0,0.02626130625103637,0.02626130625103637,0.0365,0.902725,NONE
2018-03-01,0,0.21068761664671865,0.216991457585853,0.113,0.84345,TRAJECTORY_DEGRADATION
2018-03-01,0,0.222013014552997,0.2285575930116395,0.113,0.84345,TRAJECTORY_DEGRADATION
2018-11-01,0,0.020469360630702923,0.02578361185289167,0.2455,0.732075,MIXED
2018-04-01,0,0.08930570925733128,0.0965733720768025,0.1455,0.825575,MIXED
2018-09-01,0,0.18690938774061217,0.18896971751820738,0.097,0.79705,TRAJECTORY_DEGRADATION
2018-06-01,0,0.20281544043511188,0.20795610084111188,0.109,0.79285,TRAJECTORY_DEGRADATION
2018-07-01,0,0.13138479551987872,0.1336262311311469,0.101,0.79565,TRAJECTORY_DEGRADATION
2018-03-01,1,0.4136267391819686,0.4227504589677776,0.113,0.84345,TRAJECTORY_DEGRADATION
2018-02-01,0,0.2150920967472299,0.2150920967472299,0.0365,0.902725,NONE
2018-04-01,0,0.22001676047007715,0.23517471713370855,0.1455,0.825575,MIXED
2018-07-01,0,0.13443456493206365,0.13671984046117372,0.101,0.79565,TRAJECTORY_DEGRADATION
2018-01-01,0,0.045585645814969974,0.045585645814969974,0.039,0.89535,NONE
2018-01-01,1,0.2550233118534196,0.2550233118534196,0.039,0.89535,NONE
2018-11-01,0,0.09514016504455318,0.11751468671097023,0.2455,0.732075,MIXED
2018-03-01,0,0.059934968494339894,0.06208301864320106,0.113,0.84345,TRAJECTORY_DEGRADATION
2018-07-01,0,0.06893312427544512,0.07019522959148193,0.101,0.79565,TRAJECTORY_DEGRADATION
2018-03-01,0,0.17736034377802914,0.18289808283159786,0.113,0.84345,TRAJECTORY_DEGRADATION
2018-05-01,0,0.09875792045570221,0.10691932955216107,0.147,0.78605,TRAJECTORY_DEGRADATION
2018-02-01,0,0.1565530797384714,0.1565530797384714,0.0365,0.902725,NONE
2018-04-01,0,0.0871077953528638,0.09421509718157746,0.1455,0.825575,MIXED
2018-02-01,0,0.36139299062716757,0.36139299062716757,0.0365,0.902725,NONE
2018-02-01,1,0.33917695804366443,0.3391769580436644,0.0365,0.902725,NONE
2018-05-01,0,0.32215548543936934,0.34177737637423283,0.147,0.78605,TRAJECTORY_DEGRADATION
2018-06-01,0,0.5182506052074646,0.5261099448967276,0.109,0.79285,TRAJECTORY_DEGRADATION
2018-12-01,0,0.05988954520487443,0.06963916240016202,0.1955,0.7170749999999999,TRANSITIONAL
2018-02-01,0,0.17415090776194267,0.17415090776194267,0.0365,0.902725,NONE
2018-03-01,0,0.07356045160234252,0.07615727351158144,0.113,0.84345,TRAJECTORY_DEGRADATION
2018-04-01,0,0.3279395561120386,0.3472228580820022,0.1455,0.825575,MIXED
2018-07-01,0,0.09527135886998284,0.09696547266484383,0.101,0.79565,TRAJECTORY_DEGRADATION
2018-07-01,0,0.043294766281672545,0.04410969443199046,0.101,0.79565,TRAJECTORY_DEGRADATION
2018-01-01,1,0.0836611359219368,0.0836611359219368,0.039,0.89535,NONE
2018-06-01,0,0.20196965440461287,0.20709444623783768,0.109,0.79285,TRAJECTORY_DEGRADATION
2018-04-01,0,0.19950158921927288,0.21363328058329445,0.1455,0.825575,MIXED
2018-06-01,1,0.3092865945831779,0.3160559963462275,0.109,0.79285,TRAJECTORY_DEGRADATION
2018-01-01,0,0.26269766714564446,0.26269766714564446,0.039,0.89535,NONE
2018-01-01,0,0.014237644225518323,0.014237644225518323,0.039,0.89535,NONE
2018-04-01,1,0.4344108449908564,0.4557095893550154,0.1455,0.825575,MIXED
2018-09-01,0,0.08175764629347479,0.08277687566313933,0.097,0.79705,TRAJECTORY_DEGRADATION
2018-06-01,0,0.12779787482311394,0.1313503978699319,0.109,0.79285,TRAJECTORY_DEGRADATION
2018-03-01,1,0.13956114590260185,0.1441254479455572,0.113,0.84345,TRAJECTORY_DEGRADATION
2018-06-01,0,0.11455890836492179,0.11779311643010582,0.109,0.79285,TRAJECTORY_DEGRADATION
2018-02-01,1,0.10455943016099589,0.10455943016099589,0.0365,0.902725,NONE
2018-05-01,0,0.17510851460890997,0.18826154746167734,0.147,0.78605,TRAJECTORY_DEGRADATION
2018-06-01,0,0.30917517691913254,0.3159432555283168,0.109,0.79285,TRAJECTORY_DEGRADATION
2018-01-01,0,0.02795112566811062,0.02795112566811062,0.039,0.89535,NONE
2018-02-01,0,0.14751132526705413,0.14751132526705413,0.0365,0.902725,NONE
2018-01-01,0,0.11164142608206545,0.11164142608206545,0.039,0.89535,NONE
2018-08-01,0,0.04855507068318296,0.04988876806107361,0.107,0.79355,TRAJECTORY_DEGRADATION
2018-04-01,0,0.10577204548692472,0.11421167754118297,0.1455,0.825575,MIXED
2018-06-01,0,0.042442754636744066,0.04374157020796113,0.109,0.79285,TRAJECTORY_DEGRADATION
2018-05-01,0,0.1995055782647363,0.21401571246241335,0.147,0.78605,TRAJECTORY_DEGRADATION
2018-02-01,0,0.07654994440640357,0.07654994440640357,0.0365,0.902725,NONE
2018-05-01,0,0.30668106487912283,0.3258134694455704,0.147,0.78605,TRAJECTORY_DEGRADATION
2018-05-01,0,0.3530625055110713,0.373529530714323,0.147,0.78605,TRAJECTORY_DEGRADATION
2018-02-01,0,0.285495132230271,0.285495132230271,0.0365,0.902725,NONE
2018-03-01,0,0.3262689399616275,0.3345651739810563,0.113,0.84345,TRAJECTORY_DEGRADATION
2018-04-01,0,0.2902004129243237,0.3082825362012755,0.1455,0.825575,MIXED
2018-02-01,0,0.028948655034267225,0.028948655034267225,0.0365,0.902725,NONE
2018-06-01,0,0.027847481383195986,0.028713051237312007,0.109,0.79285,TRAJECTORY_DEGRADATION
2018-07-01,1,0.4047908002506795,0.4094976262617844,0.101,0.79565,TRAJECTORY_DEGRADATION
2018-12-01,0,0.10068127137801612,0.11625035570923678,0.1955,0.7170749999999999,TRANSITIONAL
2018-01-01,0,0.1562476416337728,0.1562476416337728,0.039,0.89535,NONE
2018-03-01,1,0.015352361300133897,0.01592966063936151,0.113,0.84345,TRAJECTORY_DEGRADATION
2018-02-01,0,0.07768625392936475,0.07768625392936475,0.0365,0.902725,NONE
2018-09-01,0,0.14742259537318073,0.14912748826638247,0.097,0.79705,TRAJECTORY_DEGRADATION
2018-02-01,0,0.15819121314907195,0.15819121314907195,0.0365,0.902725,NONE
2018-03-01,1,0.38332355063765716,0.3922259564338011,0.113,0.84345,TRAJECTORY_DEGRADATION
2018-06-01,0,0.13066984468892434,0.13428991079221145,0.109,0.79285,TRAJECTORY_DEGRADATION
2018-07-01,0,0.05202502428057602,0.05299517753649322,0.101,0.79565,TRAJECTORY_DEGRADATION
2018-01-01,0,0.06785956637896651,0.06785956637896651,0.039,0.89535,NONE
2018-06-01,1,0.16585579328074748,0.17025973394778815,0.109,0.79285,TRAJECTORY_DEGRADATION
2018-07-01,0,0.48489802709032354,0.4897698600568172,0.101,0.79565,TRAJECTORY_DEGRADATION
2018-10-01,0,0.29711160496719546,0.29711160496719546,0.0805,0.809325,NONE
2018-06-01,0,0.1503606915436541,0.1544293651705526,0.109,0.79285,TRAJECTORY_DEGRADATION
2018-05-01,0,0.35860117556510973,0.37920107897018884,0.147,0.78605,TRAJECTORY_DEGRADATION
2018-08-01,0,0.23609888484848832,0.24127763638874686,0.107,0.79355,TRAJECTORY_DEGRADATION
2018-08-01,0,0.24871216133898252,0.2540755604132383,0.107,0.79355,TRAJECTORY_DEGRADATION
2018-08-01,0,0.057566423784399086,0.059132259097861434,0.107,0.79355,TRAJECTORY_DEGRADATION
2018-02-01,0,0.06017724194251975,0.06017724194251975,0.0365,0.902725,NONE
2018-01-01,1,0.2804018084517286,0.2804018084517286,0.039,0.89535,NONE
2018-05-01,0,0.07007127844206057,0.07606208576160284,0.147,0.78605,TRAJECTORY_DEGRADATION
2018-02-01,1,0.15710900445773118,0.15710900445773118,0.0365,0.902725,NONE
2018-09-01,0,0.04619810110136829,0.046796620529805585,0.097,0.79705,TRAJECTORY_DEGRADATION
2018-02-01,0,0.029247693940322728,0.029247693940322728,0.0365,0.902725,NONE
2018-05-01,0,0.025277126428849665,0.027551683044381492,0.147,0.78605,TRAJECTORY_DEGRADATION
2018-03-01,0,0.054552066442927656,0.05651879396750091,0.113,0.84345,TRAJECTORY_DEGRADATION
2018-03-01,1,0.1092206919605099,0.11292294421229172,0.113,0.84345,TRAJECTORY_DEGRADATION
2018-01-01,0,0.24807786113729022,0.24807786113729022,0.039,0.89535,NONE
2018-06-01,1,0.09900120933156406,0.10184671600810713,0.109,0.79285,TRAJECTORY_DEGRADATION
2018-05-01,0,0.24475716677355513,0.2614834019693541,0.147,0.78605,TRAJECTORY_DEGRADATION
2018-02-01,0,0.149089410019381,0.149089410019381,0.0365,0.902725,NONE
2018-01-01,0,0.10515713025767763,0.10515713025767763,0.039,0.89535,NONE
2018-07-01,0,0.25680648930901856,0.2605458135871854,0.101,0.79565,TRAJECTORY_DEGRADATION
2018-05-01,0,0.13485134021445921,0.14551393180737782,0.147,0.78605,TRAJECTORY_DEGRADATION
2018-06-01,0,0.2232156489488123,0.22872502637244435,0.109,0.79285,TRAJECTORY_DEGRADATION
2018-04-01,0,0.15652858487432586,0.1682560984258915,0.1455,0.825575,MIXED
2018-01-01,0,0.1385552274756649,0.1385552274756649,0.039,0.89535,NONE
2018-02-01,0,0.1315846775147288,0.1315846775147288,0.0365,0.902725,NONE
2018-04-01,0,0.02765401005790701,0.030070144539098564,0.1455,0.825575,MIXED
2018-10-01,0,0.17028134645831228,0.17028134645831228,0.0805,0.809325,NONE
2018-04-01,0,0.18409437364191297,0.1974038282312153,0.1455,0.825575,MIXED
2018-10-01,0,0.07956357966194286,0.07956357966194286,0.0805,0.809325,NONE
2018-06-01,0,0.2262387348123845,0.23180046161878007,0.109,0.79285,TRAJECTORY_DEGRADATION
2018-03-01,0,0.19531306947553265,0.2012742016757291,0.113,0.84345,TRAJECTORY_DEGRADATION
2018-03-01,0,0.16687699858228602,0.17215591476110131,0.113,0.84345,TRAJECTORY_DEGRADATION
2018-07-01,0,0.09770029548304199,0.09943285371344043,0.101,0.79565,TRAJECTORY_DEGRADATION
2018-12-01,0,0.06847167377673714,0.07950025747698347,0.1955,0.7170749999999999,TRANSITIONAL
2018-03-01,0,0.03720809749485917,0.03857504737077655,0.113,0.84345,TRAJECTORY_DEGRADATION
2018-04-01,1,0.08031884242858693,0.08692496411119392,0.1455,0.825575,MIXED
2018-02-01,0,0.19863569290031713,0.19863569290031716,0.0365,0.902725,NONE
2018-04-01,0,0.18793884385756945,0.20145761398066003,0.1455,0.825575,MIXED
2018-07-01,0,0.19226548979338756,0.19531201460217582,0.101,0.79565,TRAJECTORY_DEGRADATION
2018-04-01,0,0.15306308275186353,0.16458161503141908,0.1455,0.825575,MIXED
2018-04-01,0,0.0420824476104946,0.04569994809649539,0.1455,0.825575,MIXED
2018-01-01,0,0.15979262478415115,0.15979262478415115,0.039,0.89535,NONE
2018-03-01,0,0.14077423001137906,0.1453715027187691,0.113,0.84345,TRAJECTORY_DEGRADATION
2018-03-01,0,0.13618540558039427,0.14065735280713051,0.113,0.84345,TRAJECTORY_DEGRADATION
2018-01-01,1,0.3452628346463358,0.3452628346463358,0.039,0.89535,NONE
2018-07-01,0,0.05710431716479343,0.05816337671309771,0.101,0.79565,TRAJECTORY_DEGRADATION
2018-04-01,0,0.23723770181468062,0.25319695078818805,0.1455,0.825575,MIXED
2018-02-01,0,0.08727273848942563,0.08727273848942563,0.0365,0.902725,NONE
2018-04-01,1,0.150348943711333,0.16170222386349142,0.1455,0.825575,MIXED
2018-11-01,0,0.266250110683374,0.3148628073839567,0.2455,0.732075,MIXED
2018-06-01,0,0.27048858371461837,0.2767490488383417,0.109,0.79285,TRAJECTORY_DEGRADATION
2018-01-01,0,0.2964415136366031,0.2964415136366031,0.039,0.89535,NONE
2018-07-01,0,0.2082948651088914,0.21152886667034407,0.101,0.79565,TRAJECTORY_DEGRADATION
2018-01-01,0,0.25155124039465204,0.25155124039465204,0.039,0.89535,NONE
2018-07-01,0,0.23361343086359607,0.23712279399964986,0.101,0.79565,TRAJECTORY_DEGRADATION
2018-07-01,0,0.11219475641033307,0.11415183251556843,0.101,0.79565,TRAJECTORY_DEGRADATION
2018-01-01,0,0.256106188348118,0.256106188348118,0.039,0.89535,NONE
2018-02-01,0,0.09346580393777794,0.09346580393777794,0.0365,0.902725,NONE
2018-12-01,0,0.08401919654371581,0.09729044234035009,0.1955,0.7170749999999999,TRANSITIONAL
2018-06-01,0,0.11763386553017406,0.12094302760610003,0.109,0.79285,TRAJECTORY_DEGRADATION
2018-08-01,0,0.21558651566129752,0.22044517568828254,0.107,0.79355,TRAJECTORY_DEGRADATION
2018-02-01,0,0.030753011635952655,0.030753011635952655,0.0365,0.902725,NONE
2018-06-01,0,0.24985452054386367,0.2558048728566999,0.109,0.79285,TRAJECTORY_DEGRADATION
2018-07-01,0,0.03117834684331035,0.03177278439032587,0.101,0.79565,TRAJECTORY_DEGRADATION
2018-07-01,1,0.15635102001077736,0.1589404449790222,0.101,0.79565,TRAJECTORY_DEGRADATION
2018-02-01,0,0.18699351308800044,0.18699351308800044,0.0365,0.902725,NONE
2018-03-01,0,0.08301009497497892,0.08590957290539929,0.113,0.84345,TRAJECTORY_DEGRADATION
2018-03-01,0,0.023738385008352587,0.02462314067529123,0.113,0.84345,TRAJECTORY_DEGRADATION
2018-05-01,0,0.04809072824974867,0.05230799519601876,0.147,0.78605,TRAJECTORY_DEGRADATION
2018-02-01,0,0.15895476676868053,0.15895476676868056,0.0365,0.902725,NONE
2018-07-01,0,0.1765944331090337,0.1794478096176883,0.101,0.79565,TRAJECTORY_DEGRADATION
2018-01-01,0,0.05461013365978104,0.05461013365978104,0.039,0.89535,NONE
2018-04-01,0,0.14653641195488698,0.15765521668573712,0.1455,0.825575,MIXED
2018-01-01,1,0.38291916813522864,0.38291916813522864,0.039,0.89535,NONE
2018-08-01,0,0.058303186380329705,0.05988778852285415,0.107,0.79355,TRAJECTORY_DEGRADATION
2018-06-01,0,0.3268875228712414,0.3338559560577294,0.109,0.79285,TRAJECTORY_DEGRADATION
2018-05-01,0,0.20450441720764231,0.2192785275626442,0.147,0.78605,TRAJECTORY_DEGRADATION
2018-06-01,0,0.19531185378018778,0.20031011388438624,0.109,0.79285,TRAJECTORY_DEGRADATION
2018-03-01,0,0.14720172495490375,0.15197177507447887,0.113,0.84345,TRAJECTORY_DEGRADATION
2018-07-01,0,0.03304460725615728,0.033673389685143995,0.101,0.79565,TRAJECTORY_DEGRADATION
2018-02-01,0,0.15190105953881167,0.15190105953881167,0.0365,0.902725,NONE
2018-03-01,0,0.11606965503575538,0.11997279860201904,0.113,0.84345,TRAJECTORY_DEGRADATION
2018-12-01,0,0.3503241922130365,0.38784862095603584,0.1955,0.7170749999999999,TRANSITIONAL
2018-04-01,0,0.22292418991599236,0.238221275469595,0.1455,0.825575,MIXED
2018-02-01,1,0.22068361327025188,0.22068361327025188,0.0365,0.902725,NONE
2018-03-01,1,0.28612115732178567,0.2938417694427508,0.113,0.84345,TRAJECTORY_DEGRADATION
2018-01-01,0,0.057232728481353176,0.057232728481353176,0.039,0.89535,NONE
2018-01-01,0,0.14581762920765315,0.14581762920765315,0.039,0.89535,NONE
2018-01-01,1,0.08313394391205227,0.08313394391205227,0.039,0.89535,NONE
2018-02-01,0,0.03752291344482543,0.03752291344482543,0.0365,0.902725,NONE
2018-02-01,0,0.15500471298763788,0.15500471298763788,0.0365,0.902725,NONE
2018-01-01,0,0.11996610419636576,0.11996610419636576,0.039,0.89535,NONE
2018-05-01,1,0.17090034948377655,0.18380772520953007,0.147,0.78605,TRAJECTORY_DEGRADATION
2018-05-01,0,0.4030419222544001,0.42450510953656057,0.147,0.78605,TRAJECTORY_DEGRADATION
2018-06-01,0,0.43815787922395255,0.4459269009873128,0.109,0.79285,TRAJECTORY_DEGRADATION
2018-03-01,0,0.20412406581670406,0.21028384253208243,0.113,0.84345,TRAJECTORY_DEGRADATION
2018-02-01,0,0.059720612856434166,0.059720612856434166,0.0365,0.902725,NONE
2018-05-01,1,0.11112868877915068,0.12017610281745895,0.147,0.78605,TRAJECTORY_DEGRADATION
2018-08-01,0,0.0509672425931518,0.05236355034669659,0.107,0.79355,TRAJECTORY_DEGRADATION
2018-04-01,0,0.14320430386027835,0.15411593244142274,0.1455,0.825575,MIXED
2018-01-01,0,0.043330947464234944,0.043330947464234944,0.039,0.89535,NONE
2018-11-01,0,0.19401666328576228,0.23364027653122713,0.2455,0.732075,MIXED
2018-04-01,0,0.06792182151337844,0.07358989233801666,0.1455,0.825575,MIXED
2018-06-01,0,0.20608087437077185,0.21128236578963597,0.109,0.79285,TRAJECTORY_DEGRADATION
2018-04-01,1,0.1225845770458755,0.1321674215629325,0.1455,0.825575,MIXED
2018-01-01,0,0.33968468120968076,0.33968468120968076,0.039,0.89535,NONE
2018-04-01,0,0.10630742281759335,0.11478428967628546,0.1455,0.825575,MIXED
2018-01-01,0,0.02834259426789816,0.02834259426789816,0.039,0.89535,NONE
2018-03-01,0,0.4131593090228543,0.42228014347348963,0.113,0.84345,TRAJECTORY_DEGRADATION
2018-02-01,0,0.23928280927716367,0.23928280927716367,0.0365,0.902725,NONE
2018-09-01,0,0.043393540136142696,0.04395739960884484,0.097,0.79705,TRAJECTORY_DEGRADATION
2018-01-01,1,0.19953356334196848,0.19953356334196848,0.039,0.89535,NONE
2018-03-01,1,0.0569354954039066,0.058982790309792324,0.113,0.84345,TRAJECTORY_DEGRADATION
2018-12-01,0,0.1791345812183449,0.2040824049183126,0.1955,0.7170749999999999,TRANSITIONAL
2018-04-01,0,0.11150078585710137,0.12033600657342423,0.1455,0.825575,MIXED
2018-11-01,0,0.11123361412177779,0.13682062052432706,0.2455,0.732075,MIXED
2018-07-01,0,0.07631190706479428,0.07769783738898349,0.101,0.79565,TRAJECTORY_DEGRADATION
2018-03-01,0,0.05370733867678849,0.05564540424845888,0.113,0.84345,TRAJECTORY_DEGRADATION
2018-07-01,0,0.2241442388321731,0.22755359052157595,0.101,0.79565,TRAJECTORY_DEGRADATION
2018-03-01,0,0.039915135014749366,0.041377261905696926,0.113,0.84345,TRAJECTORY_DEGRADATION
2018-05-01,0,0.2723102296385079,0.29019589032959314,0.147,0.78605,TRAJECTORY_DEGRADATION
2018-05-01,0,0.07187244385183396,0.07800432625026084,0.147,0.78605,TRAJECTORY_DEGRADATION
2018-08-01,1,0.5323592614098988,0.5394474017075591,0.107,0.79355,TRAJECTORY_DEGRADATION
2018-05-01,0,0.20760792191176403,0.22254351703732164,0.147,0.78605,TRAJECTORY_DEGRADATION
2018-03-01,0,0.40617722415828583,0.4152529906294504,0.113,0.84345,TRAJECTORY_DEGRADATION
2018-02-01,1,0.32808845155884575,0.3280884515588458,0.0365,0.902725,NONE
2018-05-01,0,0.6699138360995639,0.6891814693946909,0.147,0.78605,TRAJECTORY_DEGRADATION
2018-05-01,0,0.2644054589257926,0.2819731080561721,0.147,0.78605,TRAJECTORY_DEGRADATION
2018-08-01,0,0.06197457835048854,0.06365221930894713,0.107,0.79355,TRAJECTORY_DEGRADATION
2018-06-01,1,0.343914797218874,0.3510569005286319,0.109,0.79285,TRAJECTORY_DEGRADATION
2018-10-01,0,0.08460518504416693,0.08460518504416693,0.0805,0.809325,NONE
2018-07-01,0,0.0714541770203254,0.07275883354211932,0.101,0.79565,TRAJECTORY_DEGRADATION
2018-11-01,0,0.1244001130419523,0.1524961350914756,0.2455,0.732075,MIXED
2018-03-01,1,0.1646343281060384,0.1698567645671521,0.113,0.84345,TRAJECTORY_DEGRADATION
2018-04-01,0,0.14270732803592526,0.153587877034165,0.1455,0.825575,MIXED
2018-01-01,0,0.02859181611226051,0.02859181611226051,0.039,0.89535,NONE
2018-08-01,0,0.18820805687784503,0.19260119207993884,0.107,0.79355,TRAJECTORY_DEGRADATION
2018-07-01,0,0.05926354958749765,0.060360090847182774,0.101,0.79565,TRAJECTORY_DEGRADATION
2018-08-01,0,0.13281414471170788,0.13613110613422402,0.107,0.79355,TRAJECTORY_DEGRADATION
2018-04-01,1,0.22890216996360851,0.24448040674453209,0.1455,0.825575,MIXED
2018-08-01,1,0.1223856656090932,0.1254798673104362,0.107,0.79355,TRAJECTORY_DEGRADATION
2018-06-01,0,0.020896043651977485,0.021550335038160166,0.109,0.79285,TRAJECTORY_DEGRADATION
2018-03-01,0,0.06497555106128793,0.06729132266661488,0.113,0.84345,TRAJECTORY_DEGRADATION
2018-10-01,0,0.1205985703644916,0.1205985703644916,0.0805,0.809325,NONE
2018-06-01,0,0.02096550038704652,0.021621918556965828,0.109,0.79285,TRAJECTORY_DEGRADATION
2018-02-01,0,0.02369445488641125,0.02369445488641125,0.0365,0.902725,NONE
2018-05-01,0,0.3538997801174299,0.3743872535305248,0.147,0.78605,TRAJECTORY_DEGRADATION
2018-07-01,0,0.04571757332304922,0.04657588528611283,0.101,0.79565,TRAJECTORY_DEGRADATION
2018-01-01,0,0.06337352934642383,0.06337352934642383,0.039,0.89535,NONE
2018-12-01,0,0.27124035633332744,0.30426101801609506,0.1955,0.7170749999999999,TRANSITIONAL
2018-07-01,0,0.08022561392004722,0.08167633755814041,0.101,0.79565,TRAJECTORY_DEGRADATION
2018-01-01,0,0.05803433046321548,0.05803433046321548,0.039,0.89535,NONE
2018-04-01,0,0.5221149320130413,0.5435809994180097,0.1455,0.825575,MIXED
2018-03-01,1,0.18976406880441235,0.19559700730176,0.113,0.84345,TRAJECTORY_DEGRADATION
2018-08-01,0,0.19291054735461186,0.19738675833491665,0.107,0.79355,TRAJECTORY_DEGRADATION
2018-04-01,0,0.128969646550935,0.13897257479906963,0.1455,0.825575,MIXED
2018-12-01,0,0.3297179253302283,0.3662795438212144,0.1955,0.7170749999999999,TRANSITIONAL
2018-04-01,0,0.10414254391022965,0.11246850951628082,0.1455,0.825575,MIXED
2018-11-01,0,0.10125942059691657,0.12487443324975273,0.2455,0.732075,MIXED
2018-09-01,0,0.04194571576798305,0.042491597747150826,0.097,0.79705,TRAJECTORY_DEGRADATION
2018-08-01,0,0.04781333581243596,0.049127711416591016,0.107,0.79355,TRAJECTORY_DEGRADATION
2018-04-01,0,0.1924690525016855,0.20623093162422612,0.1455,0.825575,MIXED
2018-11-01,0,0.017711278000813808,0.02232579689558721,0.2455,0.732075,MIXED
2018-05-01,0,0.20420145881809837,0.21895970672573659,0.147,0.78605,TRAJECTORY_DEGRADATION
2018-07-01,0,0.1540832685630942,0.15664210931479328,0.101,0.79565,TRAJECTORY_DEGRADATION
2018-06-01,0,0.15126221231409173,0.15535082017921814,0.109,0.79285,TRAJECTORY_DEGRADATION
2018-10-01,0,0.19026670856339636,0.19026670856339634,0.0805,0.809325,NONE
2018-06-01,0,0.05111428530857265,0.05266386901526076,0.109,0.79285,TRAJECTORY_DEGRADATION
2018-03-01,0,0.20197348865312795,0.20808533585155217,0.113,0.84345,TRAJECTORY_DEGRADATION
2018-06-01,0,0.2273175660969298,0.232897831500033,0.109,0.79285,TRAJECTORY_DEGRADATION
2018-02-01,0,0.16114201310347395,0.16114201310347395,0.0365,0.902725,NONE
2018-09-01,0,0.08221266895508388,0.08323705664718883,0.097,0.79705,TRAJECTORY_DEGRADATION
2018-01-01,0,0.16113142989034543,0.16113142989034543,0.039,0.89535,NONE
2018-09-01,0,0.027751718657502013,0.02811830125344019,0.097,0.79705,TRAJECTORY_DEGRADATION
2018-07-01,0,0.37860909645112567,0.38320748854488074,0.101,0.79565,TRAJECTORY_DEGRADATION
2018-01-01,0,0.16898592032569038,0.16898592032569038,0.039,0.89535,NONE
2018-08-01,0,0.15665800064344507,0.16046026309559122,0.107,0.79355,TRAJECTORY_DEGRADATION
2018-04-01,1,0.2217156152494414,0.2369550570220197,0.1455,0.825575,MIXED
2018-02-01,0,0.11655948912574243,0.11655948912574243,0.0365,0.902725,NONE
2018-01-01,0,0.28312673591077914,0.28312673591077914,0.039,0.89535,NONE
2018-04-01,0,0.03556301334937717,0.03864269653617909,0.1455,0.825575,MIXED
2018-04-01,0,0.1173961030313653,0.12663188501533462,0.1455,0.825575,MIXED
2018-01-01,0,0.16527162525952982,0.16527162525952982,0.039,0.89535,NONE
2018-01-01,0,0.04298368294957336,0.04298368294957336,0.039,0.89535,NONE
2018-02-01,0,0.2726674124789642,0.2726674124789642,0.0365,0.902725,NONE
2018-02-01,0,0.060741430979192004,0.060741430979192004,0.0365,0.902725,NONE
2018-03-01,1,0.22735775403023287,0.23401249554797496,0.113,0.84345,TRAJECTORY_DEGRADATION
2018-06-01,0,0.25040882413620197,0.25636786583448584,0.109,0.79285,TRAJECTORY_DEGRADATION
2018-07-01,1,0.35252224987386443,0.3569858259670541,0.101,0.79565,TRAJECTORY_DEGRADATION
2018-01-01,1,0.27109482756592373,0.27109482756592373,0.039,0.89535,NONE
2018-04-01,0,0.22737075291053002,0.24287759475307807,0.1455,0.825575,MIXED
2018-03-01,0,0.08991836050638824,0.09303465726266578,0.113,0.84345,TRAJECTORY_DEGRADATION
2018-01-01,0,0.057203564433581794,0.057203564433581794,0.039,0.89535,NONE
2018-12-01,0,0.16776587396745254,0.19149976276879443,0.1955,0.7170749999999999,TRANSITIONAL
2018-06-01,0,0.36337066563715026,0.37068852672516894,0.109,0.79285,TRAJECTORY_DEGRADATION
2018-06-01,0,0.06931269357943176,0.07137248370413952,0.109,0.79285,TRAJECTORY_DEGRADATION
2018-01-01,0,0.1692967867566515,0.1692967867566515,0.039,0.89535,NONE
2018-02-01,1,0.6043532466387167,0.6043532466387167,0.0365,0.902725,NONE
2018-06-01,0,0.08067461680921124,0.08304192628848821,0.109,0.79285,TRAJECTORY_DEGRADATION
2018-02-01,0,0.23465769588771956,0.23465769588771956,0.0365,0.902725,NONE
2018-04-01,0,0.16749812404335707,0.1798722382455535,0.1455,0.825575,MIXED
2018-04-01,0,0.1397725266614501,0.15046858878438485,0.1455,0.825575,MIXED
2018-07-01,0,0.1470514184567667,0.14951412229931815,0.101,0.79565,TRAJECTORY_DEGRADATION
2018-01-01,0,0.12734577533207472,0.1273457753320747,0.039,0.89535,NONE
2018-08-01,0,0.0908639280107507,0.093245859736364,0.107,0.79355,TRAJECTORY_DEGRADATION
2018-03-01,0,0.14213862833854563,0.14677284702356314,0.113,0.84345,TRAJECTORY_DEGRADATION
2018-01-01,0,0.17801045372122581,0.17801045372122581,0.039,0.89535,NONE
2018-03-01,0,0.08717633771662098,0.09020702366892214,0.113,0.84345,TRAJECTORY_DEGRADATION
2018-02-01,0,0.2151319873493259,0.2151319873493259,0.0365,0.902725,NONE
2018-07-01,0,0.11063240072764141,0.11256567922583392,0.101,0.79565,TRAJECTORY_DEGRADATION
2018-02-01,0,0.15131003476883664,0.15131003476883664,0.0365,0.902725,NONE
2018-06-01,0,0.19646673880139448,0.20148715348159824,0.109,0.79285,TRAJECTORY_DEGRADATION
2018-05-01,0,0.25893848459587543,0.2762793235151307,0.147,0.78605,TRAJECTORY_DEGRADATION
2018-03-01,0,0.15983977134328273,0.16494014730296652,0.113,0.84345,TRAJECTORY_DEGRADATION
2018-01-01,1,0.5046015439088518,0.5046015439088518,0.039,0.89535,NONE
2018-07-01,0,0.21039970406136813,0.2136575661838439,0.101,0.79565,TRAJECTORY_DEGRADATION
2018-02-01,0,0.12607576472968685,0.12607576472968685,0.0365,0.902725,NONE
2018-04-01,0,0.17791090726108172,0.1908779008652502,0.1455,0.825575,MIXED
2018-07-01,0,0.2863228448204955,0.29032406034603253,0.101,0.79565,TRAJECTORY_DEGRADATION
2018-04-01,0,0.029547237353368363,0.03212331866397574,0.1455,0.825575,MIXED
2018-01-01,1,0.4768132708995805,0.4768132708995805,0.039,0.89535,NONE
2018-11-01,0,0.12323699406861897,0.1511156602158159,0.2455,0.732075,MIXED
2018-01-01,0,0.2539368688388047,0.2539368688388047,0.039,0.89535,NONE
2018-03-01,0,0.11727205479833774,0.12121008764015734,0.113,0.84345,TRAJECTORY_DEGRADATION
2018-01-01,0,0.12995695933627882,0.12995695933627882,0.039,0.89535,NONE
2018-06-01,1,0.4006627794347263,0.40825005526056224,0.109,0.79285,TRAJECTORY_DEGRADATION
2018-08-01,0,0.031563860903007286,0.03244676441605615,0.107,0.79355,TRAJECTORY_DEGRADATION
2018-06-01,1,0.09840741724599163,0.10123777472820097,0.109,0.79285,TRAJECTORY_DEGRADATION
2018-10-01,0,0.18337255186401488,0.1833725518640149,0.0805,0.809325,NONE
2018-04-01,0,0.04081941999477293,0.044333372676920106,0.1455,0.825575,MIXED
2018-05-01,0,0.04081614487991731,0.04442524700476065,0.147,0.78605,TRAJECTORY_DEGRADATION
2018-02-01,1,0.12886403022651244,0.12886403022651244,0.0365,0.902725,NONE
2018-03-01,0,0.1814587641726002,0.18709536505726063,0.113,0.84345,TRAJECTORY_DEGRADATION
2018-05-01,1,0.563786792967802,0.5854154963444247,0.147,0.78605,TRAJECTORY_DEGRADATION
2018-02-01,0,0.2519783631366135,0.2519783631366135,0.0365,0.902725,NONE
2018-09-01,0,0.3887405203332852,0.3919531849033217,0.097,0.79705,TRAJECTORY_DEGRADATION
2018-10-01,0,0.17075296158462172,0.17075296158462172,0.0805,0.809325,NONE
2018-01-01,0,0.0884545583097824,0.0884545583097824,0.039,0.89535,NONE
2018-09-01,0,0.12900222503582318,0.13052670598801275,0.097,0.79705,TRAJECTORY_DEGRADATION
2018-04-01,1,0.3811790271577531,0.4017216066075867,0.1455,0.825575,MIXED
2018-06-01,0,0.0348577224823618,0.03593313431776309,0.109,0.79285,TRAJECTORY_DEGRADATION
2018-04-01,1,0.2954252086862163,0.3136890095763024,0.1455,0.825575,MIXED
2018-10-01,0,0.09318805645463593,0.09318805645463593,0.0805,0.809325,NONE
2018-07-01,0,0.23688726233960558,0.24043037662057698,0.101,0.79565,TRAJECTORY_DEGRADATION
2018-09-01,0,0.1323311192566751,0.13388889217128924,0.097,0.79705,TRAJECTORY_DEGRADATION
2018-10-01,0,0.06630663123650321,0.06630663123650321,0.0805,0.809325,NONE
2018-04-01,1,0.4515849571558649,0.4730215131166297,0.1455,0.825575,MIXED
2018-08-01,0,0.10897188495574707,0.11177014508246809,0.107,0.79355,TRAJECTORY_DEGRADATION
2018-06-01,0,0.4298603804536425,0.4375968673961083,0.109,0.79285,TRAJECTORY_DEGRADATION
2018-04-01,0,0.36509356043946206,0.3853090224246444,0.1455,0.825575,MIXED
2018-03-01,1,0.1179076785963942,0.12186410920099609,0.113,0.84345,TRAJECTORY_DEGRADATION
2018-10-01,0,0.09180222162025334,0.09180222162025334,0.0805,0.809325,NONE
2018-06-01,0,0.03930081834876755,0.040507553048550325,0.109,0.79285,TRAJECTORY_DEGRADATION
2018-11-01,0,0.218852573158979,0.26190019092693867,0.2455,0.732075,MIXED
2018-04-01,0,0.19333245179557323,0.20714022992763753,0.1455,0.825575,MIXED
2018-03-01,0,0.13128234532458433,0.13561856716085796,0.113,0.84345,TRAJECTORY_DEGRADATION
2018-04-01,0,0.10717379131461732,0.11571079710369853,0.1455,0.825575,MIXED
2018-01-01,0,0.42240067429432243,0.4224006742943225,0.039,0.89535,NONE
2018-05-01,0,0.07672064909975754,0.0832290698931565,0.147,0.78605,TRAJECTORY_DEGRADATION
2018-06-01,0,0.051712483542903205,0.053279183996085194,0.109,0.79285,TRAJECTORY_DEGRADATION
2018-04-01,0,0.3790505686718,0.3995525035713564,0.1455,0.825575,MIXED
2018-06-01,0,0.06166850714894217,0.06351663558540138,0.109,0.79285,TRAJECTORY_DEGRADATION
2018-02-01,0,0.18748841689551105,0.18748841689551107,0.0365,0.902725,NONE
2018-01-01,0,0.20548703039810626,0.20548703039810626,0.039,0.89535,NONE
2018-02-01,0,0.20237565200717772,0.20237565200717772,0.0365,0.902725,NONE
2018-01-01,0,0.11174106981289159,0.11174106981289159,0.039,0.89535,NONE
2018-06-01,0,0.14305175310645216,0.14695685910641737,0.109,0.79285,TRAJECTORY_DEGRADATION
2018-03-01,0,0.23139738300371182,0.23813392181268442,0.113,0.84345,TRAJECTORY_DEGRADATION
2018-08-01,0,0.1303663182286567,0.13363156700105777,0.107,0.79355,TRAJECTORY_DEGRADATION
2018-01-01,0,0.04986636251158085,0.04986636251158085,0.039,0.89535,NONE
2018-02-01,0,0.08608080093121488,0.08608080093121488,0.0365,0.902725,NONE
2018-03-01,0,0.1741410730698624,0.1796002412798859,0.113,0.84345,TRAJECTORY_DEGRADATION
2018-01-01,0,0.27061140929882976,0.27061140929882976,0.039,0.89535,NONE
2018-01-01,0,0.07227700808738635,0.07227700808738635,0.039,0.89535,NONE
2018-05-01,0,0.1015920004490017,0.1099590439176258,0.147,0.78605,TRAJECTORY_DEGRADATION
2018-04-01,0,0.4591043188708537,0.4805850226360335,0.1455,0.825575,MIXED
2018-05-01,0,0.01762209604133116,0.019221400200020448,0.147,0.78605,TRAJECTORY_DEGRADATION
2018-05-01,0,0.07228867142658456,0.07845306309125492,0.147,0.78605,TRAJECTORY_DEGRADATION
2018-05-01,0,0.20278293064841488,0.2174666731285602,0.147,0.78605,TRAJECTORY_DEGRADATION
2018-05-01,1,0.49986251051190206,0.5219733482957026,0.147,0.78605,TRAJECTORY_DEGRADATION
2018-03-01,1,0.21863984093906122,0.2251137558937304,0.113,0.84345,TRAJECTORY_DEGRADATION
2018-05-01,1,0.09503516285194274,0.10292405567324113,0.147,0.78605,TRAJECTORY_DEGRADATION
2018-02-01,0,0.08998962458770393,0.08998962458770393,0.0365,0.902725,NONE
2018-02-01,0,0.3030872347735215,0.3030872347735215,0.0365,0.902725,NONE
2018-06-01,0,0.15340139317835083,0.1575370904423038,0.109,0.79285,TRAJECTORY_DEGRADATION
2018-03-01,1,0.20217035930441926,0.20828660903253007,0.113,0.84345,TRAJECTORY_DEGRADATION
2018-03-01,0,0.11276548051737513,0.11657216594145993,0.113,0.84345,TRAJECTORY_DEGRADATION
2018-07-01,0,0.20583160695473218,0.20903746171453907,0.101,0.79565,TRAJECTORY_DEGRADATION
2018-06-01,0,0.023342615934587595,0.02407163034724748,0.109,0.79285,TRAJECTORY_DEGRADATION
2018-11-01,0,0.05591688247890707,0.06977843032969472,0.2455,0.732075,MIXED
2018-06-01,0,0.24932874339258065,0.25527083519498006,0.109,0.79285,TRAJECTORY_DEGRADATION
2018-08-01,0,0.10756008026408875,0.11032657590207834,0.107,0.79355,TRAJECTORY_DEGRADATION
2018-04-01,0,0.019926111005475762,0.021682113782076507,0.1455,0.825575,MIXED
2018-04-01,0,0.12044392348911356,0.12988419770406026,0.1455,0.825575,MIXED
2018-06-01,0,0.022393296269955454,0.023093363474379264,0.109,0.79285,TRAJECTORY_DEGRADATION
2018-07-01,0,0.16384384265303187,0.16653286534874073,0.101,0.79565,TRAJECTORY_DEGRADATION
2018-01-01,0,0.25252194477693574,0.25252194477693574,0.039,0.89535,NONE
2018-02-01,0,0.13565631872982548,0.13565631872982545,0.0365,0.902725,NONE
2018-05-01,0,0.12978336277340213,0.14011012974941622,0.147,0.78605,TRAJECTORY_DEGRADATION
2018-01-01,0,0.07414231034804372,0.07414231034804372,0.039,0.89535,NONE
2018-01-01,0,0.035413132697540976,0.035413132697540976,0.039,0.89535,NONE
2018-02-01,0,0.20047248638518075,0.20047248638518075,0.0365,0.902725,NONE
2018-05-01,0,0.23235088665904338,0.24850827117900018,0.147,0.78605,TRAJECTORY_DEGRADATION
2018-02-01,0,0.06734411232949669,0.06734411232949669,0.0365,0.902725,NONE
2018-06-01,0,0.5669554150582689,0.5746722859921441,0.109,0.79285,TRAJECTORY_DEGRADATION
2018-08-01,0,0.2709344813793723,0.27660066494526536,0.107,0.79355,TRAJECTORY_DEGRADATION
2018-04-01,0,0.017633643554746798,0.019191577011156355,0.1455,0.825575,MIXED
2018-01-01,0,0.22289353232203574,0.22289353232203574,0.039,0.89535,NONE
2018-05-01,0,0.15062180575339715,0.16229743290411172,0.147,0.78605,TRAJECTORY_DEGRADATION
2018-07-01,0,0.22575236816363672,0.2291789549945931,0.101,0.79565,TRAJECTORY_DEGRADATION
2018-06-01,0,0.10408953836044027,0.10706391596830843,0.109,0.79285,TRAJECTORY_DEGRADATION
2018-03-01,0,0.10554254588808953,0.10913539522713171,0.113,0.84345,TRAJECTORY_DEGRADATION
2018-05-01,0,0.05035133122711631,0.054755436252979704,0.147,0.78605,TRAJECTORY_DEGRADATION
2018-01-01,1,0.5747284119460944,0.5747284119460944,0.039,0.89535,NONE
2018-04-01,0,0.11269267372556305,0.12160941193004328,0.1455,0.825575,MIXED
2018-02-01,0,0.16845071847092072,0.16845071847092072,0.0365,0.902725,NONE
2018-05-01,1,0.29776139938712537,0.3165914432037046,0.147,0.78605,TRAJECTORY_DEGRADATION
2018-03-01,0,0.24431067212972057,0.25130023269691765,0.113,0.84345,TRAJECTORY_DEGRADATION
2018-04-01,1,0.47354971426191417,0.49508765736524735,0.1455,0.825575,MIXED
2018-08-01,0,0.1970956065134241,0.20164466405403147,0.107,0.79355,TRAJECTORY_DEGRADATION
2018-03-01,1,0.2832487883255402,0.29092347937457724,0.113,0.84345,TRAJECTORY_DEGRADATION
2018-03-01,0,0.2229927390016087,0.22955767641676725,0.113,0.84345,TRAJECTORY_DEGRADATION
2018-05-01,0,0.07564684335521447,0.08207226782096694,0.147,0.78605,TRAJECTORY_DEGRADATION
2018-01-01,0,0.19860503558075762,0.19860503558075762,0.039,0.89535,NONE
2018-05-01,0,0.22101666961030195,0.23662884063084894,0.147,0.78605,TRAJECTORY_DEGRADATION
2018-07-01,1,0.23716938336455523,0.24071538627054362,0.101,0.79565,TRAJECTORY_DEGRADATION
2018-08-01,0,0.2004814358668865,0.2050886786763408,0.107,0.79355,TRAJECTORY_DEGRADATION
2018-02-01,0,0.1339038699774227,0.1339038699774227,0.0365,0.902725,NONE
2018-02-01,0,0.09621714042150038,0.09621714042150038,0.0365,0.902725,NONE
2018-02-01,0,0.5267778383720967,0.5267778383720967,0.0365,0.902725,NONE
2018-10-01,0,0.16713414774709914,0.16713414774709914,0.0805,0.809325,NONE
2018-05-01,0,0.12206339160905579,0.13186897040562623,0.147,0.78605,TRAJECTORY_DEGRADATION
2018-12-01,0,0.11720814183684998,0.13494940019818952,0.1955,0.7170749999999999,TRANSITIONAL
2018-01-01,0,0.03246964959376151,0.03246964959376151,0.039,0.89535,NONE
2018-06-01,0,0.2916029987287118,0.29815242767498934,0.109,0.79285,TRAJECTORY_DEGRADATION
2018-11-01,0,0.04795283116593839,0.059965524967689234,0.2455,0.732075,MIXED
2018-01-01,1,0.176431771979385,0.17643177197938498,0.039,0.89535,NONE
2018-09-01,0,0.11996194647733537,0.1213944839250812,0.097,0.79705,TRAJECTORY_DEGRADATION
2018-01-01,0,0.2495225708068227,0.2495225708068227,0.039,0.89535,NONE
2018-02-01,0,0.17713443887356659,0.17713443887356659,0.0365,0.902725,NONE
2018-02-01,0,0.18895840613402654,0.18895840613402656,0.0365,0.902725,NONE
2018-03-01,0,0.18200900326564007,0.1876587775742152,0.113,0.84345,TRAJECTORY_DEGRADATION
2018-03-01,0,0.20484340630314182,0.21101913480891776,0.113,0.84345,TRAJECTORY_DEGRADATION
2018-03-01,0,0.24283047618211712,0.24979168720973569,0.113,0.84345,TRAJECTORY_DEGRADATION
2018-03-01,0,0.01838883418411636,0.019078102574158227,0.113,0.84345,TRAJECTORY_DEGRADATION
2018-04-01,1,0.33739064051513823,0.3569345248554042,0.1455,0.825575,MIXED
2018-01-01,0,0.0934384883162024,0.0934384883162024,0.039,0.89535,NONE
2018-07-01,0,0.19807684277059878,0.20119251450459769,0.101,0.79565,TRAJECTORY_DEGRADATION
2018-02-01,0,0.04045338643644343,0.04045338643644343,0.0365,0.902725,NONE
2018-03-01,1,0.15262906322029066,0.15754249553595143,0.113,0.84345,TRAJECTORY_DEGRADATION
2018-07-01,0,0.032126103406981375,0.032738000010665916,0.101,0.79565,TRAJECTORY_DEGRADATION
2018-01-01,0,0.17636691728453052,0.17636691728453052,0.039,0.89535,NONE
2018-07-01,0,0.035277895420144666,0.03594759368671887,0.101,0.79565,TRAJECTORY_DEGRADATION
2018-06-01,1,0.21560010396523183,0.22097498696898385,0.109,0.79285,TRAJECTORY_DEGRADATION
2018-05-01,0,0.02761620474584601,0.030094744152499894,0.147,0.78605,TRAJECTORY_DEGRADATION
2018-02-01,0,0.12878514586416456,0.12878514586416456,0.0365,0.902725,NONE
2018-04-01,0,0.03603996424614523,0.039159273357030594,0.1455,0.825575,MIXED
2018-01-01,0,0.11304075235261547,0.11304075235261547,0.039,0.89535,NONE
2018-04-01,0,0.10682310443082446,0.11533578456043046,0.1455,0.825575,MIXED
2018-09-01,0,0.15041595114580686,0.1521492834855767,0.097,0.79705,TRAJECTORY_DEGRADATION
2018-01-01,0,0.05402236956098825,0.05402236956098825,0.039,0.89535,NONE
2018-12-01,1,0.0855859604677545,0.09907791564445169,0.1955,0.7170749999999999,TRANSITIONAL
2018-02-01,0,0.2815373608468058,0.2815373608468058,0.0365,0.902725,NONE
2018-03-01,0,0.10238572546264055,0.1058838325121104,0.113,0.84345,TRAJECTORY_DEGRADATION
2018-10-01,0,0.22487110994014228,0.22487110994014228,0.0805,0.809325,NONE
2018-03-01,0,0.09554237241991408,0.09883241349095678,0.113,0.84345,TRAJECTORY_DEGRADATION
2018-10-01,0,0.22666650022450635,0.22666650022450632,0.0805,0.809325,NONE
2018-05-01,0,0.30015136322696756,0.31906387522553503,0.147,0.78605,TRAJECTORY_DEGRADATION
2018-01-01,0,0.2818981191250107,0.2818981191250107,0.039,0.89535,NONE
2018-08-01,0,0.33265171186004716,0.3390084442486389,0.107,0.79355,TRAJECTORY_DEGRADATION
2018-09-01,1,0.5113447318883986,0.5147174266347527,0.097,0.79705,TRAJECTORY_DEGRADATION
2018-10-01,0,0.15871859754690487,0.15871859754690487,0.0805,0.809325,NONE
2018-09-01,0,0.15424364933065784,0.15601299060273632,0.097,0.79705,TRAJECTORY_DEGRADATION
2018-06-01,0,0.25318770794737067,0.25919001340058057,0.109,0.79285,TRAJECTORY_DEGRADATION
2018-07-01,0,0.19099679359512511,0.1940280443936034,0.101,0.79565,TRAJECTORY_DEGRADATION
2018-01-01,0,0.029328136100730436,0.029328136100730436,0.039,0.89535,NONE
2018-06-01,0,0.39404136031575226,0.4015872644672043,0.109,0.79285,TRAJECTORY_DEGRADATION
2018-01-01,0,0.19817387461747488,0.19817387461747482,0.039,0.89535,NONE
2018-02-01,0,0.22065781781595387,0.22065781781595387,0.0365,0.902725,NONE
2018-06-01,0,0.1353962392316615,0.1391262895808141,0.109,0.79285,TRAJECTORY_DEGRADATION
2018-04-01,0,0.16448239136820106,0.17668099752410285,0.1455,0.825575,MIXED
2018-03-01,0,0.10159081478922331,0.10506494187250696,0.113,0.84345,TRAJECTORY_DEGRADATION
2018-04-01,0,0.07642886451548965,0.08274382606117342,0.1455,0.825575,MIXED
2018-03-01,0,0.29248824223945286,0.3003083874301258,0.113,0.84345,TRAJECTORY_DEGRADATION
2018-01-01,1,0.45811259239268065,0.45811259239268065,0.039,0.89535,NONE
2018-07-01,0,0.1843552935748538,0.1873055432644666,0.101,0.79565,TRAJECTORY_DEGRADATION
2018-02-01,0,0.19275299277527128,0.19275299277527128,0.0365,0.902725,NONE
2018-03-01,1,0.2739799586075607,0.2815021435764312,0.113,0.84345,TRAJECTORY_DEGRADATION
2018-03-01,1,0.15176001217956153,0.15665063993630066,0.113,0.84345,TRAJECTORY_DEGRADATION
2018-04-01,0,0.5048210735061683,0.5263592625217817,0.1455,0.825575,MIXED
2018-07-01,0,0.1747270468740243,0.17755675692327927,0.101,0.79565,TRAJECTORY_DEGRADATION
2018-03-01,0,0.01848083545807097,0.019173484972394624,0.113,0.84345,TRAJECTORY_DEGRADATION
2018-03-01,1,0.34041251618641716,0.3488821542956397,0.113,0.84345,TRAJECTORY_DEGRADATION
2018-06-01,0,0.12187934759509735,0.12529098111176945,0.109,0.79285,TRAJECTORY_DEGRADATION
2018-03-01,0,0.36695215050395386,0.37570598526175475,0.113,0.84345,TRAJECTORY_DEGRADATION
2018-03-01,1,0.1843864746713384,0.19009289823123912,0.113,0.84345,TRAJECTORY_DEGRADATION
2018-06-01,1,0.10359147919433412,0.10655331734049045,0.109,0.79285,TRAJECTORY_DEGRADATION
2018-05-01,0,0.07958590948542059,0.08631467439461926,0.147,0.78605,TRAJECTORY_DEGRADATION
2018-09-01,0,0.3058821920015792,0.30875597610150407,0.097,0.79705,TRAJECTORY_DEGRADATION
2018-04-01,0,0.17450199353664647,0.18727712956684278,0.1455,0.825575,MIXED
2018-02-01,0,0.24709130663194112,0.24709130663194112,0.0365,0.902725,NONE
2018-05-01,0,0.021487493638563355,0.02342923776613213,0.147,0.78605,TRAJECTORY_DEGRADATION
2018-02-01,0,0.1531384319656943,0.1531384319656943,0.0365,0.902725,NONE
2018-09-01,0,0.09119553959475685,0.09232059686939703,0.097,0.79705,TRAJECTORY_DEGRADATION
2018-08-01,0,0.3930169800953457,0.39983611724336193,0.107,0.79355,TRAJECTORY_DEGRADATION
2018-08-01,0,0.10999901797058662,0.11282031396004295,0.107,0.79355,TRAJECTORY_DEGRADATION
2018-01-01,0,0.15239521386551558,0.15239521386551558,0.039,0.89535,NONE
2018-11-01,0,0.028273211552347792,0.03553998702563188,0.2455,0.732075,MIXED
2018-07-01,0,0.0732323272762844,0.07456684318351511,0.101,0.79565,TRAJECTORY_DEGRADATION
2018-01-01,0,0.17732069794684355,0.17732069794684355,0.039,0.89535,NONE
2018-01-01,0,0.044749621024489816,0.044749621024489816,0.039,0.89535,NONE
2018-05-01,0,0.11325922123647521,0.12245619394784539,0.147,0.78605,TRAJECTORY_DEGRADATION
2018-01-01,0,0.18514168388682317,0.1851416838868232,0.039,0.89535,NONE
2018-08-01,0,0.4508612374854274,0.45792683767984116,0.107,0.79355,TRAJECTORY_DEGRADATION
2018-10-01,0,0.38592829834947856,0.38592829834947856,0.0805,0.809325,NONE
2018-04-01,0,0.10353576608214982,0.11181927614197842,0.1455,0.825575,MIXED
2018-03-01,0,0.19874122755450077,0.20478036341032363,0.113,0.84345,TRAJECTORY_DEGRADATION
2018-01-01,0,0.031983227039076995,0.031983227039076995,0.039,0.89535,NONE
2018-09-01,0,0.10756333418422442,0.10886612821895365,0.097,0.79705,TRAJECTORY_DEGRADATION
2018-07-01,0,0.03787087759074638,0.038587830856930516,0.101,0.79565,TRAJECTORY_DEGRADATION
2018-04-01,0,0.17112810008446655,0.18371120515317096,0.1455,0.825575,MIXED
2018-09-01,0,0.06700808870712849,0.0678570312791464,0.097,0.79705,TRAJECTORY_DEGRADATION
2018-05-01,0,0.19175212457915017,0.20584335384242083,0.147,0.78605,TRAJECTORY_DEGRADATION
2018-04-01,0,0.2521781643482174,0.2687883034008615,0.1455,0.825575,MIXED
2018-03-01,0,0.027806277593102974,0.028838169473137613,0.113,0.84345,TRAJECTORY_DEGRADATION
2018-01-01,0,0.11058345488781998,0.11058345488781998,0.039,0.89535,NONE
2018-12-01,0,0.019900511489078336,0.023301536856456778,0.1955,0.7170749999999999,TRANSITIONAL
2018-01-01,0,0.023567207857558694,0.023567207857558694,0.039,0.89535,NONE
2018-02-01,0,0.15909025079974462,0.15909025079974462,0.0365,0.902725,NONE
2018-03-01,0,0.08754909050289385,0.09059144914144028,0.113,0.84345,TRAJECTORY_DEGRADATION
2018-05-01,0,0.11677253448296504,0.12621419139076256,0.147,0.78605,TRAJECTORY_DEGRADATION
2018-04-01,1,0.19732138561942397,0.21133941456926758,0.1455,0.825575,MIXED
2018-06-01,0,0.17569664739436006,0.1803054084363329,0.109,0.79285,TRAJECTORY_DEGRADATION
2018-01-01,0,0.05757518125226627,0.05757518125226627,0.039,0.89535,NONE
2018-01-01,0,0.01470205401558923,0.01470205401558923,0.039,0.89535,NONE
2018-03-01,0,0.1679796844056696,0.17328622718631384,0.113,0.84345,TRAJECTORY_DEGRADATION
2018-05-01,0,0.3188622446003589,0.33838368357792675,0.147,0.78605,TRAJECTORY_DEGRADATION
2018-04-01,1,0.21404134870445082,0.22890844938192392,0.1455,0.825575,MIXED
2018-03-01,1,0.32858027994859856,0.3369058963537017,0.113,0.84345,TRAJECTORY_DEGRADATION
2018-06-01,0,0.12343170572291673,0.12688051405014522,0.109,0.79285,TRAJECTORY_DEGRADATION
2018-09-01,0,0.044940787794618756,0.045523795562188094,0.097,0.79705,TRAJECTORY_DEGRADATION
2018-02-01,0,0.14172832955534173,0.14172832955534173,0.0365,0.902725,NONE
2018-01-01,0,0.08288295386318692,0.08288295386318692,0.039,0.89535,NONE
2018-01-01,0,0.2691770274677322,0.2691770274677322,0.039,0.89535,NONE
2018-02-01,0,0.06949992868206044,0.06949992868206044,0.0365,0.902725,NONE
2018-06-01,0,0.08767888612753326,0.09023155533891633,0.109,0.79285,TRAJECTORY_DEGRADATION
2018-06-01,0,0.01801755102313765,0.018583422491741435,0.109,0.79285,TRAJECTORY_DEGRADATION
2018-11-01,0,0.1504780145155076,0.1832312739527817,0.2455,0.732075,MIXED
2018-06-01,0,0.36625789547455767,0.37359977991194543,0.109,0.79285,TRAJECTORY_DEGRADATION
2018-11-01,0,0.299181368087881,0.35093105725118556,0.2455,0.732075,MIXED
2018-01-01,0,0.23315935059842027,0.23315935059842027,0.039,0.89535,NONE
2018-05-01,0,0.2957043894389305,0.3144626016533746,0.147,0.78605,TRAJECTORY_DEGRADATION
2018-03-01,1,0.2312262607739247,0.23795936015986935,0.113,0.84345,TRAJECTORY_DEGRADATION
2018-12-01,0,0.24519827364576008,0.27625036764965955,0.1955,0.7170749999999999,TRANSITIONAL
2018-05-01,0,0.07833045148254127,0.08496286916896849,0.147,0.78605,TRAJECTORY_DEGRADATION
2018-08-01,0,0.24986981863503394,0.2552497005406092,0.107,0.79355,TRAJECTORY_DEGRADATION
2018-05-01,0,0.11717022074926131,0.1266394221644464,0.147,0.78605,TRAJECTORY_DEGRADATION
2018-12-01,0,0.2941267764826131,0.32867702697965645,0.1955,0.7170749999999999,TRANSITIONAL
2018-08-01,0,0.026543016447791924,0.02728943455058884,0.107,0.79355,TRAJECTORY_DEGRADATION
2018-06-01,0,0.1014144433224444,0.10432128055365215,0.109,0.79285,TRAJECTORY_DEGRADATION
2018-01-01,1,0.48707212526758653,0.48707212526758653,0.039,0.89535,NONE
2018-04-01,0,0.03550129442970877,0.03857584666626057,0.1455,0.825575,MIXED
2018-12-01,0,0.35402976504868205,0.3917117957979778,0.1955,0.7170749999999999,TRANSITIONAL
2018-04-01,0,0.20611777517476576,0.2205889785832714,0.1455,0.825575,MIXED
2018-05-01,0,0.10609214596856875,0.11478246586542874,0.147,0.78605,TRAJECTORY_DEGRADATION
2018-02-01,0,0.13317530464176877,0.13317530464176877,0.0365,0.902725,NONE
2018-03-01,0,0.04967417555346019,0.05147461848591663,0.113,0.84345,TRAJECTORY_DEGRADATION
2018-01-01,0,0.015134768000641492,0.015134768000641492,0.039,0.89535,NONE
2018-11-01,0,0.18641969954384352,0.2249247794413163,0.2455,0.732075,MIXED
2018-04-01,1,0.1717371142025789,0.18435504022970375,0.1455,0.825575,MIXED
2018-12-01,0,0.5402429701903353,0.5799506548597866,0.1955,0.7170749999999999,TRANSITIONAL
2018-05-01,0,0.030598608269854357,0.03333564043973473,0.147,0.78605,TRAJECTORY_DEGRADATION
2018-05-01,0,0.41182237206839756,0.43341366038869883,0.147,0.78605,TRAJECTORY_DEGRADATION
2018-01-01,0,0.08746355321198854,0.08746355321198854,0.039,0.89535,NONE
2018-02-01,0,0.3923250887138902,0.3923250887138902,0.0365,0.902725,NONE
2018-08-01,0,0.4051437008373017,0.4120304173310398,0.107,0.79355,TRAJECTORY_DEGRADATION
2018-06-01,0,0.22102794053386673,0.22649906590387167,0.109,0.79285,TRAJECTORY_DEGRADATION
2018-01-01,0,0.13255808302955835,0.13255808302955835,0.039,0.89535,NONE
2018-12-01,0,0.17788493211591624,0.20270169499904547,0.1955,0.7170749999999999,TRANSITIONAL
2018-02-01,0,0.18383926858613361,0.18383926858613361,0.0365,0.902725,NONE
2018-04-01,0,0.13950659952359476,0.15018586451005744,0.1455,0.825575,MIXED
2018-10-01,0,0.4049459877662239,0.4049459877662239,0.0805,0.809325,NONE
2018-04-01,0,0.5212486036012905,0.5427195032763927,0.1455,0.825575,MIXED
2018-03-01,0,0.3292790503735624,0.3376134693547925,0.113,0.84345,TRAJECTORY_DEGRADATION
2018-05-01,1,0.12446416739360118,0.134433073677873,0.147,0.78605,TRAJECTORY_DEGRADATION
2018-06-01,1,0.2526069799338512,0.2586002853302661,0.109,0.79285,TRAJECTORY_DEGRADATION
2018-06-01,0,0.02813586596374663,0.029010132049383595,0.109,0.79285,TRAJECTORY_DEGRADATION
2018-07-01,0,0.4853961807582604,0.4902682550228168,0.101,0.79565,TRAJECTORY_DEGRADATION
2018-01-01,0,0.14429724212834413,0.14429724212834413,0.039,0.89535,NONE
2018-05-01,1,0.6253785805658929,0.6458716146888517,0.147,0.78605,TRAJECTORY_DEGRADATION
2018-10-01,1,0.06337430590076824,0.06337430590076824,0.0805,0.809325,NONE
2018-03-01,0,0.31411575772890843,0.322250775180021,0.113,0.84345,TRAJECTORY_DEGRADATION
2018-08-01,0,0.1510500652322631,0.15474119128737007,0.107,0.79355,TRAJECTORY_DEGRADATION
2018-01-01,0,0.07480689834826958,0.07480689834826958,0.039,0.89535,NONE
2018-01-01,0,0.2674610585601291,0.2674610585601291,0.039,0.89535,NONE
2018-07-01,0,0.20114461028933392,0.20429624352567785,0.101,0.79565,TRAJECTORY_DEGRADATION
2018-01-01,0,0.20527510751187544,0.20527510751187547,0.039,0.89535,NONE
2018-07-01,0,0.1261840692565715,0.12834989036045705,0.101,0.79565,TRAJECTORY_DEGRADATION
2018-02-01,1,0.35583330458867596,0.35583330458867596,0.0365,0.902725,NONE
2018-03-01,0,0.1732788160530646,0.17871680280759117,0.113,0.84345,TRAJECTORY_DEGRADATION
2018-01-01,0,0.22431908710599166,0.22431908710599166,0.039,0.89535,NONE
2018-02-01,1,0.0571130714151124,0.0571130714151124,0.0365,0.902725,NONE
2018-07-01,0,0.18827899554763267,0.1912773112799164,0.101,0.79565,TRAJECTORY_DEGRADATION
2018-05-01,0,0.320247837829378,0.33981178560838715,0.147,0.78605,TRAJECTORY_DEGRADATION
2018-10-01,0,0.07711994196683551,0.07711994196683551,0.0805,0.809325,NONE
2018-10-01,0,0.03920932052704356,0.03920932052704356,0.0805,0.809325,NONE
2018-09-01,0,0.041040246840346656,0.04157485639585373,0.097,0.79705,TRAJECTORY_DEGRADATION
2018-03-01,0,0.03883562123206515,0.04025986277855511,0.113,0.84345,TRAJECTORY_DEGRADATION
2018-06-01,0,0.035936360825377496,0.03704377298591746,0.109,0.79285,TRAJECTORY_DEGRADATION
2018-03-01,0,0.11353592397404569,0.11736517724780919,0.113,0.84345,TRAJECTORY_DEGRADATION
2018-05-01,0,0.14294619407603712,0.15413480759008583,0.147,0.78605,TRAJECTORY_DEGRADATION
2018-07-01,0,0.039186765162750326,0.0399275963625094,0.101,0.79565,TRAJECTORY_DEGRADATION
2018-10-01,1,0.251925600046047,0.251925600046047,0.0805,0.809325,NONE
2018-04-01,0,0.029386466199113857,0.03194899210662089,0.1455,0.825575,MIXED
2018-01-01,0,0.11204700650132793,0.11204700650132793,0.039,0.89535,NONE
2018-06-01,0,0.02255269660223983,0.023257628483728046,0.109,0.79285,TRAJECTORY_DEGRADATION
2018-05-01,0,0.13935314798561696,0.1503098509643114,0.147,0.78605,TRAJECTORY_DEGRADATION
2018-10-01,0,0.4102359889979717,0.4102359889979717,0.0805,0.809325,NONE
2018-06-01,0,0.1694854350709321,0.17396565295755492,0.109,0.79285,TRAJECTORY_DEGRADATION
2018-03-01,0,0.29483335206051137,0.3026893729563875,0.113,0.84345,TRAJECTORY_DEGRADATION
2018-01-01,0,0.10060358741937558,0.10060358741937558,0.039,0.89535,NONE
2018-05-01,0,0.47737078367118363,0.4994803141730336,0.147,0.78605,TRAJECTORY_DEGRADATION
2018-03-01,0,0.11301308063449081,0.1168270238373987,0.113,0.84345,TRAJECTORY_DEGRADATION
2018-06-01,1,0.5284676599605599,0.5363094517316804,0.109,0.79285,TRAJECTORY_DEGRADATION
2018-07-01,0,0.11638526812317351,0.11840569274302397,0.101,0.79565,TRAJECTORY_DEGRADATION
2018-03-01,0,0.06381536254361797,0.06609270710196692,0.113,0.84345,TRAJECTORY_DEGRADATION
2018-07-01,1,0.23053142327462378,0.23400862490476673,0.101,0.79565,TRAJECTORY_DEGRADATION
2018-01-01,0,0.0494932946801891,0.0494932946801891,0.039,0.89535,NONE
2018-01-01,0,0.2805695164197193,0.2805695164197193,0.039,0.89535,NONE
2018-04-01,1,0.10412359261355979,0.11244823328291659,0.1455,0.825575,MIXED
2018-05-01,0,0.16837438010029873,0.18113265871290282,0.147,0.78605,TRAJECTORY_DEGRADATION
2018-12-01,0,0.1250960642774813,0.14383674488175582,0.1955,0.7170749999999999,TRANSITIONAL
2018-05-01,0,0.3408917721268334,0.3610470108699085,0.147,0.78605,TRAJECTORY_DEGRADATION
2018-05-01,1,0.12346719609463111,0.13336841405023775,0.147,0.78605,TRAJECTORY_DEGRADATION
2018-05-01,0,0.043978784120518755,0.04785358577083768,0.147,0.78605,TRAJECTORY_DEGRADATION
2018-03-01,0,0.1309490407591334,0.13527596793834282,0.113,0.84345,TRAJECTORY_DEGRADATION
2018-05-01,0,0.0584403696550159,0.06350468899502854,0.147,0.78605,TRAJECTORY_DEGRADATION
2018-05-01,1,0.2620621771249182,0.279533298452721,0.147,0.78605,TRAJECTORY_DEGRADATION
2018-03-01,0,0.15333973389852312,0.1582717709837799,0.113,0.84345,TRAJECTORY_DEGRADATION
2018-12-01,0,0.3987675453905874,0.43798275787021923,0.1955,0.7170749999999999,TRANSITIONAL
2018-02-01,0,0.23964418197359189,0.23964418197359194,0.0365,0.902725,NONE
2018-01-01,0,0.4913467479882353,0.4913467479882353,0.039,0.89535,NONE
2018-11-01,0,0.09823522684378423,0.12124010065876409,0.2455,0.732075,MIXED
2018-02-01,0,0.057608948936196364,0.057608948936196364,0.0365,0.902725,NONE
2018-05-01,0,0.023667292824350702,0.02580082336444557,0.147,0.78605,TRAJECTORY_DEGRADATION
2018-01-01,0,0.4022463273592885,0.40224632735928845,0.039,0.89535,NONE
2018-11-01,0,0.09770010693188838,0.12059642443327195,0.2455,0.732075,MIXED
2018-08-01,0,0.08641572853982905,0.08869242969611542,0.107,0.79355,TRAJECTORY_DEGRADATION
2018-01-01,0,0.22878161729666777,0.22878161729666777,0.039,0.89535,NONE
2018-07-01,0,0.13233623571896733,0.1345913878956593,0.101,0.79565,TRAJECTORY_DEGRADATION
2018-03-01,0,0.028928618441452187,0.03000087514900675,0.113,0.84345,TRAJECTORY_DEGRADATION
2018-05-01,1,0.4182201852732679,0.439896036307853,0.147,0.78605,TRAJECTORY_DEGRADATION
2018-05-01,0,0.03497047589962051,0.03808320675579061,0.147,0.78605,TRAJECTORY_DEGRADATION
2018-01-01,0,0.20915341006821783,0.20915341006821786,0.039,0.89535,NONE
2018-09-01,0,0.06399204081000502,0.0648054264354977,0.097,0.79705,TRAJECTORY_DEGRADATION
2018-04-01,0,0.05227672583191769,0.056718661670004666,0.1455,0.825575,MIXED
2018-01-01,0,0.02500860824763443,0.02500860824763443,0.039,0.89535,NONE
2018-02-01,0,0.17473202596363738,0.17473202596363735,0.0365,0.902725,NONE
2018-07-01,0,0.40807561013266547,0.412794141881781,0.101,0.79565,TRAJECTORY_DEGRADATION
2018-05-01,0,0.13336550345237028,0.14393015625663289,0.147,0.78605,TRAJECTORY_DEGRADATION
2018-08-01,0,0.3196651498303245,0.32589490750992256,0.107,0.79355,TRAJECTORY_DEGRADATION
2018-02-01,0,0.03848178258738741,0.03848178258738741,0.0365,0.902725,NONE
2018-07-01,0,0.09133557282305649,0.09296689206900943,0.101,0.79565,TRAJECTORY_DEGRADATION
2018-03-01,1,0.07253727124060312,0.07510090101098336,0.113,0.84345,TRAJECTORY_DEGRADATION
2018-04-01,0,0.14404403564314103,0.15500807282009635,0.1455,0.825575,MIXED
2018-02-01,0,0.373717975145341,0.373717975145341,0.0365,0.902725,NONE
2018-07-01,0,0.17874161449570708,0.1816220321805749,0.101,0.79565,TRAJECTORY_DEGRADATION
2018-10-01,0,0.2901157710371123,0.2901157710371123,0.0805,0.809325,NONE
2018-02-01,0,0.0668327091596359,0.06683270915963592,0.0365,0.902725,NONE
2018-04-01,0,0.028671316913006107,0.03117348405644323,0.1455,0.825575,MIXED
2018-04-01,0,0.12055044530331839,0.1299978346037162,0.1455,0.825575,MIXED
2018-04-01,0,0.1877164445060004,0.20122318114354382,0.1455,0.825575,MIXED
2018-01-01,0,0.13499270757676068,0.13499270757676068,0.039,0.89535,NONE
2018-07-01,0,0.05739270600422213,0.05845678243671025,0.101,0.79565,TRAJECTORY_DEGRADATION
2018-08-01,0,0.37677520049928753,0.3834905757207481,0.107,0.79355,TRAJECTORY_DEGRADATION
2018-04-01,0,0.4359264609581661,0.4572394407071299,0.1455,0.825575,MIXED
2018-04-01,1,0.34142792666600924,0.36107823559130886,0.1455,0.825575,MIXED
2018-01-01,0,0.3534272494638101,0.3534272494638101,0.039,0.89535,NONE
2018-03-01,0,0.49805843805814015,0.5074328806938259,0.113,0.84345,TRAJECTORY_DEGRADATION
2018-01-01,1,0.13364715605785235,0.13364715605785235,0.039,0.89535,NONE
2018-02-01,0,0.03607864698947363,0.03607864698947363,0.0365,0.902725,NONE
2018-01-01,0,0.40120599164138204,0.40120599164138204,0.039,0.89535,NONE
2018-01-01,0,0.19438550271279084,0.19438550271279084,0.039,0.89535,NONE
2018-03-01,0,0.03154293732003301,0.03270883138506278,0.113,0.84345,TRAJECTORY_DEGRADATION
2018-01-01,0,0.13833295167560003,0.13833295167560003,0.039,0.89535,NONE
2018-03-01,0,0.02465097854880442,0.025568856749087775,0.113,0.84345,TRAJECTORY_DEGRADATION
2018-07-01,0,0.055601961933413185,0.05663483229638727,0.101,0.79565,TRAJECTORY_DEGRADATION
2018-02-01,0,0.1390574383495653,0.1390574383495653,0.0365,0.902725,NONE
2018-03-01,0,0.3600972698363873,0.36878284056306476,0.113,0.84345,TRAJECTORY_DEGRADATION
2018-10-01,1,0.12140721210789635,0.12140721210789635,0.0805,0.809325,NONE
2018-03-01,1,0.23341826115549455,0.24019524688943117,0.113,0.84345,TRAJECTORY_DEGRADATION
2018-02-01,1,0.46571551733095906,0.46571551733095906,0.0365,0.902725,NONE
2018-01-01,0,0.05006500777847736,0.05006500777847736,0.039,0.89535,NONE
2018-04-01,0,0.18153050453820962,0.1946988315582414,0.1455,0.825575,MIXED
2018-06-01,1,0.19664840858536609,0.20167230043273462,0.109,0.79285,TRAJECTORY_DEGRADATION
2018-02-01,0,0.1937690419146002,0.1937690419146002,0.0365,0.902725,NONE
2018-05-01,0,0.015826756326141143,0.01726598706128361,0.147,0.78605,TRAJECTORY_DEGRADATION
2018-08-01,0,0.020293491723770523,0.02086793388421516,0.107,0.79355,TRAJECTORY_DEGRADATION
2018-02-01,0,0.42579433877318407,0.42579433877318407,0.0365,0.902725,NONE
2018-04-01,0,0.1750858401865638,0.18789399027766937,0.1455,0.825575,MIXED
2018-05-01,0,0.15392738529797984,0.16580922790366376,0.147,0.78605,TRAJECTORY_DEGRADATION
2018-03-01,0,0.33240605370972565,0.3407794071999343,0.113,0.84345,TRAJECTORY_DEGRADATION
2018-10-01,0,0.08630953397784434,0.08630953397784434,0.0805,0.809325,NONE
2018-05-01,0,0.019262062950345764,0.021007020623053506,0.147,0.78605,TRAJECTORY_DEGRADATION
2018-04-01,0,0.34096677877583104,0.3606050795701519,0.1455,0.825575,MIXED
2018-03-01,0,0.22874498145541255,0.23542795474879713,0.113,0.84345,TRAJECTORY_DEGRADATION
2018-10-01,0,0.07471311326969769,0.07471311326969769,0.0805,0.809325,NONE
2018-06-01,1,0.2097725390936365,0.21504197005162054,0.109,0.79285,TRAJECTORY_DEGRADATION
2018-08-01,0,0.04538821050350351,0.046639185450368145,0.107,0.79355,TRAJECTORY_DEGRADATION
2018-03-01,0,0.13031108280066764,0.13462019542639225,0.113,0.84345,TRAJECTORY_DEGRADATION
2018-02-01,0,0.04368233729644838,0.04368233729644838,0.0365,0.902725,NONE
2018-04-01,0,0.20778886594235263,0.22234453459448714,0.1455,0.825575,MIXED
2018-01-01,1,0.18504739303865467,0.1850473930386547,0.039,0.89535,NONE
2018-01-01,1,0.10421822638740919,0.10421822638740919,0.039,0.89535,NONE
2018-03-01,0,0.34465996658458486,0.35317869734193336,0.113,0.84345,TRAJECTORY_DEGRADATION
2018-10-01,0,0.22662213750304866,0.22662213750304866,0.0805,0.809325,NONE
2018-07-01,1,0.5787204018181231,0.583467125377132,0.101,0.79565,TRAJECTORY_DEGRADATION
2018-03-01,0,0.3352929886265893,0.3437016243249392,0.113,0.84345,TRAJECTORY_DEGRADATION
2018-01-01,0,0.22859690735877514,0.22859690735877514,0.039,0.89535,NONE
2018-03-01,0,0.057148066447685365,0.059202525170195495,0.113,0.84345,TRAJECTORY_DEGRADATION
2018-04-01,0,0.03149494034730333,0.03423484205224982,0.1455,0.825575,MIXED
2018-01-01,0,0.1942204988260781,0.1942204988260781,0.039,0.89535,NONE
2018-03-01,1,0.36865823995244745,0.3774285088840888,0.113,0.84345,TRAJECTORY_DEGRADATION
2018-02-01,0,0.28088427498143365,0.28088427498143365,0.0365,0.902725,NONE
2018-03-01,0,0.059771590170125184,0.06191417053966044,0.113,0.84345,TRAJECTORY_DEGRADATION
2018-05-01,0,0.13128527892801892,0.1417120910281246,0.147,0.78605,TRAJECTORY_DEGRADATION
2018-05-01,0,0.27813387090502495,0.2962463160396906,0.147,0.78605,TRAJECTORY_DEGRADATION
2018-03-01,0,0.19118624766562678,0.19705226930189987,0.113,0.84345,TRAJECTORY_DEGRADATION
2018-04-01,0,0.08099831716448329,0.08765499827299843,0.1455,0.825575,MIXED
2018-01-01,0,0.05006621442997519,0.05006621442997519,0.039,0.89535,NONE
2018-03-01,0,0.07918053581024372,0.08195820566337429,0.113,0.84345,TRAJECTORY_DEGRADATION
2018-04-01,0,0.06679402898479506,0.07237529351834672,0.1455,0.825575,MIXED
2018-02-01,1,0.23720579189683536,0.23720579189683536,0.0365,0.902725,NONE
2018-12-01,0,0.06562638480390967,0.07623418896896184,0.1955,0.7170749999999999,TRANSITIONAL
2018-06-01,0,0.1544898585567509,0.15864940167467992,0.109,0.79285,TRAJECTORY_DEGRADATION
2018-07-01,0,0.1711639527013803,0.17394812106246438,0.101,0.79565,TRAJECTORY_DEGRADATION
2018-02-01,0,0.050501299441849196,0.050501299441849196,0.0365,0.902725,NONE
2018-11-01,0,0.06676171047768178,0.08307507741794676,0.2455,0.732075,MIXED
2018-04-01,0,0.16760019041959723,0.179980214745628,0.1455,0.825575,MIXED
2018-07-01,0,0.0753483050148328,0.07671818850209987,0.101,0.79565,TRAJECTORY_DEGRADATION
2018-05-01,0,0.030856564358659737,0.033615870450523264,0.147,0.78605,TRAJECTORY_DEGRADATION
2018-05-01,0,0.16652351078082445,0.1791717587192267,0.147,0.78605,TRAJECTORY_DEGRADATION
2018-05-01,0,0.1528776821419762,0.16469426955221472,0.147,0.78605,TRAJECTORY_DEGRADATION
2018-06-01,0,0.4465969927851238,0.45439463091717713,0.109,0.79285,TRAJECTORY_DEGRADATION
2018-06-01,0,0.10616610887734416,0.10919259277022669,0.109,0.79285,TRAJECTORY_DEGRADATION
2018-05-01,0,0.40461943460071736,0.42610666504038436,0.147,0.78605,TRAJECTORY_DEGRADATION
2018-06-01,0,0.2329787453952119,0.23865505944453624,0.109,0.79285,TRAJECTORY_DEGRADATION
2018-11-01,0,0.30193527444895957,0.35392074981041766,0.2455,0.732075,MIXED
2018-04-01,0,0.17376675175980003,0.186500222094088,0.1455,0.825575,MIXED
2018-04-01,0,0.07421918777614073,0.08036746137940305,0.1455,0.825575,MIXED
2018-05-01,0,0.09888327735778324,0.10705381545969236,0.147,0.78605,TRAJECTORY_DEGRADATION
2018-05-01,0,0.49729494309977307,0.5194101574035558,0.147,0.78605,TRAJECTORY_DEGRADATION
2018-02-01,0,0.11602933363679582,0.11602933363679582,0.0365,0.902725,NONE
2018-06-01,0,0.09970224287218316,0.10256560505948327,0.109,0.79285,TRAJECTORY_DEGRADATION
2018-05-01,1,0.31761453979224213,0.33709739585658033,0.147,0.78605,TRAJECTORY_DEGRADATION
2018-03-01,0,0.16503145598481947,0.17026392229992646,0.113,0.84345,TRAJECTORY_DEGRADATION
2018-05-01,0,0.13468071257029246,0.14533207912031681,0.147,0.78605,TRAJECTORY_DEGRADATION
2018-09-01,0,0.44816713349650983,0.45150815088915247,0.097,0.79705,TRAJECTORY_DEGRADATION
2018-06-01,1,0.2328559493941369,0.23853020203251685,0.109,0.79285,TRAJECTORY_DEGRADATION
2018-04-01,0,0.12497151775358516,0.13471230884851526,0.1455,0.825575,MIXED
2018-05-01,0,0.07743790769290902,0.08400163950822001,0.147,0.78605,TRAJECTORY_DEGRADATION
2018-07-01,1,0.6493274801050773,0.6537546239052727,0.101,0.79565,TRAJECTORY_DEGRADATION
2018-06-01,0,0.10216368280866565,0.10508948390719967,0.109,0.79285,TRAJECTORY_DEGRADATION
2018-09-01,1,0.13120408564073296,0.13275062120169628,0.097,0.79705,TRAJECTORY_DEGRADATION
2018-10-01,0,0.15238011036384588,0.1523801103638459,0.0805,0.809325,NONE
2018-08-01,0,0.10009292838478778,0.10268946479340307,0.107,0.79355,TRAJECTORY_DEGRADATION
2018-11-01,0,0.10299574346410902,0.12695848724997524,0.2455,0.732075,MIXED
2018-03-01,0,0.21257371945228512,0.21891834137171523,0.113,0.84345,TRAJECTORY_DEGRADATION
2018-05-01,0,0.28830961243558245,0.3068030766124836,0.147,0.78605,TRAJECTORY_DEGRADATION
2018-05-01,1,0.17504277301127236,0.18819199435831233,0.147,0.78605,TRAJECTORY_DEGRADATION
2018-05-01,0,0.09125465044702546,0.09886400577643516,0.147,0.78605,TRAJECTORY_DEGRADATION
2018-08-01,0,0.05735480840880604,0.05891524751198324,0.107,0.79355,TRAJECTORY_DEGRADATION
2018-09-01,0,0.26028977775923734,0.26289745344956245,0.097,0.79705,TRAJECTORY_DEGRADATION
2018-04-01,0,0.03453485661755384,0.03752896821579555,0.1455,0.825575,MIXED
2018-04-01,0,0.17690370370720632,0.1898142372954157,0.1455,0.825575,MIXED
2018-03-01,0,0.03911840768765037,0.04055258247271525,0.113,0.84345,TRAJECTORY_DEGRADATION
2018-06-01,0,0.10483265183733513,0.10782570839589455,0.109,0.79285,TRAJECTORY_DEGRADATION
2018-07-01,1,0.42627685525771886,0.43105258503280264,0.101,0.79565,TRAJECTORY_DEGRADATION
2018-01-01,0,0.3638088280722292,0.36380882807222914,0.039,0.89535,NONE
2018-01-01,0,0.023213833994820285,0.023213833994820285,0.039,0.89535,NONE
2018-04-01,0,0.10676340657970901,0.11527194338551976,0.1455,0.825575,MIXED
2018-01-01,0,0.12802058189860224,0.12802058189860224,0.039,0.89535,NONE
2018-01-01,0,0.04938227835165392,0.04938227835165392,0.039,0.89535,NONE
2018-05-01,0,0.22637957612196621,0.24225276286081482,0.147,0.78605,TRAJECTORY_DEGRADATION
2018-02-01,0,0.18825072432355605,0.18825072432355605,0.0365,0.902725,NONE
2018-03-01,0,0.3527381912721822,0.3613464937811656,0.113,0.84345,TRAJECTORY_DEGRADATION
2018-05-01,0,0.12432194235051855,0.1342812042896899,0.147,0.78605,TRAJECTORY_DEGRADATION
2018-06-01,0,0.08855231265968974,0.09112787069815294,0.109,0.79285,TRAJECTORY_DEGRADATION
2018-06-01,0,0.3029925781604327,0.30968598660513036,0.109,0.79285,TRAJECTORY_DEGRADATION
2018-05-01,0,0.06775570369468092,0.07356419991047512,0.147,0.78605,TRAJECTORY_DEGRADATION
2018-05-01,1,0.21815393479330206,0.23362453505923067,0.147,0.78605,TRAJECTORY_DEGRADATION
2018-01-01,0,0.14947074631143226,0.14947074631143226,0.039,0.89535,NONE
2018-10-01,0,0.16280120964787376,0.16280120964787376,0.0805,0.809325,NONE
2018-04-01,0,0.29084978878875045,0.3089547621644589,0.1455,0.825575,MIXED
2018-04-01,1,0.1291616407234388,0.13917708073202212,0.1455,0.825575,MIXED
2018-03-01,0,0.055036990739498054,0.05702014651963685,0.113,0.84345,TRAJECTORY_DEGRADATION
2018-04-01,0,0.02426036019601375,0.026388037716025884,0.1455,0.825575,MIXED
2018-03-01,0,0.09544057051637438,0.09872748865503826,0.113,0.84345,TRAJECTORY_DEGRADATION
2018-04-01,0,0.12452585275026958,0.13423723585337266,0.1455,0.825575,MIXED
2018-02-01,0,0.03727164433527125,0.03727164433527125,0.0365,0.902725,NONE
2018-06-01,0,0.2989425566945425,0.30558572160762487,0.109,0.79285,TRAJECTORY_DEGRADATION
2018-03-01,0,0.1061018808069582,0.10971143538934333,0.113,0.84345,TRAJECTORY_DEGRADATION
2018-02-01,0,0.10163445714512981,0.10163445714512981,0.0365,0.902725,NONE
2018-02-01,0,0.34238844168537974,0.34238844168537974,0.0365,0.902725,NONE
2018-02-01,1,0.019213932176754368,0.019213932176754368,0.0365,0.902725,NONE
2018-03-01,0,0.15472640306558846,0.15969462862920183,0.113,0.84345,TRAJECTORY_DEGRADATION
2018-06-01,0,0.1691737128758728,0.1736474135066564,0.109,0.79285,TRAJECTORY_DEGRADATION
2018-03-01,0,0.031236105113217442,0.032391037324226074,0.113,0.84345,TRAJECTORY_DEGRADATION
2018-04-01,0,0.04642415098502114,0.050395238997993544,0.1455,0.825575,MIXED
2018-01-01,0,0.11991919934921806,0.11991919934921806,0.039,0.89535,NONE
2018-08-01,0,0.12921169514966477,0.132452429083454,0.107,0.79355,TRAJECTORY_DEGRADATION
2018-08-01,0,0.1895177096273494,0.19393411161228744,0.107,0.79355,TRAJECTORY_DEGRADATION
2018-07-01,0,0.44918858508762666,0.4540178719293046,0.101,0.79565,TRAJECTORY_DEGRADATION
2018-01-01,0,0.11481967350519677,0.11481967350519676,0.039,0.89535,NONE
2018-10-01,0,0.11577260436452645,0.11577260436452645,0.0805,0.809325,NONE
2018-03-01,0,0.05198185068195582,0.05386119488369996,0.113,0.84345,TRAJECTORY_DEGRADATION
2018-03-01,0,0.1678838525269293,0.17318799809870974,0.113,0.84345,TRAJECTORY_DEGRADATION
2018-02-01,1,0.2673880415408084,0.2673880415408084,0.0365,0.902725,NONE
2018-02-01,0,0.17306233310447783,0.17306233310447783,0.0365,0.902725,NONE
2018-01-01,0,0.0963627988566653,0.0963627988566653,0.039,0.89535,NONE
2018-03-01,0,0.0575541584416977,0.059622292891936574,0.113,0.84345,TRAJECTORY_DEGRADATION
2018-12-01,0,0.2726559229334529,0.30577660773859106,0.1955,0.7170749999999999,TRANSITIONAL
2018-09-01,1,0.25821111315555245,0.2608053064038621,0.097,0.79705,TRAJECTORY_DEGRADATION
2018-07-01,0,0.08773516296884112,0.08930849663288494,0.101,0.79565,TRAJECTORY_DEGRADATION
2018-06-01,0,0.10188001688253014,0.10479864248250652,0.109,0.79285,TRAJECTORY_DEGRADATION
2018-05-01,1,0.3735105317704611,0.3944402030903809,0.147,0.78605,TRAJECTORY_DEGRADATION
2018-03-01,0,0.17608519168595183,0.18159190524641503,0.113,0.84345,TRAJECTORY_DEGRADATION
2018-12-01,0,0.20693985064833023,0.2346531084586074,0.1955,0.7170749999999999,TRANSITIONAL
2018-03-01,0,0.16559063227583126,0.17083720031855634,0.113,0.84345,TRAJECTORY_DEGRADATION
2018-06-01,0,0.23528257207395767,0.2409973805603541,0.109,0.79285,TRAJECTORY_DEGRADATION
2018-06-01,0,0.19396032240160102,0.19893254578908323,0.109,0.79285,TRAJECTORY_DEGRADATION
2018-07-01,0,0.1252891069269574,0.1274418072577777,0.101,0.79565,TRAJECTORY_DEGRADATION
2018-01-01,0,0.07994018575966987,0.07994018575966987,0.039,0.89535,NONE
2018-11-01,0,0.07352565051818202,0.09133005338575008,0.2455,0.732075,MIXED
2018-06-01,0,0.2836989226107792,0.2901435360844915,0.109,0.79285,TRAJECTORY_DEGRADATION
2018-02-01,0,0.15038527629793866,0.15038527629793866,0.0365,0.902725,NONE
2018-03-01,0,0.021926260441212632,0.022745049787674287,0.113,0.84345,TRAJECTORY_DEGRADATION
2018-03-01,0,0.039462386589070635,0.040908635561386575,0.113,0.84345,TRAJECTORY_DEGRADATION
2018-06-01,0,0.11038512145286987,0.11351660254102335,0.109,0.79285,TRAJECTORY_DEGRADATION
2018-06-01,0,0.16402931292987113,0.16839454605134757,0.109,0.79285,TRAJECTORY_DEGRADATION
2018-01-01,0,0.019166262143651556,0.019166262143651556,0.039,0.89535,NONE
2018-06-01,0,0.04056359384047064,0.04180741482183323,0.109,0.79285,TRAJECTORY_DEGRADATION
2018-07-01,0,0.4560476379086323,0.46088896356261017,0.101,0.79565,TRAJECTORY_DEGRADATION
2018-01-01,1,0.2638572559959899,0.2638572559959899,0.039,0.89535,NONE
2018-08-01,0,0.32782321609814263,0.3341338775285555,0.107,0.79355,TRAJECTORY_DEGRADATION
2018-04-01,0,0.09361878222958271,0.10119843770163289,0.1455,0.825575,MIXED
2018-04-01,0,0.11588165433844465,0.12501516774357047,0.1455,0.825575,MIXED
2018-03-01,0,0.07565294639963971,0.0783173927188696,0.113,0.84345,TRAJECTORY_DEGRADATION
2018-03-01,0,0.030832409697757024,0.031972908191473165,0.113,0.84345,TRAJECTORY_DEGRADATION
2018-02-01,0,0.02309958063823021,0.02309958063823021,0.0365,0.902725,NONE
2018-07-01,1,0.20453403065886402,0.2077249616602922,0.101,0.79565,TRAJECTORY_DEGRADATION
2018-04-01,0,0.12354444275953738,0.13319093278806765,0.1455,0.825575,MIXED
2018-10-01,0,0.09593887847501167,0.09593887847501167,0.0805,0.809325,NONE
2018-09-01,1,0.4118088923908098,0.4150827418842188,0.097,0.79705,TRAJECTORY_DEGRADATION
2018-03-01,0,0.17299190962288266,0.17842283566041958,0.113,0.84345,TRAJECTORY_DEGRADATION
2018-04-01,0,0.06896399370768173,0.0747120625823346,0.1455,0.825575,MIXED
2018-01-01,1,0.1557114013379356,0.1557114013379356,0.039,0.89535,NONE
2018-03-01,0,0.21707148821711467,0.22351224840503364,0.113,0.84345,TRAJECTORY_DEGRADATION
2018-01-01,0,0.03305822433812856,0.03305822433812856,0.039,0.89535,NONE
2018-08-01,0,0.15256706333340578,0.15628843497195996,0.107,0.79355,TRAJECTORY_DEGRADATION
2018-04-01,0,0.358250759084914,0.3783130950178281,0.1455,0.825575,MIXED
2018-02-01,0,0.19007129718517482,0.19007129718517482,0.0365,0.902725,NONE
2018-01-01,0,0.07169847213959675,0.07169847213959675,0.039,0.89535,NONE
2018-01-01,1,0.5897948088587331,0.5897948088587331,0.039,0.89535,NONE
2018-02-01,1,0.11764088089282007,0.11764088089282007,0.0365,0.902725,NONE
2018-08-01,0,0.14285915389180612,0.14638463629350312,0.107,0.79355,TRAJECTORY_DEGRADATION
2018-03-01,0,0.18297371087283512,0.18864652472276788,0.113,0.84345,TRAJECTORY_DEGRADATION
2018-05-01,0,0.060690779113210844,0.06593645744381388,0.147,0.78605,TRAJECTORY_DEGRADATION
2018-01-01,0,0.08287703932668172,0.08287703932668172,0.039,0.89535,NONE
2018-04-01,0,0.1025505937657712,0.11076502267663976,0.1455,0.825575,MIXED
2018-04-01,0,0.11468380342849398,0.12373611842719313,0.1455,0.825575,MIXED
2018-03-01,0,0.18314626037517337,0.18882318749865834,0.113,0.84345,TRAJECTORY_DEGRADATION
2018-09-01,0,0.30566028271380874,0.30853290867055383,0.097,0.79705,TRAJECTORY_DEGRADATION
2018-11-01,0,0.03408206814493856,0.04277611229085859,0.2455,0.732075,MIXED
2018-08-01,0,0.379469999004461,0.3862036407814913,0.107,0.79355,TRAJECTORY_DEGRADATION
2018-02-01,0,0.20830527643187274,0.20830527643187274,0.0365,0.902725,NONE
2018-02-01,0,0.2419518975084152,0.2419518975084152,0.0365,0.902725,NONE
2018-05-01,0,0.4610987003974351,0.4831513027125306,0.147,0.78605,TRAJECTORY_DEGRADATION
2018-02-01,0,0.0698260038536515,0.0698260038536515,0.0365,0.902725,NONE
2018-09-01,0,0.12699973502843626,0.12850404296127627,0.097,0.79705,TRAJECTORY_DEGRADATION
2018-01-01,0,0.4357615765950797,0.4357615765950797,0.039,0.89535,NONE
2018-08-01,0,0.17282969095726106,0.17694210650255576,0.107,0.79355,TRAJECTORY_DEGRADATION
2018-05-01,0,0.25775799099147884,0.27504911572243435,0.147,0.78605,TRAJECTORY_DEGRADATION
2018-02-01,0,0.04792904614122989,0.04792904614122989,0.0365,0.902725,NONE
2018-09-01,0,0.3333461317035095,0.336352908356647,0.097,0.79705,TRAJECTORY_DEGRADATION
2018-04-01,0,0.0992872899389995,0.10727156853325828,0.1455,0.825575,MIXED
2018-08-01,1,0.19706176992157323,0.20161024259905025,0.107,0.79355,TRAJECTORY_DEGRADATION
2018-07-01,0,0.5010410107310462,0.5059157361764383,0.101,0.79565,TRAJECTORY_DEGRADATION
2018-04-01,0,0.13166427630287916,0.14184216709270603,0.1455,0.825575,MIXED
2018-09-01,0,0.023065823383203878,0.02337199624213338,0.097,0.79705,TRAJECTORY_DEGRADATION
2018-07-01,0,0.10610990664377673,0.10797375008818268,0.101,0.79565,TRAJECTORY_DEGRADATION
2018-06-01,0,0.11887177483536003,0.12221093737276317,0.109,0.79285,TRAJECTORY_DEGRADATION
2018-04-01,0,0.179618743343911,0.1926810376979211,0.1455,0.825575,MIXED
2018-04-01,0,0.06313491796016679,0.06843285075514267,0.1455,0.825575,MIXED
2018-02-01,1,0.35197170827738083,0.35197170827738083,0.0365,0.902725,NONE
2018-07-01,0,0.05754013903362995,0.058606778962058466,0.101,0.79565,TRAJECTORY_DEGRADATION
2018-02-01,0,0.03557204708936564,0.03557204708936564,0.0365,0.902725,NONE
2018-05-01,0,0.3621929594882876,0.38287602670093046,0.147,0.78605,TRAJECTORY_DEGRADATION
2018-07-01,0,0.03004186543975721,0.030615319869562615,0.101,0.79565,TRAJECTORY_DEGRADATION
2018-04-01,0,0.022670803245662882,0.024662597366404488,0.1455,0.825575,MIXED
2018-01-01,0,0.10308890101823387,0.10308890101823387,0.039,0.89535,NONE
2018-10-01,0,0.28694557685067756,0.28694557685067756,0.0805,0.809325,NONE
2018-02-01,0,0.3398460363525438,0.3398460363525438,0.0365,0.902725,NONE
2018-08-01,0,0.11174753997864419,0.11460790767445896,0.107,0.79355,TRAJECTORY_DEGRADATION
2018-09-01,0,0.02159445547588519,0.021881535034060276,0.097,0.79705,TRAJECTORY_DEGRADATION
2018-08-01,0,0.22029594533817945,0.22523026640618415,0.107,0.79355,TRAJECTORY_DEGRADATION
2018-03-01,0,0.2776335050309365,0.28521659265359,0.113,0.84345,TRAJECTORY_DEGRADATION
2018-04-01,0,0.08320903341815601,0.09002959920746031,0.1455,0.825575,MIXED
2018-03-01,0,0.189986478471005,0.19582460108529423,0.113,0.84345,TRAJECTORY_DEGRADATION
2018-12-01,0,0.10886745845976378,0.1255257416981298,0.1955,0.7170749999999999,TRANSITIONAL
2018-09-01,0,0.09127632273742271,0.09240227528506414,0.097,0.79705,TRAJECTORY_DEGRADATION
2018-01-01,0,0.35840532273438913,0.35840532273438913,0.039,0.89535,NONE
2018-04-01,1,0.2689123346600627,0.2862028598946297,0.1455,0.825575,MIXED
2018-05-01,0,0.11487407990358599,0.12418381946609008,0.147,0.78605,TRAJECTORY_DEGRADATION
2018-02-01,0,0.5891608085108306,0.5891608085108306,0.0365,0.902725,NONE
2018-06-01,0,0.08499251485294178,0.08747447240382104,0.109,0.79285,TRAJECTORY_DEGRADATION
2018-03-01,0,0.18699396512704008,0.19276201380639685,0.113,0.84345,TRAJECTORY_DEGRADATION
2018-04-01,0,0.061067933602000996,0.06620467355283732,0.1455,0.825575,MIXED
2018-09-01,0,0.06635274381455201,0.06719398161680401,0.097,0.79705,TRAJECTORY_DEGRADATION
2018-02-01,0,0.3334202450338798,0.3334202450338798,0.0365,0.902725,NONE
2018-11-01,0,0.1638690455995895,0.1988547451109499,0.2455,0.732075,MIXED
2018-08-01,0,0.07306158117968509,0.0750153440405625,0.107,0.79355,TRAJECTORY_DEGRADATION
2018-01-01,0,0.10174385174512661,0.10174385174512661,0.039,0.89535,NONE
2018-04-01,0,0.24875927612046692,0.265224091007564,0.1455,0.825575,MIXED
2018-01-01,0,0.29398703844479995,0.29398703844479995,0.039,0.89535,NONE
2018-01-01,0,0.12351591817968785,0.12351591817968788,0.039,0.89535,NONE
2018-10-01,1,0.3198090847628841,0.3198090847628841,0.0805,0.809325,NONE
2018-04-01,0,0.12457187773232707,0.1342862996216933,0.1455,0.825575,MIXED
2018-02-01,0,0.016264105205573653,0.016264105205573653,0.0365,0.902725,NONE
2018-04-01,0,0.09740425554886932,0.10525480342120987,0.1455,0.825575,MIXED
2018-04-01,1,0.3324858268636942,0.3518964811962689,0.1455,0.825575,MIXED
2018-12-01,0,0.15154831010618713,0.17346610674651095,0.1955,0.7170749999999999,TRANSITIONAL
2018-07-01,0,0.08913685032121767,0.09073282009865465,0.101,0.79565,TRAJECTORY_DEGRADATION
2018-05-01,0,0.1602105044756704,0.17247847736203542,0.147,0.78605,TRAJECTORY_DEGRADATION
2018-10-01,0,0.44768296830370546,0.44768296830370546,0.0805,0.809325,NONE
2018-10-01,0,0.4506451869746566,0.4506451869746566,0.0805,0.809325,NONE
2018-06-01,0,0.19336277189733642,0.1983234459554362,0.109,0.79285,TRAJECTORY_DEGRADATION
2018-03-01,0,0.10960540475401119,0.11331903867070556,0.113,0.84345,TRAJECTORY_DEGRADATION
2018-03-01,1,0.19257054320117212,0.19846861592646647,0.113,0.84345,TRAJECTORY_DEGRADATION
2018-01-01,0,0.08680912867136013,0.08680912867136013,0.039,0.89535,NONE
2018-04-01,0,0.16713425013663558,0.17948727840910023,0.1455,0.825575,MIXED
2018-04-01,0,0.2433018784282777,0.25953026826431685,0.1455,0.825575,MIXED
2018-10-01,0,0.1218624596282155,0.1218624596282155,0.0805,0.809325,NONE
2018-05-01,0,0.05214121908163309,0.05669253491402197,0.147,0.78605,TRAJECTORY_DEGRADATION
2018-04-01,0,0.03975371706363332,0.04318005835317459,0.1455,0.825575,MIXED
2018-01-01,0,0.533593149595509,0.533593149595509,0.039,0.89535,NONE
2018-02-01,0,0.10153936427903364,0.10153936427903364,0.0365,0.902725,NONE
2018-06-01,0,0.2182512775456097,0.22367340727957827,0.109,0.79285,TRAJECTORY_DEGRADATION
2018-02-01,0,0.06882094501179988,0.06882094501179988,0.0365,0.902725,NONE
2018-03-01,0,0.253447008745395,0.2606078123604315,0.113,0.84345,TRAJECTORY_DEGRADATION
2018-02-01,0,0.02047280063414636,0.02047280063414636,0.0365,0.902725,NONE
2018-04-01,0,0.09887257937627474,0.10682746397916196,0.1455,0.825575,MIXED
2018-07-01,1,0.1448779985016657,0.14731058991972165,0.101,0.79565,TRAJECTORY_DEGRADATION
2018-10-01,0,0.5296197457429939,0.5296197457429939,0.0805,0.809325,NONE
2018-04-01,1,0.23100347103287516,0.24667896585016894,0.1455,0.825575,MIXED
2018-03-01,1,0.08823226577565896,0.09129598959140064,0.113,0.84345,TRAJECTORY_DEGRADATION
2018-03-01,0,0.0976278271477273,0.10098166381906537,0.113,0.84345,TRAJECTORY_DEGRADATION
2018-05-01,0,0.10281030924915938,0.11126526504467837,0.147,0.78605,TRAJECTORY_DEGRADATION
2018-09-01,0,0.4512206870060194,0.4545657167863932,0.097,0.79705,TRAJECTORY_DEGRADATION
2018-01-01,0,0.09036589588474038,0.09036589588474038,0.039,0.89535,NONE
2018-08-01,0,0.22055759671224714,0.2254960834697572,0.107,0.79355,TRAJECTORY_DEGRADATION
2018-03-01,0,0.09914465422731071,0.10254467739244491,0.113,0.84345,TRAJECTORY_DEGRADATION
2018-07-01,0,0.3444333509019637,0.3488496889859432,0.101,0.79565,TRAJECTORY_DEGRADATION
2018-09-01,0,0.13111374659690456,0.13265937990422638,0.097,0.79705,TRAJECTORY_DEGRADATION
2018-02-01,0,0.1712566889545002,0.1712566889545002,0.0365,0.902725,NONE
2018-01-01,1,0.31978930265801797,0.31978930265801797,0.039,0.89535,NONE
2018-05-01,0,0.019495031643277323,0.02126063652677315,0.147,0.78605,TRAJECTORY_DEGRADATION
2018-05-01,0,0.026644821845565016,0.029038783695918658,0.147,0.78605,TRAJECTORY_DEGRADATION
2018-07-01,0,0.1148139824262014,0.11681073579468253,0.101,0.79565,TRAJECTORY_DEGRADATION
2018-05-01,0,0.23093042379989626,0.2470208165231728,0.147,0.78605,TRAJECTORY_DEGRADATION
2018-04-01,0,0.1397928225121637,0.15049016606155516,0.1455,0.825575,MIXED
2018-06-01,0,0.1345121109378247,0.13822169818952934,0.109,0.79285,TRAJECTORY_DEGRADATION
2018-01-01,1,0.4907565426480099,0.4907565426480099,0.039,0.89535,NONE
2018-08-01,0,0.18137248133887568,0.18564254867397922,0.107,0.79355,TRAJECTORY_DEGRADATION
2018-04-01,0,0.10484648629296547,0.1132216178408265,0.1455,0.825575,MIXED
2018-09-01,0,0.182185021772616,0.1842050722590543,0.097,0.79705,TRAJECTORY_DEGRADATION
2018-08-01,1,0.14419344070232676,0.14774617491707223,0.107,0.79355,TRAJECTORY_DEGRADATION
2018-01-01,0,0.23146832840490358,0.23146832840490358,0.039,0.89535,NONE
2018-07-01,0,0.1357502193945156,0.13805429281822656,0.101,0.79565,TRAJECTORY_DEGRADATION
2018-05-01,0,0.5476385944600263,0.5694565262284551,0.147,0.78605,TRAJECTORY_DEGRADATION
2018-04-01,0,0.19899466753483064,0.21310001009288948,0.1455,0.825575,MIXED
2018-06-01,0,0.42332901746885654,0.4310368246962024,0.109,0.79285,TRAJECTORY_DEGRADATION
2018-06-01,1,0.3858062359181949,0.3932967940700813,0.109,0.79285,TRAJECTORY_DEGRADATION
2018-06-01,0,0.12815638532729515,0.13171736922690125,0.109,0.79285,TRAJECTORY_DEGRADATION
2018-04-01,0,0.204478410629338,0.21886624811273692,0.1455,0.825575,MIXED
2018-02-01,0,0.342282045544526,0.342282045544526,0.0365,0.902725,NONE
2018-11-01,0,0.315794139246964,0.36890475611022217,0.2455,0.732075,MIXED
2018-05-01,1,0.33097325031981006,0.35085422407288674,0.147,0.78605,TRAJECTORY_DEGRADATION
2018-12-01,0,0.06379266179718396,0.07412757895371447,0.1955,0.7170749999999999,TRANSITIONAL
2018-08-01,0,0.31663729299143845,0.32283604343337635,0.107,0.79355,TRAJECTORY_DEGRADATION
2018-06-01,0,0.09027272089371179,0.09289321745395916,0.109,0.79285,TRAJECTORY_DEGRADATION
2018-01-01,0,0.03796817965992725,0.03796817965992725,0.039,0.89535,NONE
2018-03-01,1,0.3067479903565943,0.3147797673226081,0.113,0.84345,TRAJECTORY_DEGRADATION
2018-02-01,1,0.2185997187250691,0.2185997187250691,0.0365,0.902725,NONE
2018-05-01,0,0.0814778285928448,0.08835119561257043,0.147,0.78605,TRAJECTORY_DEGRADATION
2018-12-01,0,0.02431474907290982,0.028448276716947437,0.1955,0.7170749999999999,TRANSITIONAL
2018-06-01,0,0.38797546004478195,0.39548101566862076,0.109,0.79285,TRAJECTORY_DEGRADATION
2018-02-01,1,0.29727861960687607,0.2972786196068761,0.0365,0.902725,NONE
2018-05-01,1,0.29177379078460747,0.31039255035667224,0.147,0.78605,TRAJECTORY_DEGRADATION
2018-01-01,0,0.026252095323560785,0.026252095323560785,0.039,0.89535,NONE
2018-01-01,1,0.5293863654819033,0.5293863654819033,0.039,0.89535,NONE
2018-01-01,1,0.17840248474188963,0.17840248474188966,0.039,0.89535,NONE
2018-06-01,1,0.13060396869182253,0.13422249155133562,0.109,0.79285,TRAJECTORY_DEGRADATION
2018-06-01,0,0.047904087480257686,0.049361413292791236,0.109,0.79285,TRAJECTORY_DEGRADATION
2018-02-01,0,0.13869485344118354,0.13869485344118354,0.0365,0.902725,NONE
2018-09-01,0,0.11786616966640028,0.11927707224421406,0.097,0.79705,TRAJECTORY_DEGRADATION
2018-02-01,0,0.0887704244694662,0.0887704244694662,0.0365,0.902725,NONE
2018-08-01,0,0.08161274658310054,0.08377451225996373,0.107,0.79355,TRAJECTORY_DEGRADATION
2018-05-01,1,0.11128635767172645,0.1203448702082671,0.147,0.78605,TRAJECTORY_DEGRADATION
2018-07-01,0,0.07961208224863568,0.08105268903950408,0.101,0.79565,TRAJECTORY_DEGRADATION
2018-03-01,0,0.06463345926395586,0.06693791133737112,0.113,0.84345,TRAJECTORY_DEGRADATION
2018-08-01,0,0.06852266752404466,0.07036426759947993,0.107,0.79355,TRAJECTORY_DEGRADATION
2018-10-01,0,0.2286284890414123,0.2286284890414123,0.0805,0.809325,NONE
2018-10-01,0,0.10557335636134023,0.10557335636134023,0.0805,0.809325,NONE
2018-01-01,1,0.25676786689866615,0.25676786689866615,0.039,0.89535,NONE
2018-03-01,1,0.4122050540392698,0.4213199467494398,0.113,0.84345,TRAJECTORY_DEGRADATION
2018-02-01,1,0.43229615698031704,0.43229615698031704,0.0365,0.902725,NONE
2018-01-01,0,0.03199831706216414,0.03199831706216414,0.039,0.89535,NONE
2018-01-01,1,0.0899556138808401,0.0899556138808401,0.039,0.89535,NONE
2018-07-01,0,0.2355758458280081,0.23910549119159374,0.101,0.79565,TRAJECTORY_DEGRADATION
2018-06-01,0,0.1958317048225805,0.2008399481168673,0.109,0.79285,TRAJECTORY_DEGRADATION
2018-03-01,1,0.19261541898393747,0.19851452824510496,0.113,0.84345,TRAJECTORY_DEGRADATION
2018-05-01,0,0.05487062549845116,0.059645194573418124,0.147,0.78605,TRAJECTORY_DEGRADATION
2018-10-01,0,0.15767752421864517,0.15767752421864517,0.0805,0.809325,NONE
2018-03-01,1,0.2655119472920132,0.27288902744684596,0.113,0.84345,TRAJECTORY_DEGRADATION
2018-03-01,0,0.2306302158112678,0.23735131749093968,0.113,0.84345,TRAJECTORY_DEGRADATION
2018-05-01,0,0.11221645944255686,0.12134034375285616,0.147,0.78605,TRAJECTORY_DEGRADATION
2018-08-01,0,0.028793292713608254,0.0296010667635633,0.107,0.79355,TRAJECTORY_DEGRADATION
2018-04-01,0,0.051387006559951515,0.05575779100586922,0.1455,0.825575,MIXED
2018-03-01,0,0.6248257133595433,0.6335744310068339,0.113,0.84345,TRAJECTORY_DEGRADATION
2018-04-01,0,0.29540945876347874,0.3136727194432005,0.1455,0.825575,MIXED
2018-10-01,0,0.32089228976949863,0.32089228976949863,0.0805,0.809325,NONE
2018-04-01,1,0.02961142332378364,0.032192915061222016,0.1455,0.825575,MIXED
2018-02-01,0,0.013100333097347145,0.013100333097347145,0.0365,0.902725,NONE
2018-02-01,0,0.07624774303752342,0.07624774303752342,0.0365,0.902725,NONE
2018-12-01,0,0.2893393509613545,0.3235850344618354,0.1955,0.7170749999999999,TRANSITIONAL
2018-09-01,0,0.6637085773376714,0.6667150803800435,0.097,0.79705,TRAJECTORY_DEGRADATION
2018-05-01,0,0.0719563606150053,0.0780948000578146,0.147,0.78605,TRAJECTORY_DEGRADATION
2018-05-01,0,0.08082946202189732,0.08765335316246751,0.147,0.78605,TRAJECTORY_DEGRADATION
2018-01-01,0,0.13598923771679158,0.13598923771679158,0.039,0.89535,NONE
2018-05-01,0,0.13018027275734836,0.14053352133772937,0.147,0.78605,TRAJECTORY_DEGRADATION
2018-01-01,0,0.2679130611171022,0.2679130611171022,0.039,0.89535,NONE
2018-04-01,1,0.16381077650504886,0.17597006373933688,0.1455,0.825575,MIXED
2018-08-01,0,0.043613396999672455,0.04481775169965363,0.107,0.79355,TRAJECTORY_DEGRADATION
2018-01-01,0,0.18207831254654963,0.1820783125465496,0.039,0.89535,NONE
2018-06-01,0,0.10943103389585186,0.11253887272630597,0.109,0.79285,TRAJECTORY_DEGRADATION
2018-01-01,0,0.038951174270750906,0.038951174270750906,0.039,0.89535,NONE
2018-09-01,0,0.22493743163143942,0.22729976579158137,0.097,0.79705,TRAJECTORY_DEGRADATION
2018-03-01,0,0.5296991383434086,0.5390295770279648,0.113,0.84345,TRAJECTORY_DEGRADATION
2018-05-01,0,0.14600600090248186,0.15739012889556633,0.147,0.78605,TRAJECTORY_DEGRADATION
2018-03-01,0,0.189876077602664,0.1957116273780487,0.113,0.84345,TRAJECTORY_DEGRADATION
2018-01-01,0,0.1770985404146464,0.1770985404146464,0.039,0.89535,NONE
2018-04-01,0,0.020697054976387946,0.022519436665085244,0.1455,0.825575,MIXED
2018-12-01,0,0.24737866442047468,0.27860496372835386,0.1955,0.7170749999999999,TRANSITIONAL
2018-12-01,0,0.04355121651697957,0.050784743875300443,0.1955,0.7170749999999999,TRANSITIONAL
2018-08-01,0,0.20750096483105823,0.21222670272570135,0.107,0.79355,TRAJECTORY_DEGRADATION
2018-05-01,0,0.19395315818792577,0.20816447622525022,0.147,0.78605,TRAJECTORY_DEGRADATION
2018-01-01,0,0.20207803122631127,0.2020780312263113,0.039,0.89535,NONE
2018-05-01,0,0.06533644118913719,0.07095332615476804,0.147,0.78605,TRAJECTORY_DEGRADATION
2018-03-01,0,0.2847717964612147,0.292470915036701,0.113,0.84345,TRAJECTORY_DEGRADATION
2018-05-01,0,0.3684762061090723,0.3892990742489363,0.147,0.78605,TRAJECTORY_DEGRADATION
2018-08-01,0,0.24874497854294736,0.2541088459462329,0.107,0.79355,TRAJECTORY_DEGRADATION
2018-03-01,0,0.34170567381046135,0.3501904041909737,0.113,0.84345,TRAJECTORY_DEGRADATION
2018-08-01,0,0.03129763767942354,0.032173341800141066,0.107,0.79355,TRAJECTORY_DEGRADATION
2018-01-01,1,0.3008599985594482,0.3008599985594482,0.039,0.89535,NONE
2018-03-01,1,0.3221430669912005,0.3303858365050091,0.113,0.84345,TRAJECTORY_DEGRADATION
2018-01-01,0,0.2516235584583576,0.25162355845835765,0.039,0.89535,NONE
2018-05-01,0,0.31201104701810506,0.33131706612628037,0.147,0.78605,TRAJECTORY_DEGRADATION
2018-02-01,0,0.19155244989039813,0.19155244989039813,0.0365,0.902725,NONE
2018-07-01,0,0.37617393562160684,0.3807608744970989,0.101,0.79565,TRAJECTORY_DEGRADATION
2018-01-01,0,0.11358590639927703,0.11358590639927703,0.039,0.89535,NONE
2018-02-01,0,0.20369025441973362,0.20369025441973362,0.0365,0.902725,NONE
2018-03-01,1,0.08951203312524544,0.09261568089176968,0.113,0.84345,TRAJECTORY_DEGRADATION
2018-04-01,0,0.10802793535792547,0.11662409131614745,0.1455,0.825575,MIXED
2018-01-01,0,0.05496586837587051,0.05496586837587051,0.039,0.89535,NONE
2018-03-01,1,0.4854442114816864,0.49481528329845165,0.113,0.84345,TRAJECTORY_DEGRADATION
2018-01-01,1,0.36226173467765266,0.36226173467765266,0.039,0.89535,NONE
2018-01-01,0,0.25981703862401406,0.25981703862401406,0.039,0.89535,NONE
2018-01-01,0,0.38498675069932975,0.38498675069932975,0.039,0.89535,NONE
2018-01-01,0,0.23804151915496857,0.23804151915496857,0.039,0.89535,NONE
2018-11-01,0,0.10310990040085077,0.1270954404866632,0.2455,0.732075,MIXED
2018-02-01,0,0.06727961868415229,0.06727961868415229,0.0365,0.902725,NONE
2018-04-01,0,0.11158145274449066,0.12042219909965038,0.1455,0.825575,MIXED
2018-01-01,0,0.03996912657608373,0.03996912657608373,0.039,0.89535,NONE
2018-02-01,0,0.14226814191661025,0.14226814191661025,0.0365,0.902725,NONE
2018-09-01,0,0.10270947790843385,0.1039603310185688,0.097,0.79705,TRAJECTORY_DEGRADATION
2018-05-01,0,0.2728933713648063,0.2908020273379057,0.147,0.78605,TRAJECTORY_DEGRADATION
2018-03-01,0,0.14887301056130392,0.15368745837597447,0.113,0.84345,TRAJECTORY_DEGRADATION
2018-03-01,0,0.05651944588918543,0.05855270928050359,0.113,0.84345,TRAJECTORY_DEGRADATION
2018-07-01,0,0.4328137155028792,0.43760682028683767,0.101,0.79565,TRAJECTORY_DEGRADATION
2018-04-01,0,0.2844383761135059,0.30231438727287674,0.1455,0.825575,MIXED
2018-10-01,0,0.20009222791411305,0.20009222791411305,0.0805,0.809325,NONE
2018-03-01,1,0.0934214082321523,0.0966462173486425,0.113,0.84345,TRAJECTORY_DEGRADATION
2018-08-01,0,0.09887862053801126,0.1014472073690398,0.107,0.79355,TRAJECTORY_DEGRADATION
2018-01-01,1,0.14246515244486005,0.14246515244486005,0.039,0.89535,NONE
2018-02-01,0,0.05130660475408444,0.05130660475408444,0.0365,0.902725,NONE
2018-01-01,0,0.24477854703664895,0.24477854703664895,0.039,0.89535,NONE
2018-09-01,0,0.09196952376862037,0.09310315129985025,0.097,0.79705,TRAJECTORY_DEGRADATION
2018-08-01,0,0.41903842162430405,0.4259921849465333,0.107,0.79355,TRAJECTORY_DEGRADATION
2018-01-01,0,0.23072089557863767,0.23072089557863767,0.039,0.89535,NONE
2018-08-01,0,0.44390101527622383,0.45094711155871736,0.107,0.79355,TRAJECTORY_DEGRADATION
2018-05-01,0,0.48287578378396334,0.5049939176865311,0.147,0.78605,TRAJECTORY_DEGRADATION
2018-10-01,0,0.1697759424949441,0.1697759424949441,0.0805,0.809325,NONE
2018-01-01,0,0.07124127639966876,0.07124127639966876,0.039,0.89535,NONE
2018-07-01,0,0.1511886167357021,0.15370812118881497,0.101,0.79565,TRAJECTORY_DEGRADATION
2018-03-01,0,0.06949173677683716,0.07195608134306788,0.113,0.84345,TRAJECTORY_DEGRADATION
2018-01-01,1,0.2189573306082704,0.2189573306082704,0.039,0.89535,NONE
2018-04-01,0,0.10559538972479987,0.11402272359373891,0.1455,0.825575,MIXED
2018-07-01,0,0.06967165849409367,0.07094625537187804,0.101,0.79565,TRAJECTORY_DEGRADATION
2018-07-01,0,0.1098774007302171,0.11179914426120319,0.101,0.79565,TRAJECTORY_DEGRADATION
2018-06-01,0,0.2904240197845057,0.2969580690908417,0.109,0.79285,TRAJECTORY_DEGRADATION
2018-02-01,1,0.29010710251716876,0.29010710251716876,0.0365,0.902725,NONE
2018-04-01,0,0.09192202008022991,0.09937936298526713,0.1455,0.825575,MIXED
2018-02-01,1,0.09141124010378979,0.09141124010378979,0.0365,0.902725,NONE
2018-03-01,1,0.13917527279629782,0.14372906302483723,0.113,0.84345,TRAJECTORY_DEGRADATION
2018-04-01,0,0.24692507435439076,0.2633110390425429,0.1455,0.825575,MIXED
2018-03-01,0,0.4266044492379401,0.4358016762883998,0.113,0.84345,TRAJECTORY_DEGRADATION
2018-08-01,1,0.4253931082488578,0.4323738424905389,0.107,0.79355,TRAJECTORY_DEGRADATION
2018-07-01,0,0.13287730495788763,0.13514024144300193,0.101,0.79565,TRAJECTORY_DEGRADATION
2018-04-01,0,0.1439995796477378,0.15496084561665951,0.1455,0.825575,MIXED
2018-03-01,0,0.050604888308047796,0.05243720360582925,0.113,0.84345,TRAJECTORY_DEGRADATION
2018-03-01,0,0.04320107147098107,0.044777951281049146,0.113,0.84345,TRAJECTORY_DEGRADATION
2018-04-01,0,0.06626817741216183,0.07180888324502747,0.1455,0.825575,MIXED
2018-01-01,0,0.07608195820859454,0.07608195820859454,0.039,0.89535,NONE
2018-01-01,1,0.25661428536321884,0.25661428536321884,0.039,0.89535,NONE
2018-01-01,0,0.09017639429958632,0.09017639429958632,0.039,0.89535,NONE
2018-06-01,0,0.07271150931381788,0.07486417854815326,0.109,0.79285,TRAJECTORY_DEGRADATION
2018-09-01,0,0.402607534503369,0.4058587083175398,0.097,0.79705,TRAJECTORY_DEGRADATION
2018-08-01,0,0.04654579647005028,0.047827077945991836,0.107,0.79355,TRAJECTORY_DEGRADATION
2018-04-01,1,0.6826199584395007,0.7010050379325593,0.1455,0.825575,MIXED
2018-02-01,0,0.06078090583249597,0.06078090583249597,0.0365,0.902725,NONE
2018-09-01,0,0.17656451035702048,0.1785358460509758,0.097,0.79705,TRAJECTORY_DEGRADATION
2018-12-01,0,0.04335079061110294,0.050552788234939534,0.1955,0.7170749999999999,TRANSITIONAL
2018-04-01,0,0.29494921856038814,0.31319667346923324,0.1455,0.825575,MIXED
2018-05-01,0,0.08522390837036858,0.09238150640536728,0.147,0.78605,TRAJECTORY_DEGRADATION
2018-01-01,1,0.4163338691573529,0.4163338691573529,0.039,0.89535,NONE
2018-01-01,0,0.14289363573161024,0.14289363573161024,0.039,0.89535,NONE
2018-06-01,0,0.1621549091046169,0.16648019353971158,0.109,0.79285,TRAJECTORY_DEGRADATION
2018-07-01,1,0.13202283489404198,0.1342734728695819,0.101,0.79565,TRAJECTORY_DEGRADATION
2018-03-01,0,0.316393310327306,0.3245594008493418,0.113,0.84345,TRAJECTORY_DEGRADATION
2018-06-01,0,0.020304227410834586,0.02094038432710033,0.109,0.79285,TRAJECTORY_DEGRADATION
2018-06-01,0,0.1333549383548815,0.13703766590254265,0.109,0.79285,TRAJECTORY_DEGRADATION
2018-11-01,0,0.22242388852322573,0.26593482425499076,0.2455,0.732075,MIXED
2018-04-01,0,0.047623227447686,0.051691323586162324,0.1455,0.825575,MIXED
2018-03-01,0,0.16526850390126988,0.17050695124141865,0.113,0.84345,TRAJECTORY_DEGRADATION
2018-06-01,0,0.023135221743767625,0.023857917242423247,0.109,0.79285,TRAJECTORY_DEGRADATION
2018-01-01,0,0.015164628160481981,0.015164628160481981,0.039,0.89535,NONE
2018-10-01,0,0.3368114923242201,0.33681149232422003,0.0805,0.809325,NONE
2018-06-01,0,0.06743336953125321,0.06944147814443012,0.109,0.79285,TRAJECTORY_DEGRADATION
2018-04-01,0,0.2738094268577241,0.2912893694739151,0.1455,0.825575,MIXED
2018-09-01,0,0.0328746057088158,0.03330654020214455,0.097,0.79705,TRAJECTORY_DEGRADATION
2018-01-01,0,0.07855747347720995,0.07855747347720995,0.039,0.89535,NONE
2018-09-01,0,0.1518890684365068,0.15363630656264798,0.097,0.79705,TRAJECTORY_DEGRADATION
2018-05-01,0,0.02594054556364563,0.028273068197899133,0.147,0.78605,TRAJECTORY_DEGRADATION
2018-01-01,0,0.4624873210390624,0.4624873210390624,0.039,0.89535,NONE
2018-01-01,0,0.21331370223826807,0.21331370223826807,0.039,0.89535,NONE
2018-08-01,0,0.06009264862506367,0.06172269819291448,0.107,0.79355,TRAJECTORY_DEGRADATION
2018-04-01,1,0.42322045299299416,0.44440163847317127,0.1455,0.825575,MIXED
2018-07-01,0,0.34456301629608144,0.3489801319105011,0.101,0.79565,TRAJECTORY_DEGRADATION
2018-08-01,1,0.0654189903343491,0.06718319291838215,0.107,0.79355,TRAJECTORY_DEGRADATION
2018-03-01,0,0.09435288908468543,0.09760639012535162,0.113,0.84345,TRAJECTORY_DEGRADATION
2018-03-01,0,0.08997093166234942,0.09308886401379135,0.113,0.84345,TRAJECTORY_DEGRADATION
2018-01-01,0,0.3107231543624535,0.3107231543624535,0.039,0.89535,NONE
2018-07-01,0,0.14557871591996283,0.14802103622135276,0.101,0.79565,TRAJECTORY_DEGRADATION
2018-03-01,0,0.07521938449387622,0.07786984742371682,0.113,0.84345,TRAJECTORY_DEGRADATION
2018-01-01,0,0.17182127544231668,0.17182127544231668,0.039,0.89535,NONE
2018-02-01,0,0.11885266335642092,0.11885266335642088,0.0365,0.902725,NONE
2018-04-01,0,0.08735331200655751,0.09447857283108452,0.1455,0.825575,MIXED
2018-04-01,0,0.5238534385657316,0.5453094214320066,0.1455,0.825575,MIXED
2018-04-01,0,0.056824626623333374,0.061627867338010955,0.1455,0.825575,MIXED
2018-08-01,0,0.3845556947782585,0.3913226706495436,0.107,0.79355,TRAJECTORY_DEGRADATION
2018-04-01,0,0.056842728172581965,0.06164739895678958,0.1455,0.825575,MIXED
2018-03-01,0,0.0999279598582513,0.10335176354653891,0.113,0.84345,TRAJECTORY_DEGRADATION
2018-07-01,1,0.08166343048803364,0.0831378040997694,0.101,0.79565,TRAJECTORY_DEGRADATION
2018-06-01,1,0.4622521668823896,0.47009095517186605,0.109,0.79285,TRAJECTORY_DEGRADATION
2018-01-01,1,0.19780583547946357,0.19780583547946357,0.039,0.89535,NONE
2018-02-01,0,0.19246732468165212,0.19246732468165215,0.0365,0.902725,NONE
2018-03-01,0,0.04595856788468536,0.04763108832193691,0.113,0.84345,TRAJECTORY_DEGRADATION
2018-02-01,0,0.029743507636371378,0.029743507636371378,0.0365,0.902725,NONE
2018-03-01,1,0.05183399772643785,0.053708299311413375,0.113,0.84345,TRAJECTORY_DEGRADATION
2018-10-01,0,0.04672121300273662,0.04672121300273662,0.0805,0.809325,NONE
2018-02-01,0,0.06667236576345921,0.06667236576345921,0.0365,0.902725,NONE
2018-04-01,0,0.07636791457786801,0.08267829093843643,0.1455,0.825575,MIXED
2018-03-01,0,0.3607928459697139,0.36948550665322016,0.113,0.84345,TRAJECTORY_DEGRADATION
2018-06-01,0,0.23403460818255933,0.2397286071036069,0.109,0.79285,TRAJECTORY_DEGRADATION
2018-01-01,0,0.20565815024200507,0.20565815024200507,0.039,0.89535,NONE
2018-08-01,0,0.06639215105282878,0.06818068300570265,0.107,0.79355,TRAJECTORY_DEGRADATION
2018-07-01,1,0.10123971354226796,0.10302787084158316,0.101,0.79565,TRAJECTORY_DEGRADATION
2018-01-01,1,0.4047938243143965,0.4047938243143965,0.039,0.89535,NONE
2018-02-01,0,0.3646985730084405,0.3646985730084405,0.0365,0.902725,NONE
2018-05-01,0,0.2637740916160892,0.2813158342188367,0.147,0.78605,TRAJECTORY_DEGRADATION
2018-03-01,0,0.3809740844666851,0.3898564208291281,0.113,0.84345,TRAJECTORY_DEGRADATION
2018-03-01,0,0.03569612591821222,0.03700966424580582,0.113,0.84345,TRAJECTORY_DEGRADATION
2018-02-01,0,0.11286374800187744,0.11286374800187744,0.0365,0.902725,NONE
2018-06-01,0,0.12117954671409428,0.12457437043347268,0.109,0.79285,TRAJECTORY_DEGRADATION
2018-01-01,0,0.09102540710991958,0.09102540710991958,0.039,0.89535,NONE
2018-04-01,0,0.17932589122152773,0.1923718826109468,0.1455,0.825575,MIXED
2018-01-01,0,0.08451980181962819,0.08451980181962819,0.039,0.89535,NONE
2018-06-01,0,0.24476207259282115,0.25063166718121077,0.109,0.79285,TRAJECTORY_DEGRADATION
2018-08-01,0,0.2754513608640383,0.2811755767073111,0.107,0.79355,TRAJECTORY_DEGRADATION
2018-05-01,0,0.15820756335935734,0.1703532750131031,0.147,0.78605,TRAJECTORY_DEGRADATION
2018-07-01,0,0.1396837814451011,0.14204364580834733,0.101,0.79565,TRAJECTORY_DEGRADATION
2018-01-01,0,0.23758318281234603,0.23758318281234603,0.039,0.89535,NONE
2018-02-01,0,0.10678231316016394,0.10678231316016394,0.0365,0.902725,NONE
2018-01-01,0,0.14376987363774849,0.14376987363774849,0.039,0.89535,NONE
2018-05-01,0,0.2773316665171359,0.2954132497544521,0.147,0.78605,TRAJECTORY_DEGRADATION
2018-02-01,1,0.2415569784706025,0.2415569784706025,0.0365,0.902725,NONE
2018-06-01,0,0.0875839215392107,0.09013409911748116,0.109,0.79285,TRAJECTORY_DEGRADATION
2018-10-01,0,0.23744590186176381,0.23744590186176381,0.0805,0.809325,NONE
2018-08-01,1,0.25997216009591956,0.26549256954703027,0.107,0.79355,TRAJECTORY_DEGRADATION
2018-06-01,0,0.06646825577699077,0.06844973363580138,0.109,0.79285,TRAJECTORY_DEGRADATION
2018-12-01,0,0.2645721547102968,0.2971119933700813,0.1955,0.7170749999999999,TRANSITIONAL
2018-09-01,0,0.02581862568024636,0.026160360414839323,0.097,0.79705,TRAJECTORY_DEGRADATION
2018-01-01,0,0.13239133972908743,0.13239133972908743,0.039,0.89535,NONE
2018-03-01,0,0.021160542549633933,0.02195137954865191,0.113,0.84345,TRAJECTORY_DEGRADATION
2018-09-01,0,0.11675226030765387,0.1181516148933069,0.097,0.79705,TRAJECTORY_DEGRADATION
2018-02-01,0,0.09373699356652576,0.09373699356652576,0.0365,0.902725,NONE
2018-05-01,0,0.09292968484850707,0.10066324254667794,0.147,0.78605,TRAJECTORY_DEGRADATION
2018-01-01,0,0.39298377961147807,0.39298377961147807,0.039,0.89535,NONE
2018-05-01,0,0.19146133323684345,0.20553662739643974,0.147,0.78605,TRAJECTORY_DEGRADATION
2018-06-01,0,0.20858731002905395,0.21383502480208075,0.109,0.79285,TRAJECTORY_DEGRADATION
2018-09-01,1,0.24354574316446653,0.24604146717895067,0.097,0.79705,TRAJECTORY_DEGRADATION
2018-03-01,0,0.3006850430771275,0.30862874393428763,0.113,0.84345,TRAJECTORY_DEGRADATION
2018-11-01,0,0.031168268342707087,0.03914915281698287,0.2455,0.732075,MIXED
2018-04-01,1,0.34093147549443276,0.36056885543196254,0.1455,0.825575,MIXED
2018-04-01,0,0.10176049378584112,0.10991938621156372,0.1455,0.825575,MIXED
2018-01-01,0,0.09450701714979805,0.09450701714979805,0.039,0.89535,NONE
2018-08-01,0,0.05745673647489088,0.05901977508343582,0.107,0.79355,TRAJECTORY_DEGRADATION
2018-01-01,0,0.17867515182693,0.17867515182693,0.039,0.89535,NONE
2018-03-01,0,0.20155627047993083,0.2076587776836074,0.113,0.84345,TRAJECTORY_DEGRADATION
2018-08-01,0,0.1376712278881497,0.1410897565268693,0.107,0.79355,TRAJECTORY_DEGRADATION
2018-01-01,0,0.21097120282730172,0.21097120282730172,0.039,0.89535,NONE
2018-07-01,0,0.15809519432534563,0.1607080030288123,0.101,0.79565,TRAJECTORY_DEGRADATION
2018-10-01,0,0.03906903236431739,0.03906903236431739,0.0805,0.809325,NONE
2018-01-01,1,0.2762210924153288,0.2762210924153287,0.039,0.89535,NONE
2018-03-01,0,0.14832947568757754,0.15312950841020517,0.113,0.84345,TRAJECTORY_DEGRADATION
2018-01-01,0,0.1891003447403266,0.18910034474032658,0.039,0.89535,NONE
2018-08-01,0,0.03835869476659214,0.03942392587420436,0.107,0.79355,TRAJECTORY_DEGRADATION
2018-02-01,1,0.29352354959177757,0.29352354959177757,0.0365,0.902725,NONE
2018-09-01,0,0.3763279365193253,0.3795017076395843,0.097,0.79705,TRAJECTORY_DEGRADATION
2018-01-01,1,0.2285040773173293,0.2285040773173293,0.039,0.89535,NONE
2018-04-01,1,0.2547033844769668,0.27141948324592585,0.1455,0.825575,MIXED
2018-02-01,0,0.11132592580733194,0.11132592580733194,0.0365,0.902725,NONE
2018-04-01,0,0.1743034110822054,0.1870673035547671,0.1455,0.825575,MIXED
2018-04-01,1,0.6992708518905665,0.7170911366188023,0.1455,0.825575,MIXED
2018-04-01,0,0.4036460109124399,0.4245686676395916,0.1455,0.825575,MIXED
2018-06-01,0,0.3905377084265717,0.398060592973859,0.109,0.79285,TRAJECTORY_DEGRADATION
2018-06-01,0,0.07762206813347307,0.07990758960240013,0.109,0.79285,TRAJECTORY_DEGRADATION
2018-10-01,0,0.06959060883590368,0.06959060883590368,0.0805,0.809325,NONE
2018-03-01,0,0.15906966037299491,0.16415026383063624,0.113,0.84345,TRAJECTORY_DEGRADATION
2018-03-01,0,0.39773189914561075,0.4067482169674282,0.113,0.84345,TRAJECTORY_DEGRADATION
2018-01-01,0,0.32637849356343135,0.32637849356343135,0.039,0.89535,NONE
2018-04-01,0,0.16259599425533175,0.17468394810482643,0.1455,0.825575,MIXED
2018-01-01,0,0.16877246682026442,0.16877246682026442,0.039,0.89535,NONE
2018-04-01,0,0.2280935035343252,0.24363409413384154,0.1455,0.825575,MIXED
2018-03-01,0,0.17051867173722146,0.17588846628035018,0.113,0.84345,TRAJECTORY_DEGRADATION
2018-09-01,0,0.10775636407217434,0.10906121034913033,0.097,0.79705,TRAJECTORY_DEGRADATION
2018-07-01,0,0.05746419758727048,0.058529517190310916,0.101,0.79565,TRAJECTORY_DEGRADATION
2018-06-01,1,0.460234827294367,0.468069182866378,0.109,0.79285,TRAJECTORY_DEGRADATION
2018-01-01,0,0.2953522646115575,0.2953522646115575,0.039,0.89535,NONE
2018-11-01,0,0.411861266483058,0.4700293966997567,0.2455,0.732075,MIXED
2018-05-01,0,0.3434423839563091,0.3636652205332711,0.147,0.78605,TRAJECTORY_DEGRADATION
2018-08-01,0,0.13141780765522046,0.1347053133157995,0.107,0.79355,TRAJECTORY_DEGRADATION
2018-12-01,0,0.19132677168907983,0.21752263145959827,0.1955,0.7170749999999999,TRANSITIONAL
2018-07-01,0,0.2066977284138823,0.20991350748390614,0.101,0.79565,TRAJECTORY_DEGRADATION
2018-04-01,0,0.07539332947737437,0.08163029197042938,0.1455,0.825575,MIXED
2018-05-01,0,0.13167623486168728,0.14212901702416086,0.147,0.78605,TRAJECTORY_DEGRADATION
2018-01-01,0,0.07371315319037605,0.07371315319037605,0.039,0.89535,NONE
2018-07-01,1,0.34833005397508193,0.352769469593291,0.101,0.79565,TRAJECTORY_DEGRADATION
2018-02-01,0,0.22816758126122594,0.22816758126122594,0.0365,0.902725,NONE
2018-02-01,0,0.05806994149806579,0.05806994149806579,0.0365,0.902725,NONE
2018-02-01,1,0.523140537964689,0.523140537964689,0.0365,0.902725,NONE
2018-08-01,0,0.12112768932852448,0.12419458718487678,0.107,0.79355,TRAJECTORY_DEGRADATION
2018-04-01,0,0.26036591239768475,0.2773153622793949,0.1455,0.825575,MIXED
2018-01-01,0,0.07383958609462049,0.07383958609462049,0.039,0.89535,NONE
2018-11-01,0,0.20315434132610038,0.24407898432791472,0.2455,0.732075,MIXED
2018-09-01,0,0.05437640040585712,0.05507475574955956,0.097,0.79705,TRAJECTORY_DEGRADATION
2018-07-01,0,0.41440001743907157,0.4191398955863448,0.101,0.79565,TRAJECTORY_DEGRADATION
2018-01-01,0,0.20535609478816172,0.20535609478816172,0.039,0.89535,NONE
2018-02-01,1,0.3505654684737014,0.35056546847370146,0.0365,0.902725,NONE
2018-06-01,0,0.10656097109324945,0.10959733115056532,0.109,0.79285,TRAJECTORY_DEGRADATION
2018-01-01,0,0.2010685727369278,0.2010685727369278,0.039,0.89535,NONE
2018-07-01,0,0.05802461261745422,0.059099670217756715,0.101,0.79565,TRAJECTORY_DEGRADATION
2018-01-01,0,0.3056596314197973,0.3056596314197973,0.039,0.89535,NONE
2018-05-01,0,0.15062637678655555,0.16230229055981651,0.147,0.78605,TRAJECTORY_DEGRADATION
2018-04-01,0,0.031935508652501055,0.03471236389516731,0.1455,0.825575,MIXED
2018-08-01,0,0.06756564840686244,0.06938344371438297,0.107,0.79355,TRAJECTORY_DEGRADATION
2018-07-01,0,0.07415023301627854,0.07550011327420644,0.101,0.79565,TRAJECTORY_DEGRADATION
2018-03-01,0,0.1323878894052158,0.13675487869669334,0.113,0.84345,TRAJECTORY_DEGRADATION
2018-01-01,0,0.038801070929309,0.038801070929309,0.039,0.89535,NONE
2018-01-01,0,0.19599184845464615,0.19599184845464612,0.039,0.89535,NONE
2018-03-01,0,0.13003496110991955,0.134336353355396,0.113,0.84345,TRAJECTORY_DEGRADATION
2018-05-01,0,0.29857849772160133,0.31743685608357847,0.147,0.78605,TRAJECTORY_DEGRADATION
2018-05-01,1,0.5850376781157004,0.6063484101471144,0.147,0.78605,TRAJECTORY_DEGRADATION
2018-03-01,0,0.03571617708733473,0.03703042491963022,0.113,0.84345,TRAJECTORY_DEGRADATION
2018-01-01,1,0.05092375004249923,0.05092375004249923,0.039,0.89535,NONE
2018-06-01,1,0.3916000042784896,0.3991299507999291,0.109,0.79285,TRAJECTORY_DEGRADATION
2018-02-01,0,0.49180480640083796,0.49180480640083796,0.0365,0.902725,NONE
2018-06-01,0,0.13485712100394318,0.1385746995572612,0.109,0.79285,TRAJECTORY_DEGRADATION
2018-01-01,0,0.2235338456824615,0.2235338456824615,0.039,0.89535,NONE
2018-11-01,0,0.1410067817260527,0.1721161908506735,0.2455,0.732075,MIXED
2018-01-01,0,0.48041436211698835,0.48041436211698835,0.039,0.89535,NONE
2018-01-01,0,0.06938848628626361,0.06938848628626361,0.039,0.89535,NONE
2018-01-01,0,0.06313384346990313,0.06313384346990313,0.039,0.89535,NONE
2018-01-01,0,0.10984336872315972,0.10984336872315972,0.039,0.89535,NONE
2018-06-01,1,0.33266497942334217,0.3396944189485037,0.109,0.79285,TRAJECTORY_DEGRADATION
2018-03-01,1,0.5462664772468151,0.555544021577176,0.113,0.84345,TRAJECTORY_DEGRADATION
2018-07-01,0,0.04204817709747691,0.04284069168210999,0.101,0.79565,TRAJECTORY_DEGRADATION
2018-12-01,0,0.18162527109111012,0.20683256800716848,0.1955,0.7170749999999999,TRANSITIONAL
2018-01-01,0,0.13246728853019515,0.13246728853019515,0.039,0.89535,NONE
2018-04-01,1,0.09096361586707868,0.0983516276232755,0.1455,0.825575,MIXED
2018-11-01,0,0.09166898315706104,0.11332941387234062,0.2455,0.732075,MIXED
2018-01-01,0,0.09892663339940844,0.09892663339940844,0.039,0.89535,NONE
2018-02-01,1,0.3676146184679083,0.3676146184679083,0.0365,0.902725,NONE
2018-11-01,0,0.32174936768438533,0.37531215062802886,0.2455,0.732075,MIXED
2018-03-01,1,0.02710390183153712,0.02811048218537394,0.113,0.84345,TRAJECTORY_DEGRADATION
2018-02-01,0,0.017537792120867982,0.017537792120867982,0.0365,0.902725,NONE
2018-11-01,0,0.16941245522746567,0.20529108068686702,0.2455,0.732075,MIXED
2018-08-01,0,0.14078107200985376,0.14426390279358867,0.107,0.79355,TRAJECTORY_DEGRADATION
2018-02-01,0,0.05577805104424616,0.05577805104424616,0.0365,0.902725,NONE
2018-02-01,0,0.08428682430933435,0.08428682430933435,0.0365,0.902725,NONE
2018-08-01,0,0.23210283432971154,0.23722115320292397,0.107,0.79355,TRAJECTORY_DEGRADATION
2018-09-01,1,0.11407697357776808,0.11544845424771573,0.097,0.79705,TRAJECTORY_DEGRADATION
2018-03-01,1,0.29124219404304713,0.2990431053796928,0.113,0.84345,TRAJECTORY_DEGRADATION
2018-01-01,0,0.158067669675991,0.158067669675991,0.039,0.89535,NONE
2018-03-01,0,0.4150871624533188,0.4242197905254355,0.113,0.84345,TRAJECTORY_DEGRADATION
2018-08-01,0,0.4799713421776322,0.4870884903362304,0.107,0.79355,TRAJECTORY_DEGRADATION
2018-05-01,0,0.02295246516521964,0.025023207853700453,0.147,0.78605,TRAJECTORY_DEGRADATION
2018-09-01,0,0.2519315348397806,0.2544842825227445,0.097,0.79705,TRAJECTORY_DEGRADATION
2018-09-01,0,0.2409283551836238,0.2434058880647123,0.097,0.79705,TRAJECTORY_DEGRADATION
2018-05-01,0,0.15848911033905422,0.17065205475713258,0.147,0.78605,TRAJECTORY_DEGRADATION
2018-03-01,0,0.10189220459388607,0.1053754294964246,0.113,0.84345,TRAJECTORY_DEGRADATION
2018-09-01,0,0.1841947432354221,0.18623200292574724,0.097,0.79705,TRAJECTORY_DEGRADATION
2018-08-01,0,0.22077164577552158,0.2257135373858198,0.107,0.79355,TRAJECTORY_DEGRADATION
2018-05-01,0,0.04354744031099229,0.04738612162346572,0.147,0.78605,TRAJECTORY_DEGRADATION
2018-04-01,1,0.3584768163721141,0.37854434438641144,0.1455,0.825575,MIXED
2018-08-01,0,0.05785522393602924,0.05942841940074283,0.107,0.79355,TRAJECTORY_DEGRADATION
2018-01-01,1,0.31107063113409283,0.31107063113409283,0.039,0.89535,NONE
2018-05-01,0,0.056066619487328793,0.06093854798952917,0.147,0.78605,TRAJECTORY_DEGRADATION
2018-04-01,0,0.21433869502432368,0.22922042564073886,0.1455,0.825575,MIXED
2018-04-01,0,0.10344111162596961,0.11171799248239805,0.1455,0.825575,MIXED
2018-03-01,0,0.4235616208772453,0.43274275618686686,0.113,0.84345,TRAJECTORY_DEGRADATION
2018-03-01,0,0.08476401593813396,0.08771889655749973,0.113,0.84345,TRAJECTORY_DEGRADATION
2018-01-01,0,0.1711391540114852,0.1711391540114852,0.039,0.89535,NONE
2018-12-01,0,0.05350003565179853,0.06227839032600056,0.1955,0.7170749999999999,TRANSITIONAL
2018-11-01,0,0.3110850568285862,0.36382482770904107,0.2455,0.732075,MIXED
2018-05-01,0,0.024378154539675474,0.026574022789135763,0.147,0.78605,TRAJECTORY_DEGRADATION
2018-01-01,1,0.1270878375615812,0.12708783756158118,0.039,0.89535,NONE
2018-07-01,0,0.2050699901902986,0.20826709349768707,0.101,0.79565,TRAJECTORY_DEGRADATION
2018-07-01,0,0.3790588924711273,0.3836593745945747,0.101,0.79565,TRAJECTORY_DEGRADATION
2018-04-01,1,0.19617866365761044,0.21013676448011492,0.1455,0.825575,MIXED
2018-10-01,1,0.06704239125331164,0.06704239125331164,0.0805,0.809325,NONE
2018-02-01,0,0.05239459422838132,0.05239459422838132,0.0365,0.902725,NONE
2018-03-01,0,0.04506737829514601,0.046709054481738184,0.113,0.84345,TRAJECTORY_DEGRADATION
2018-04-01,0,0.08322256835395876,0.09004413462309743,0.1455,0.825575,MIXED
2018-04-01,0,0.057309546705713324,0.06215107548064645,0.1455,0.825575,MIXED
2018-01-01,0,0.3803056490668034,0.3803056490668034,0.039,0.89535,NONE
2018-02-01,0,0.06791853466930389,0.06791853466930389,0.0365,0.902725,NONE
2018-04-01,0,0.07344819007827376,0.079538081966978,0.1455,0.825575,MIXED
2018-01-01,0,0.07278241871183452,0.07278241871183452,0.039,0.89535,NONE
2018-05-01,0,0.04809150510037869,0.052308836428188746,0.147,0.78605,TRAJECTORY_DEGRADATION
2018-09-01,0,0.04145436452613394,0.04199413234134514,0.097,0.79705,TRAJECTORY_DEGRADATION
2018-07-01,0,0.020758693200710283,0.021158811219370105,0.101,0.79565,TRAJECTORY_DEGRADATION
2018-01-01,1,0.22022627758592356,0.22022627758592356,0.039,0.89535,NONE
2018-02-01,0,0.09405960186829161,0.09405960186829161,0.0365,0.902725,NONE
2018-02-01,1,0.32861245049516025,0.32861245049516025,0.0365,0.902725,NONE
2018-03-01,0,0.11419635567636291,0.11804491732623432,0.113,0.84345,TRAJECTORY_DEGRADATION
2018-01-01,0,0.0650008389867866,0.0650008389867866,0.039,0.89535,NONE
2018-01-01,1,0.042863245296150966,0.042863245296150966,0.039,0.89535,NONE
2018-12-01,0,0.1191156884852921,0.13710084156685162,0.1955,0.7170749999999999,TRANSITIONAL
2018-02-01,0,0.29100023475292197,0.29100023475292197,0.0365,0.902725,NONE
2018-04-01,0,0.0259241722172809,0.02819355279185733,0.1455,0.825575,MIXED
2018-01-01,1,0.46471966126336184,0.46471966126336184,0.039,0.89535,NONE
2018-10-01,0,0.1675287497645056,0.1675287497645056,0.0805,0.809325,NONE
2018-03-01,0,0.09451009316482638,0.09776842976467175,0.113,0.84345,TRAJECTORY_DEGRADATION
2018-01-01,1,0.46768615269965585,0.46768615269965585,0.039,0.89535,NONE
2018-07-01,0,0.10238139677353274,0.10418738156738075,0.101,0.79565,TRAJECTORY_DEGRADATION
2018-05-01,0,0.18159801107505566,0.19512319014878798,0.147,0.78605,TRAJECTORY_DEGRADATION
2018-03-01,0,0.15945782926918542,0.1645484046897824,0.113,0.84345,TRAJECTORY_DEGRADATION
2018-01-01,0,0.1200454550490222,0.12004545504902218,0.039,0.89535,NONE
2018-11-01,0,0.12365502486446212,0.15161190518597986,0.2455,0.732075,MIXED
2018-02-01,0,0.22480274039691953,0.22480274039691953,0.0365,0.902725,NONE
2018-09-01,0,0.05476205539226672,0.05546507318407115,0.097,0.79705,TRAJECTORY_DEGRADATION
2018-07-01,0,0.21186922775641887,0.21514364430497654,0.101,0.79565,TRAJECTORY_DEGRADATION
2018-05-01,0,0.3248788020314905,0.3445822440097371,0.147,0.78605,TRAJECTORY_DEGRADATION
2018-01-01,0,0.20353478900677766,0.20353478900677766,0.039,0.89535,NONE
2018-04-01,0,0.16194443706201506,0.17399401643467974,0.1455,0.825575,MIXED
2018-03-01,0,0.0545631510518088,0.056530254307608344,0.113,0.84345,TRAJECTORY_DEGRADATION
2018-04-01,1,0.16784618446883828,0.18024044497106143,0.1455,0.825575,MIXED
2018-06-01,0,0.29389545433090436,0.3004745324987689,0.109,0.79285,TRAJECTORY_DEGRADATION
2018-10-01,0,0.0244101217229175,0.0244101217229175,0.0805,0.809325,NONE
2018-09-01,0,0.13161879588785194,0.1331694704626766,0.097,0.79705,TRAJECTORY_DEGRADATION
2018-02-01,0,0.2150072809722002,0.2150072809722002,0.0365,0.902725,NONE
2018-05-01,0,0.2385072213987657,0.254950528409477,0.147,0.78605,TRAJECTORY_DEGRADATION
2018-03-01,0,0.5040540045854863,0.5134258652768239,0.113,0.84345,TRAJECTORY_DEGRADATION
2018-11-01,0,0.334579552468572,0.38905305104539056,0.2455,0.732075,MIXED
2018-07-01,0,0.30798538405047554,0.31215691381393446,0.101,0.79565,TRAJECTORY_DEGRADATION
2018-04-01,0,0.12084785183693285,0.13031509487775714,0.1455,0.825575,MIXED
2018-04-01,0,0.4499750804799699,0.4714009047226777,0.1455,0.825575,MIXED
2018-12-01,0,0.12966329887358846,0.1489716949723009,0.1955,0.7170749999999999,TRANSITIONAL
2018-06-01,0,0.15843724494345302,0.16268261971708814,0.109,0.79285,TRAJECTORY_DEGRADATION
2018-07-01,0,0.07183441204671374,0.07314546424924045,0.101,0.79565,TRAJECTORY_DEGRADATION
2018-10-01,0,0.0532559993579614,0.0532559993579614,0.0805,0.809325,NONE
2018-03-01,0,0.04581099488063521,0.04747841211742907,0.113,0.84345,TRAJECTORY_DEGRADATION
2018-03-01,0,0.07524479572708707,0.07789607863678925,0.113,0.84345,TRAJECTORY_DEGRADATION
2018-05-01,0,0.1891815579122804,0.2031313602819351,0.147,0.78605,TRAJECTORY_DEGRADATION
2018-05-01,0,0.11815775641483847,0.12769522254268034,0.147,0.78605,TRAJECTORY_DEGRADATION
2018-12-01,0,0.16095900519994752,0.1839427625528753,0.1955,0.7170749999999999,TRANSITIONAL
2018-01-01,0,0.22115823590693157,0.22115823590693157,0.039,0.89535,NONE
2018-07-01,0,0.1600460373866935,0.16268485719039272,0.101,0.79565,TRAJECTORY_DEGRADATION
2018-02-01,1,0.4608983920053792,0.4608983920053792,0.0365,0.902725,NONE
